2025-03-28 16:31:24,540 - ERROR - 请求失败 (尝试 1/3): HTTPSConnectionPool(host='image.huyajs.com', port=443): Read timed out. (read timeout=10)
2025-03-28 16:32:24,567 - ERROR - 请求失败 (尝试 1/3): HTTPSConnectionPool(host='image.huyajs.com', port=443): Read timed out. (read timeout=10)
2025-03-28 16:33:04,176 - ERROR - 请求失败 (尝试 1/3): HTTPSConnectionPool(host='image.huyajs.com', port=443): Read timed out. (read timeout=10)
2025-03-28 16:33:55,681 - ERROR - 请求失败 (尝试 1/3): HTTPSConnectionPool(host='image.huyajs.com', port=443): Read timed out. (read timeout=10)
2025-03-28 16:35:23,251 - ERROR - 请求失败 (尝试 1/3): HTTPSConnectionPool(host='image.huyajs.com', port=443): Read timed out.
2025-03-28 16:36:20,901 - ERROR - 请求失败 (尝试 1/3): HTTPSConnectionPool(host='image.huyajs.com', port=443): Read timed out. (read timeout=10)
2025-03-28 16:36:40,282 - ERROR - 请求失败 (尝试 1/3): HTTPSConnectionPool(host='image.huyajs.com', port=443): Read timed out. (read timeout=10)
2025-03-28 16:36:59,414 - ERROR - 请求失败 (尝试 1/3): HTTPSConnectionPool(host='image.huyajs.com', port=443): Read timed out. (read timeout=10)
2025-03-28 16:37:21,193 - ERROR - 请求失败 (尝试 1/3): HTTPSConnectionPool(host='image.huyajs.com', port=443): Read timed out. (read timeout=10)
2025-03-28 16:37:42,648 - ERROR - 请求失败 (尝试 1/3): HTTPSConnectionPool(host='image.huyajs.com', port=443): Read timed out.
2025-03-28 16:39:08,030 - ERROR - 请求失败 (尝试 1/3): HTTPSConnectionPool(host='image.huyajs.com', port=443): Read timed out.
2025-04-20 16:29:55,109 - ERROR - 请求失败 (尝试 1/3): HTTPSConnectionPool(host='huyazy.com', port=443): Max retries exceeded with url: /index.php/vod/detail/id/75671.html?ac=detail (Caused by ConnectTimeoutError(<urllib3.connection.HTTPSConnection object at 0x7fc5373460d0>, 'Connection to huyazy.com timed out. (connect timeout=10)'))
2025-04-20 16:30:10,123 - ERROR - 请求失败 (尝试 2/3): HTTPSConnectionPool(host='huyazy.com', port=443): Max retries exceeded with url: /index.php/vod/detail/id/75671.html?ac=detail (Caused by ConnectTimeoutError(<urllib3.connection.HTTPSConnection object at 0x7fc537347750>, 'Connection to huyazy.com timed out. (connect timeout=10)'))
2025-04-23 16:34:46,156 - ERROR - 请求失败 (尝试 1/3): HTTPSConnectionPool(host='huyazy.com', port=443): Read timed out. (read timeout=10)
2025-05-08 16:37:34,394 - ERROR - 请求失败 (尝试 1/3): HTTPSConnectionPool(host='huyazy.com', port=443): Max retries exceeded with url: /index.php/vod/detail/id/75803.html?ac=detail (Caused by ConnectTimeoutError(<urllib3.connection.HTTPSConnection object at 0x7fface876fd0>, 'Connection to huyazy.com timed out. (connect timeout=10)'))
2025-05-08 16:37:49,541 - ERROR - 请求失败 (尝试 2/3): HTTPSConnectionPool(host='huyazy.com', port=443): Read timed out. (read timeout=10)
2025-05-11 16:28:56,753 - ERROR - 请求失败 (尝试 1/3): HTTPSConnectionPool(host='huyazy.com', port=443): Read timed out. (read timeout=10)
2025-05-11 16:29:24,554 - ERROR - 请求失败 (尝试 1/3): HTTPSConnectionPool(host='huyazy.com', port=443): Read timed out. (read timeout=10)
2025-05-18 16:30:29,313 - ERROR - 请求失败 (尝试 1/3): HTTPSConnectionPool(host='image.huyajs.com', port=443): Read timed out. (read timeout=10)
2025-05-18 16:30:52,230 - ERROR - 请求失败 (尝试 1/3): HTTPSConnectionPool(host='image.huyajs.com', port=443): Read timed out. (read timeout=10)
2025-05-18 16:31:07,244 - ERROR - 请求失败 (尝试 2/3): HTTPSConnectionPool(host='image.huyajs.com', port=443): Max retries exceeded with url: /cover/d4e238509268feb6bacff616f13ab2d7.jpg (Caused by ConnectTimeoutError(<urllib3.connection.HTTPSConnection object at 0x7f55c70ce350>, 'Connection to image.huyajs.com timed out. (connect timeout=10)'))
2025-05-18 16:31:33,635 - ERROR - 请求失败 (尝试 1/3): HTTPSConnectionPool(host='image.huyajs.com', port=443): Max retries exceeded with url: /cover/b12301894a7e97052f5ca7f12cf56b64.jpg (Caused by ConnectTimeoutError(<urllib3.connection.HTTPSConnection object at 0x7f55c70ce490>, 'Connection to image.huyajs.com timed out. (connect timeout=10)'))
2025-05-18 16:32:55,832 - ERROR - 请求失败 (尝试 1/3): HTTPSConnectionPool(host='image.huyajs.com', port=443): Read timed out. (read timeout=10)
2025-05-18 16:33:15,887 - ERROR - 请求失败 (尝试 2/3): HTTPSConnectionPool(host='image.huyajs.com', port=443): Read timed out. (read timeout=10)
2025-05-18 16:34:51,475 - ERROR - 请求失败 (尝试 1/3): HTTPSConnectionPool(host='image.huyajs.com', port=443): Read timed out. (read timeout=10)
2025-05-18 16:35:17,408 - ERROR - 请求失败 (尝试 1/3): HTTPSConnectionPool(host='image.huyajs.com', port=443): Max retries exceeded with url: /cover/0555ec339825d0d6a2358bacd80075a1.jpg (Caused by ConnectTimeoutError(<urllib3.connection.HTTPSConnection object at 0x7f55c70cf890>, 'Connection to image.huyajs.com timed out. (connect timeout=10)'))
2025-05-18 16:37:02,193 - ERROR - 请求失败 (尝试 1/3): HTTPSConnectionPool(host='image.huyajs.com', port=443): Max retries exceeded with url: /cover/be27ac294701d4ef90eaa8be7e5eff65.jpg (Caused by ConnectTimeoutError(<urllib3.connection.HTTPSConnection object at 0x7f55c70ce350>, 'Connection to image.huyajs.com timed out. (connect timeout=10)'))
2025-05-18 16:37:39,940 - ERROR - 请求失败 (尝试 1/3): HTTPSConnectionPool(host='image.huyajs.com', port=443): Max retries exceeded with url: /cover/82dbf0e1f43223ffc175e63f2b2c3aa2.jpg (Caused by ConnectTimeoutError(<urllib3.connection.HTTPSConnection object at 0x7f55c70cefd0>, 'Connection to image.huyajs.com timed out. (connect timeout=10)'))
2025-05-18 16:37:54,949 - ERROR - 请求失败 (尝试 2/3): HTTPSConnectionPool(host='image.huyajs.com', port=443): Max retries exceeded with url: /cover/82dbf0e1f43223ffc175e63f2b2c3aa2.jpg (Caused by ConnectTimeoutError(<urllib3.connection.HTTPSConnection object at 0x7f55c70ce710>, 'Connection to image.huyajs.com timed out. (connect timeout=10)'))
2025-05-18 16:38:10,170 - ERROR - 请求失败 (尝试 3/3): HTTPSConnectionPool(host='image.huyajs.com', port=443): Max retries exceeded with url: /cover/82dbf0e1f43223ffc175e63f2b2c3aa2.jpg (Caused by ConnectTimeoutError(<urllib3.connection.HTTPSConnection object at 0x7f55c70ce490>, 'Connection to image.huyajs.com timed out. (connect timeout=10)'))
2025-05-18 16:38:10,170 - ERROR - 封面图片下载失败: 封面图片下载失败
2025-05-18 16:39:53,477 - ERROR - 请求失败 (尝试 1/3): HTTPSConnectionPool(host='huyazy.com', port=443): Read timed out. (read timeout=10)
2025-05-18 16:40:20,387 - ERROR - 请求失败 (尝试 1/3): HTTPSConnectionPool(host='image.huyajs.com', port=443): Read timed out.
2025-05-18 16:41:04,366 - ERROR - 请求失败 (尝试 1/3): HTTPSConnectionPool(host='image.huyajs.com', port=443): Read timed out.
2025-05-18 16:41:52,814 - ERROR - 请求失败 (尝试 1/3): HTTPSConnectionPool(host='huyazy.com', port=443): Read timed out. (read timeout=10)
2025-05-18 16:42:17,402 - ERROR - 请求失败 (尝试 1/3): HTTPSConnectionPool(host='huyazy.com', port=443): Max retries exceeded with url: /index.php/vod/detail/id/74315.html?ac=detail (Caused by ConnectTimeoutError(<urllib3.connection.HTTPSConnection object at 0x7f55c70cf9d0>, 'Connection to huyazy.com timed out. (connect timeout=10)'))
2025-05-18 16:42:47,326 - ERROR - 请求失败 (尝试 1/3): HTTPSConnectionPool(host='image.huyajs.com', port=443): Read timed out.
2025-06-12 16:38:12,979 - ERROR - 请求失败 (尝试 1/3): HTTPSConnectionPool(host='image.huyajs.com', port=443): Read timed out. (read timeout=10)
2025-06-15 16:31:37,778 - ERROR - 请求失败 (尝试 1/3): HTTPSConnectionPool(host='image.huyajs.com', port=443): Read timed out. (read timeout=10)
2025-06-15 16:35:47,030 - ERROR - 请求失败 (尝试 1/3): HTTPSConnectionPool(host='huyazy.com', port=443): Read timed out. (read timeout=10)
2025-06-18 16:38:40,578 - ERROR - 请求失败 (尝试 1/3): HTTPSConnectionPool(host='image.huyajs.com', port=443): Max retries exceeded with url: /cover/8c7de93e37eacfb6620c90be6c5c7e6c.jpg (Caused by ConnectTimeoutError(<urllib3.connection.HTTPSConnection object at 0x7f315b0a6710>, 'Connection to image.huyajs.com timed out. (connect timeout=10)'))
2025-06-18 16:39:20,779 - ERROR - 请求失败 (尝试 1/3): HTTPSConnectionPool(host='image.huyajs.com', port=443): Read timed out. (read timeout=10)
2025-06-26 16:38:40,850 - ERROR - 请求失败 (尝试 1/3): HTTPSConnectionPool(host='huyazy.com', port=443): Read timed out. (read timeout=10)
2025-06-26 16:38:56,108 - ERROR - 请求失败 (尝试 2/3): HTTPSConnectionPool(host='huyazy.com', port=443): Read timed out. (read timeout=10)
2025-06-26 16:39:11,373 - ERROR - 请求失败 (尝试 3/3): HTTPSConnectionPool(host='huyazy.com', port=443): Read timed out. (read timeout=10)
2025-06-26 16:39:11,373 - ERROR - 未找到 M3U8 链接: https://huyazy.com/index.php/vod/detail/id/77593.html?ac=detail
2025-06-26 16:39:24,016 - ERROR - 请求失败 (尝试 1/3): HTTPSConnectionPool(host='huyazy.com', port=443): Read timed out. (read timeout=10)
2025-06-27 16:35:41,036 - ERROR - 请求失败 (尝试 1/3): HTTPSConnectionPool(host='image.huyajs.com', port=443): Read timed out. (read timeout=10)
2025-06-29 16:37:10,945 - ERROR - 请求失败 (尝试 1/3): HTTPSConnectionPool(host='image.huyajs.com', port=443): Max retries exceeded with url: /cover/f131cf88305aca943f3052bab0c56ffe.jpg (Caused by ConnectTimeoutError(<urllib3.connection.HTTPSConnection object at 0x7fb9b16674d0>, 'Connection to image.huyajs.com timed out. (connect timeout=10)'))
2025-07-09 16:38:17,192 - ERROR - 请求失败 (尝试 1/3): HTTPSConnectionPool(host='image.huyajs.com', port=443): Read timed out. (read timeout=10)
2025-07-30 16:35:23,300 - ERROR - 请求失败 (尝试 1/3): 500 Server Error: Internal Server Error for url: https://huyazy.com/index.php/vod/detail/id/80494.html?ac=detail
2025-08-01 16:36:33,297 - ERROR - 请求失败 (尝试 1/3): HTTPSConnectionPool(host='huyazy.com', port=443): Read timed out. (read timeout=10)
2025-08-01 16:36:48,776 - ERROR - 请求失败 (尝试 2/3): HTTPSConnectionPool(host='huyazy.com', port=443): Max retries exceeded with url: /index.php/vod/detail/id/81657.html?ac=detail (Caused by ConnectTimeoutError(<urllib3.connection.HTTPSConnection object at 0x7ff6ce21e350>, 'Connection to huyazy.com timed out. (connect timeout=10)'))
2025-08-01 16:37:11,899 - ERROR - 请求失败 (尝试 1/3): HTTPSConnectionPool(host='huyazy.com', port=443): Read timed out. (read timeout=10)
2025-08-01 16:37:27,144 - ERROR - 请求失败 (尝试 2/3): HTTPSConnectionPool(host='huyazy.com', port=443): Max retries exceeded with url: /index.php/vod/detail/id/81230.html?ac=detail (Caused by ConnectTimeoutError(<urllib3.connection.HTTPSConnection object at 0x7ff6ce21e990>, 'Connection to huyazy.com timed out. (connect timeout=10)'))
2025-08-03 16:33:23,643 - ERROR - 请求失败 (尝试 1/3): HTTPSConnectionPool(host='image.huyajs.com', port=443): Read timed out. (read timeout=10)
2025-08-03 16:38:21,223 - ERROR - 请求失败 (尝试 1/3): HTTPSConnectionPool(host='huyazy.com', port=443): Max retries exceeded with url: /index.php/vod/detail/id/78199.html?ac=detail (Caused by ConnectTimeoutError(<urllib3.connection.HTTPSConnection object at 0x7f21c09ba350>, 'Connection to huyazy.com timed out. (connect timeout=10)'))
2025-08-03 16:40:59,384 - ERROR - 请求失败 (尝试 1/3): HTTPSConnectionPool(host='image.huyajs.com', port=443): Max retries exceeded with url: /cover/cb014c7d4a37d5f868a429643dbef298.jpg (Caused by ConnectTimeoutError(<urllib3.connection.HTTPSConnection object at 0x7f21c09ba850>, 'Connection to image.huyajs.com timed out. (connect timeout=10)'))
2025-08-10 16:33:01,241 - ERROR - 请求失败 (尝试 1/3): HTTPSConnectionPool(host='image.huyajs.com', port=443): Read timed out. (read timeout=10)
2025-08-10 16:34:16,611 - ERROR - 请求失败 (尝试 1/3): HTTPSConnectionPool(host='huyazy.com', port=443): Read timed out. (read timeout=10)
2025-08-17 16:33:40,334 - ERROR - 解析失败: 'NoneType' object has no attribute 'find'
2025-08-17 16:33:40,335 - ERROR - 未找到 M3U8 链接: https://huyazy.com/index.php/vod/detail/id/82588.html?ac=detail
2025-09-10 16:36:28,629 - ERROR - 请求失败 (尝试 1/3): 500 Server Error: Internal Server Error for url: https://huyazy.com/index.php/vod/detail/id/81779.html?ac=detail
2025-09-21 16:28:09,608 - ERROR - 解析失败: 'NoneType' object has no attribute 'find'
2025-09-21 16:28:09,609 - ERROR - 未找到 M3U8 链接: https://huyazy.com/index.php/vod/detail/id/83729.html?ac=detail
2025-09-26 16:30:40,881 - ERROR - 请求失败 (尝试 1/3): 403 Client Error: Forbidden for url: https://huyazy.com/index.php/vod/type/id/20/page/1.html?ac=detail
2025-09-26 16:30:45,992 - ERROR - 请求失败 (尝试 2/3): 403 Client Error: Forbidden for url: https://huyazy.com/index.php/vod/type/id/20/page/1.html?ac=detail
2025-09-26 16:30:51,091 - ERROR - 请求失败 (尝试 3/3): 403 Client Error: Forbidden for url: https://huyazy.com/index.php/vod/type/id/20/page/1.html?ac=detail
2025-09-26 16:30:51,263 - ERROR - 请求失败 (尝试 1/3): 403 Client Error: Forbidden for url: https://huyazy.com/index.php/vod/type/id/20/page/2.html?ac=detail
2025-09-26 16:30:56,484 - ERROR - 请求失败 (尝试 2/3): 403 Client Error: Forbidden for url: https://huyazy.com/index.php/vod/type/id/20/page/2.html?ac=detail
2025-09-26 16:31:01,657 - ERROR - 请求失败 (尝试 3/3): 403 Client Error: Forbidden for url: https://huyazy.com/index.php/vod/type/id/20/page/2.html?ac=detail
2025-09-27 16:26:37,458 - ERROR - 请求失败 (尝试 1/3): 403 Client Error: Forbidden for url: https://huyazy.com/index.php/vod/type/id/20/page/1.html?ac=detail
2025-09-27 16:26:42,524 - ERROR - 请求失败 (尝试 2/3): 403 Client Error: Forbidden for url: https://huyazy.com/index.php/vod/type/id/20/page/1.html?ac=detail
2025-09-27 16:26:47,571 - ERROR - 请求失败 (尝试 3/3): 403 Client Error: Forbidden for url: https://huyazy.com/index.php/vod/type/id/20/page/1.html?ac=detail
2025-09-27 16:26:47,620 - ERROR - 请求失败 (尝试 1/3): 403 Client Error: Forbidden for url: https://huyazy.com/index.php/vod/type/id/20/page/2.html?ac=detail
2025-09-27 16:26:52,682 - ERROR - 请求失败 (尝试 2/3): 403 Client Error: Forbidden for url: https://huyazy.com/index.php/vod/type/id/20/page/2.html?ac=detail
2025-09-27 16:26:57,725 - ERROR - 请求失败 (尝试 3/3): 403 Client Error: Forbidden for url: https://huyazy.com/index.php/vod/type/id/20/page/2.html?ac=detail
2025-09-28 16:25:46,761 - ERROR - 请求失败 (尝试 1/3): 403 Client Error: Forbidden for url: https://huyazy.com/index.php/vod/type/id/20/page/1.html?ac=detail
2025-09-28 16:25:51,834 - ERROR - 请求失败 (尝试 2/3): 403 Client Error: Forbidden for url: https://huyazy.com/index.php/vod/type/id/20/page/1.html?ac=detail
2025-09-28 16:25:56,898 - ERROR - 请求失败 (尝试 3/3): 403 Client Error: Forbidden for url: https://huyazy.com/index.php/vod/type/id/20/page/1.html?ac=detail
2025-09-28 16:25:56,969 - ERROR - 请求失败 (尝试 1/3): 403 Client Error: Forbidden for url: https://huyazy.com/index.php/vod/type/id/20/page/2.html?ac=detail
2025-09-28 16:26:02,033 - ERROR - 请求失败 (尝试 2/3): 403 Client Error: Forbidden for url: https://huyazy.com/index.php/vod/type/id/20/page/2.html?ac=detail
2025-09-28 16:26:07,097 - ERROR - 请求失败 (尝试 3/3): 403 Client Error: Forbidden for url: https://huyazy.com/index.php/vod/type/id/20/page/2.html?ac=detail
2025-09-29 16:25:08,323 - ERROR - 请求失败 (尝试 1/3): 403 Client Error: Forbidden for url: https://huyazy.com/index.php/vod/type/id/20/page/1.html?ac=detail
2025-09-29 16:25:13,406 - ERROR - 请求失败 (尝试 2/3): 403 Client Error: Forbidden for url: https://huyazy.com/index.php/vod/type/id/20/page/1.html?ac=detail
2025-09-29 16:25:18,478 - ERROR - 请求失败 (尝试 3/3): 403 Client Error: Forbidden for url: https://huyazy.com/index.php/vod/type/id/20/page/1.html?ac=detail
2025-09-29 16:25:18,558 - ERROR - 请求失败 (尝试 1/3): 403 Client Error: Forbidden for url: https://huyazy.com/index.php/vod/type/id/20/page/2.html?ac=detail
2025-09-29 16:25:23,636 - ERROR - 请求失败 (尝试 2/3): 403 Client Error: Forbidden for url: https://huyazy.com/index.php/vod/type/id/20/page/2.html?ac=detail
2025-09-29 16:25:28,713 - ERROR - 请求失败 (尝试 3/3): 403 Client Error: Forbidden for url: https://huyazy.com/index.php/vod/type/id/20/page/2.html?ac=detail
2025-09-30 16:31:03,195 - ERROR - 请求失败 (尝试 1/3): 403 Client Error: Forbidden for url: https://huyazy.com/index.php/vod/type/id/20/page/1.html?ac=detail
2025-09-30 16:31:08,279 - ERROR - 请求失败 (尝试 2/3): 403 Client Error: Forbidden for url: https://huyazy.com/index.php/vod/type/id/20/page/1.html?ac=detail
2025-09-30 16:31:13,370 - ERROR - 请求失败 (尝试 3/3): 403 Client Error: Forbidden for url: https://huyazy.com/index.php/vod/type/id/20/page/1.html?ac=detail
2025-09-30 16:31:13,435 - ERROR - 请求失败 (尝试 1/3): 403 Client Error: Forbidden for url: https://huyazy.com/index.php/vod/type/id/20/page/2.html?ac=detail
2025-09-30 16:31:18,520 - ERROR - 请求失败 (尝试 2/3): 403 Client Error: Forbidden for url: https://huyazy.com/index.php/vod/type/id/20/page/2.html?ac=detail
2025-09-30 16:31:23,592 - ERROR - 请求失败 (尝试 3/3): 403 Client Error: Forbidden for url: https://huyazy.com/index.php/vod/type/id/20/page/2.html?ac=detail
2025-10-01 16:30:51,285 - ERROR - 请求失败 (尝试 1/3): 403 Client Error: Forbidden for url: https://huyazy.com/index.php/vod/type/id/20/page/1.html?ac=detail
2025-10-01 16:30:56,352 - ERROR - 请求失败 (尝试 2/3): 403 Client Error: Forbidden for url: https://huyazy.com/index.php/vod/type/id/20/page/1.html?ac=detail
2025-10-01 16:31:01,422 - ERROR - 请求失败 (尝试 3/3): 403 Client Error: Forbidden for url: https://huyazy.com/index.php/vod/type/id/20/page/1.html?ac=detail
2025-10-01 16:31:01,482 - ERROR - 请求失败 (尝试 1/3): 403 Client Error: Forbidden for url: https://huyazy.com/index.php/vod/type/id/20/page/2.html?ac=detail
2025-10-01 16:31:06,570 - ERROR - 请求失败 (尝试 2/3): 403 Client Error: Forbidden for url: https://huyazy.com/index.php/vod/type/id/20/page/2.html?ac=detail
2025-10-01 16:31:11,622 - ERROR - 请求失败 (尝试 3/3): 403 Client Error: Forbidden for url: https://huyazy.com/index.php/vod/type/id/20/page/2.html?ac=detail
2025-10-02 16:29:50,673 - ERROR - 请求失败 (尝试 1/3): 403 Client Error: Forbidden for url: https://huyazy.com/index.php/vod/type/id/20/page/1.html?ac=detail
2025-10-02 16:29:55,728 - ERROR - 请求失败 (尝试 2/3): 403 Client Error: Forbidden for url: https://huyazy.com/index.php/vod/type/id/20/page/1.html?ac=detail
2025-10-02 16:30:00,782 - ERROR - 请求失败 (尝试 3/3): 403 Client Error: Forbidden for url: https://huyazy.com/index.php/vod/type/id/20/page/1.html?ac=detail
2025-10-02 16:30:00,836 - ERROR - 请求失败 (尝试 1/3): 403 Client Error: Forbidden for url: https://huyazy.com/index.php/vod/type/id/20/page/2.html?ac=detail
2025-10-02 16:30:05,885 - ERROR - 请求失败 (尝试 2/3): 403 Client Error: Forbidden for url: https://huyazy.com/index.php/vod/type/id/20/page/2.html?ac=detail
2025-10-02 16:30:10,939 - ERROR - 请求失败 (尝试 3/3): 403 Client Error: Forbidden for url: https://huyazy.com/index.php/vod/type/id/20/page/2.html?ac=detail
2025-10-03 16:29:11,171 - ERROR - 请求失败 (尝试 1/3): 403 Client Error: Forbidden for url: https://huyazy.com/index.php/vod/type/id/20/page/1.html?ac=detail
2025-10-03 16:29:16,245 - ERROR - 请求失败 (尝试 2/3): 403 Client Error: Forbidden for url: https://huyazy.com/index.php/vod/type/id/20/page/1.html?ac=detail
2025-10-03 16:29:21,305 - ERROR - 请求失败 (尝试 3/3): 403 Client Error: Forbidden for url: https://huyazy.com/index.php/vod/type/id/20/page/1.html?ac=detail
2025-10-03 16:29:21,396 - ERROR - 请求失败 (尝试 1/3): 403 Client Error: Forbidden for url: https://huyazy.com/index.php/vod/type/id/20/page/2.html?ac=detail
2025-10-03 16:29:26,445 - ERROR - 请求失败 (尝试 2/3): 403 Client Error: Forbidden for url: https://huyazy.com/index.php/vod/type/id/20/page/2.html?ac=detail
2025-10-03 16:29:31,501 - ERROR - 请求失败 (尝试 3/3): 403 Client Error: Forbidden for url: https://huyazy.com/index.php/vod/type/id/20/page/2.html?ac=detail
2025-10-04 16:27:05,251 - ERROR - 请求失败 (尝试 1/3): 403 Client Error: Forbidden for url: https://huyazy.com/index.php/vod/type/id/20/page/1.html?ac=detail
2025-10-04 16:27:10,389 - ERROR - 请求失败 (尝试 2/3): 403 Client Error: Forbidden for url: https://huyazy.com/index.php/vod/type/id/20/page/1.html?ac=detail
2025-10-04 16:27:15,433 - ERROR - 请求失败 (尝试 3/3): 403 Client Error: Forbidden for url: https://huyazy.com/index.php/vod/type/id/20/page/1.html?ac=detail
2025-10-04 16:27:15,563 - ERROR - 请求失败 (尝试 1/3): 403 Client Error: Forbidden for url: https://huyazy.com/index.php/vod/type/id/20/page/2.html?ac=detail
2025-10-04 16:27:20,607 - ERROR - 请求失败 (尝试 2/3): 403 Client Error: Forbidden for url: https://huyazy.com/index.php/vod/type/id/20/page/2.html?ac=detail
2025-10-04 16:27:25,655 - ERROR - 请求失败 (尝试 3/3): 403 Client Error: Forbidden for url: https://huyazy.com/index.php/vod/type/id/20/page/2.html?ac=detail
2025-10-05 16:26:22,644 - ERROR - 请求失败 (尝试 1/3): 403 Client Error: Forbidden for url: https://huyazy.com/index.php/vod/type/id/20/page/1.html?ac=detail
2025-10-05 16:26:27,727 - ERROR - 请求失败 (尝试 2/3): 403 Client Error: Forbidden for url: https://huyazy.com/index.php/vod/type/id/20/page/1.html?ac=detail
2025-10-05 16:26:32,811 - ERROR - 请求失败 (尝试 3/3): 403 Client Error: Forbidden for url: https://huyazy.com/index.php/vod/type/id/20/page/1.html?ac=detail
2025-10-05 16:26:32,925 - ERROR - 请求失败 (尝试 1/3): 403 Client Error: Forbidden for url: https://huyazy.com/index.php/vod/type/id/20/page/2.html?ac=detail
2025-10-05 16:26:38,019 - ERROR - 请求失败 (尝试 2/3): 403 Client Error: Forbidden for url: https://huyazy.com/index.php/vod/type/id/20/page/2.html?ac=detail
2025-10-05 16:26:43,102 - ERROR - 请求失败 (尝试 3/3): 403 Client Error: Forbidden for url: https://huyazy.com/index.php/vod/type/id/20/page/2.html?ac=detail
2025-10-06 16:30:13,898 - ERROR - 请求失败 (尝试 1/3): 403 Client Error: Forbidden for url: https://huyazy.com/index.php/vod/type/id/20/page/1.html?ac=detail
2025-10-06 16:30:19,023 - ERROR - 请求失败 (尝试 2/3): 403 Client Error: Forbidden for url: https://huyazy.com/index.php/vod/type/id/20/page/1.html?ac=detail
2025-10-06 16:30:24,106 - ERROR - 请求失败 (尝试 3/3): 403 Client Error: Forbidden for url: https://huyazy.com/index.php/vod/type/id/20/page/1.html?ac=detail
2025-10-06 16:30:24,180 - ERROR - 请求失败 (尝试 1/3): 403 Client Error: Forbidden for url: https://huyazy.com/index.php/vod/type/id/20/page/2.html?ac=detail
2025-10-06 16:30:29,235 - ERROR - 请求失败 (尝试 2/3): 403 Client Error: Forbidden for url: https://huyazy.com/index.php/vod/type/id/20/page/2.html?ac=detail
2025-10-06 16:30:34,309 - ERROR - 请求失败 (尝试 3/3): 403 Client Error: Forbidden for url: https://huyazy.com/index.php/vod/type/id/20/page/2.html?ac=detail
2025-10-07 16:30:42,896 - ERROR - 请求失败 (尝试 1/3): 403 Client Error: Forbidden for url: https://huyazy.com/index.php/vod/type/id/20/page/1.html?ac=detail
2025-10-07 16:30:48,022 - ERROR - 请求失败 (尝试 2/3): 403 Client Error: Forbidden for url: https://huyazy.com/index.php/vod/type/id/20/page/1.html?ac=detail
2025-10-07 16:30:53,110 - ERROR - 请求失败 (尝试 3/3): 403 Client Error: Forbidden for url: https://huyazy.com/index.php/vod/type/id/20/page/1.html?ac=detail
2025-10-07 16:30:53,242 - ERROR - 请求失败 (尝试 1/3): 403 Client Error: Forbidden for url: https://huyazy.com/index.php/vod/type/id/20/page/2.html?ac=detail
2025-10-07 16:30:58,332 - ERROR - 请求失败 (尝试 2/3): 403 Client Error: Forbidden for url: https://huyazy.com/index.php/vod/type/id/20/page/2.html?ac=detail
2025-10-07 16:31:03,416 - ERROR - 请求失败 (尝试 3/3): 403 Client Error: Forbidden for url: https://huyazy.com/index.php/vod/type/id/20/page/2.html?ac=detail
2025-10-08 16:30:46,586 - ERROR - 请求失败 (尝试 1/3): 403 Client Error: Forbidden for url: https://huyazy.com/index.php/vod/type/id/20/page/1.html?ac=detail
2025-10-08 16:30:51,665 - ERROR - 请求失败 (尝试 2/3): 403 Client Error: Forbidden for url: https://huyazy.com/index.php/vod/type/id/20/page/1.html?ac=detail
2025-10-08 16:30:56,741 - ERROR - 请求失败 (尝试 3/3): 403 Client Error: Forbidden for url: https://huyazy.com/index.php/vod/type/id/20/page/1.html?ac=detail
2025-10-08 16:30:56,828 - ERROR - 请求失败 (尝试 1/3): 403 Client Error: Forbidden for url: https://huyazy.com/index.php/vod/type/id/20/page/2.html?ac=detail
2025-10-08 16:31:01,917 - ERROR - 请求失败 (尝试 2/3): 403 Client Error: Forbidden for url: https://huyazy.com/index.php/vod/type/id/20/page/2.html?ac=detail
2025-10-08 16:31:06,985 - ERROR - 请求失败 (尝试 3/3): 403 Client Error: Forbidden for url: https://huyazy.com/index.php/vod/type/id/20/page/2.html?ac=detail
2025-10-09 16:33:07,110 - ERROR - 请求失败 (尝试 1/3): 403 Client Error: Forbidden for url: https://huyazy.com/index.php/vod/type/id/20/page/1.html?ac=detail
2025-10-09 16:33:12,276 - ERROR - 请求失败 (尝试 2/3): 403 Client Error: Forbidden for url: https://huyazy.com/index.php/vod/type/id/20/page/1.html?ac=detail
2025-10-09 16:33:17,355 - ERROR - 请求失败 (尝试 3/3): 403 Client Error: Forbidden for url: https://huyazy.com/index.php/vod/type/id/20/page/1.html?ac=detail
2025-10-09 16:33:17,531 - ERROR - 请求失败 (尝试 1/3): 403 Client Error: Forbidden for url: https://huyazy.com/index.php/vod/type/id/20/page/2.html?ac=detail
2025-10-09 16:33:22,623 - ERROR - 请求失败 (尝试 2/3): 403 Client Error: Forbidden for url: https://huyazy.com/index.php/vod/type/id/20/page/2.html?ac=detail
2025-10-09 16:33:27,703 - ERROR - 请求失败 (尝试 3/3): 403 Client Error: Forbidden for url: https://huyazy.com/index.php/vod/type/id/20/page/2.html?ac=detail
2025-10-10 16:30:04,583 - ERROR - 请求失败 (尝试 1/3): 403 Client Error: Forbidden for url: https://huyazy.com/index.php/vod/type/id/20/page/1.html?ac=detail
2025-10-10 16:30:09,648 - ERROR - 请求失败 (尝试 2/3): 403 Client Error: Forbidden for url: https://huyazy.com/index.php/vod/type/id/20/page/1.html?ac=detail
2025-10-10 16:30:14,767 - ERROR - 请求失败 (尝试 3/3): 403 Client Error: Forbidden for url: https://huyazy.com/index.php/vod/type/id/20/page/1.html?ac=detail
2025-10-10 16:30:14,834 - ERROR - 请求失败 (尝试 1/3): 403 Client Error: Forbidden for url: https://huyazy.com/index.php/vod/type/id/20/page/2.html?ac=detail
2025-10-10 16:30:19,907 - ERROR - 请求失败 (尝试 2/3): 403 Client Error: Forbidden for url: https://huyazy.com/index.php/vod/type/id/20/page/2.html?ac=detail
2025-10-10 16:30:24,961 - ERROR - 请求失败 (尝试 3/3): 403 Client Error: Forbidden for url: https://huyazy.com/index.php/vod/type/id/20/page/2.html?ac=detail
2025-10-11 16:26:14,136 - ERROR - 请求失败 (尝试 1/3): 403 Client Error: Forbidden for url: https://huyazy.com/index.php/vod/type/id/20/page/1.html?ac=detail
2025-10-11 16:26:19,206 - ERROR - 请求失败 (尝试 2/3): 403 Client Error: Forbidden for url: https://huyazy.com/index.php/vod/type/id/20/page/1.html?ac=detail
2025-10-11 16:26:24,252 - ERROR - 请求失败 (尝试 3/3): 403 Client Error: Forbidden for url: https://huyazy.com/index.php/vod/type/id/20/page/1.html?ac=detail
2025-10-11 16:26:24,326 - ERROR - 请求失败 (尝试 1/3): 403 Client Error: Forbidden for url: https://huyazy.com/index.php/vod/type/id/20/page/2.html?ac=detail
2025-10-11 16:26:29,407 - ERROR - 请求失败 (尝试 2/3): 403 Client Error: Forbidden for url: https://huyazy.com/index.php/vod/type/id/20/page/2.html?ac=detail
2025-10-11 16:26:34,486 - ERROR - 请求失败 (尝试 3/3): 403 Client Error: Forbidden for url: https://huyazy.com/index.php/vod/type/id/20/page/2.html?ac=detail
2025-10-12 16:27:04,882 - ERROR - 请求失败 (尝试 1/3): 403 Client Error: Forbidden for url: https://huyazy.com/index.php/vod/type/id/20/page/1.html?ac=detail
2025-10-12 16:27:09,934 - ERROR - 请求失败 (尝试 2/3): 403 Client Error: Forbidden for url: https://huyazy.com/index.php/vod/type/id/20/page/1.html?ac=detail
2025-10-12 16:27:15,014 - ERROR - 请求失败 (尝试 3/3): 403 Client Error: Forbidden for url: https://huyazy.com/index.php/vod/type/id/20/page/1.html?ac=detail
2025-10-12 16:27:15,077 - ERROR - 请求失败 (尝试 1/3): 403 Client Error: Forbidden for url: https://huyazy.com/index.php/vod/type/id/20/page/2.html?ac=detail
2025-10-12 16:27:20,129 - ERROR - 请求失败 (尝试 2/3): 403 Client Error: Forbidden for url: https://huyazy.com/index.php/vod/type/id/20/page/2.html?ac=detail
2025-10-12 16:27:25,175 - ERROR - 请求失败 (尝试 3/3): 403 Client Error: Forbidden for url: https://huyazy.com/index.php/vod/type/id/20/page/2.html?ac=detail
2025-10-13 16:31:20,477 - ERROR - 请求失败 (尝试 1/3): 403 Client Error: Forbidden for url: https://huyazy.com/index.php/vod/type/id/20/page/1.html?ac=detail
2025-10-13 16:31:25,541 - ERROR - 请求失败 (尝试 2/3): 403 Client Error: Forbidden for url: https://huyazy.com/index.php/vod/type/id/20/page/1.html?ac=detail
2025-10-13 16:31:30,586 - ERROR - 请求失败 (尝试 3/3): 403 Client Error: Forbidden for url: https://huyazy.com/index.php/vod/type/id/20/page/1.html?ac=detail
2025-10-13 16:31:30,714 - ERROR - 请求失败 (尝试 1/3): 403 Client Error: Forbidden for url: https://huyazy.com/index.php/vod/type/id/20/page/2.html?ac=detail
2025-10-13 16:31:35,769 - ERROR - 请求失败 (尝试 2/3): 403 Client Error: Forbidden for url: https://huyazy.com/index.php/vod/type/id/20/page/2.html?ac=detail
2025-10-13 16:31:40,815 - ERROR - 请求失败 (尝试 3/3): 403 Client Error: Forbidden for url: https://huyazy.com/index.php/vod/type/id/20/page/2.html?ac=detail
2025-10-14 16:31:12,995 - ERROR - 请求失败 (尝试 1/3): 403 Client Error: Forbidden for url: https://huyazy.com/index.php/vod/type/id/20/page/1.html?ac=detail
2025-10-14 16:31:18,114 - ERROR - 请求失败 (尝试 2/3): 403 Client Error: Forbidden for url: https://huyazy.com/index.php/vod/type/id/20/page/1.html?ac=detail
2025-10-14 16:31:23,360 - ERROR - 请求失败 (尝试 3/3): 403 Client Error: Forbidden for url: https://huyazy.com/index.php/vod/type/id/20/page/1.html?ac=detail
2025-10-14 16:31:23,446 - ERROR - 请求失败 (尝试 1/3): 403 Client Error: Forbidden for url: https://huyazy.com/index.php/vod/type/id/20/page/2.html?ac=detail
2025-10-14 16:31:28,603 - ERROR - 请求失败 (尝试 2/3): 403 Client Error: Forbidden for url: https://huyazy.com/index.php/vod/type/id/20/page/2.html?ac=detail
2025-10-14 16:31:33,774 - ERROR - 请求失败 (尝试 3/3): 403 Client Error: Forbidden for url: https://huyazy.com/index.php/vod/type/id/20/page/2.html?ac=detail
2025-10-15 16:28:06,906 - ERROR - 请求失败 (尝试 1/3): 403 Client Error: Forbidden for url: https://huyazy.com/index.php/vod/type/id/20/page/1.html?ac=detail
2025-10-15 16:28:11,978 - ERROR - 请求失败 (尝试 2/3): 403 Client Error: Forbidden for url: https://huyazy.com/index.php/vod/type/id/20/page/1.html?ac=detail
2025-10-15 16:28:17,058 - ERROR - 请求失败 (尝试 3/3): 403 Client Error: Forbidden for url: https://huyazy.com/index.php/vod/type/id/20/page/1.html?ac=detail
2025-10-15 16:28:17,123 - ERROR - 请求失败 (尝试 1/3): 403 Client Error: Forbidden for url: https://huyazy.com/index.php/vod/type/id/20/page/2.html?ac=detail
2025-10-15 16:28:22,188 - ERROR - 请求失败 (尝试 2/3): 403 Client Error: Forbidden for url: https://huyazy.com/index.php/vod/type/id/20/page/2.html?ac=detail
2025-10-15 16:28:27,258 - ERROR - 请求失败 (尝试 3/3): 403 Client Error: Forbidden for url: https://huyazy.com/index.php/vod/type/id/20/page/2.html?ac=detail
2025-10-16 16:32:07,065 - ERROR - 请求失败 (尝试 1/3): 403 Client Error: Forbidden for url: https://huyazy.com/index.php/vod/type/id/20/page/1.html?ac=detail
2025-10-16 16:32:12,208 - ERROR - 请求失败 (尝试 2/3): 403 Client Error: Forbidden for url: https://huyazy.com/index.php/vod/type/id/20/page/1.html?ac=detail
2025-10-16 16:32:17,464 - ERROR - 请求失败 (尝试 3/3): 403 Client Error: Forbidden for url: https://huyazy.com/index.php/vod/type/id/20/page/1.html?ac=detail
2025-10-16 16:32:17,526 - ERROR - 请求失败 (尝试 1/3): 403 Client Error: Forbidden for url: https://huyazy.com/index.php/vod/type/id/20/page/2.html?ac=detail
2025-10-16 16:32:22,632 - ERROR - 请求失败 (尝试 2/3): 403 Client Error: Forbidden for url: https://huyazy.com/index.php/vod/type/id/20/page/2.html?ac=detail
2025-10-16 16:32:27,883 - ERROR - 请求失败 (尝试 3/3): 403 Client Error: Forbidden for url: https://huyazy.com/index.php/vod/type/id/20/page/2.html?ac=detail
2025-10-17 16:30:35,148 - ERROR - 请求失败 (尝试 1/3): 403 Client Error: Forbidden for url: https://huyazy.com/index.php/vod/type/id/20/page/1.html?ac=detail
2025-10-17 16:30:40,255 - ERROR - 请求失败 (尝试 2/3): 403 Client Error: Forbidden for url: https://huyazy.com/index.php/vod/type/id/20/page/1.html?ac=detail
2025-10-17 16:30:45,376 - ERROR - 请求失败 (尝试 3/3): 403 Client Error: Forbidden for url: https://huyazy.com/index.php/vod/type/id/20/page/1.html?ac=detail
2025-10-17 16:30:45,567 - ERROR - 请求失败 (尝试 1/3): 403 Client Error: Forbidden for url: https://huyazy.com/index.php/vod/type/id/20/page/2.html?ac=detail
2025-10-17 16:30:50,666 - ERROR - 请求失败 (尝试 2/3): 403 Client Error: Forbidden for url: https://huyazy.com/index.php/vod/type/id/20/page/2.html?ac=detail
2025-10-17 16:30:55,759 - ERROR - 请求失败 (尝试 3/3): 403 Client Error: Forbidden for url: https://huyazy.com/index.php/vod/type/id/20/page/2.html?ac=detail
2025-10-18 16:27:31,753 - ERROR - 请求失败 (尝试 1/3): 403 Client Error: Forbidden for url: https://huyazy.com/index.php/vod/type/id/20/page/1.html?ac=detail
2025-10-18 16:27:36,817 - ERROR - 请求失败 (尝试 2/3): 403 Client Error: Forbidden for url: https://huyazy.com/index.php/vod/type/id/20/page/1.html?ac=detail
2025-10-18 16:27:41,880 - ERROR - 请求失败 (尝试 3/3): 403 Client Error: Forbidden for url: https://huyazy.com/index.php/vod/type/id/20/page/1.html?ac=detail
2025-10-18 16:27:41,924 - ERROR - 请求失败 (尝试 1/3): 403 Client Error: Forbidden for url: https://huyazy.com/index.php/vod/type/id/20/page/2.html?ac=detail
2025-10-18 16:27:46,967 - ERROR - 请求失败 (尝试 2/3): 403 Client Error: Forbidden for url: https://huyazy.com/index.php/vod/type/id/20/page/2.html?ac=detail
2025-10-18 16:27:52,010 - ERROR - 请求失败 (尝试 3/3): 403 Client Error: Forbidden for url: https://huyazy.com/index.php/vod/type/id/20/page/2.html?ac=detail
2025-10-19 16:27:54,160 - ERROR - 请求失败 (尝试 1/3): 403 Client Error: Forbidden for url: https://huyazy.com/index.php/vod/type/id/20/page/1.html?ac=detail
2025-10-19 16:27:59,276 - ERROR - 请求失败 (尝试 2/3): 403 Client Error: Forbidden for url: https://huyazy.com/index.php/vod/type/id/20/page/1.html?ac=detail
2025-10-19 16:28:04,340 - ERROR - 请求失败 (尝试 3/3): 403 Client Error: Forbidden for url: https://huyazy.com/index.php/vod/type/id/20/page/1.html?ac=detail
2025-10-19 16:28:04,407 - ERROR - 请求失败 (尝试 1/3): 403 Client Error: Forbidden for url: https://huyazy.com/index.php/vod/type/id/20/page/2.html?ac=detail
2025-10-19 16:28:09,465 - ERROR - 请求失败 (尝试 2/3): 403 Client Error: Forbidden for url: https://huyazy.com/index.php/vod/type/id/20/page/2.html?ac=detail
2025-10-19 16:28:14,531 - ERROR - 请求失败 (尝试 3/3): 403 Client Error: Forbidden for url: https://huyazy.com/index.php/vod/type/id/20/page/2.html?ac=detail
2025-10-20 16:31:40,003 - ERROR - 请求失败 (尝试 1/3): 403 Client Error: Forbidden for url: https://huyazy.com/index.php/vod/type/id/20/page/1.html?ac=detail
2025-10-20 16:31:45,156 - ERROR - 请求失败 (尝试 2/3): 403 Client Error: Forbidden for url: https://huyazy.com/index.php/vod/type/id/20/page/1.html?ac=detail
2025-10-20 16:31:50,264 - ERROR - 请求失败 (尝试 3/3): 403 Client Error: Forbidden for url: https://huyazy.com/index.php/vod/type/id/20/page/1.html?ac=detail
2025-10-20 16:31:50,360 - ERROR - 请求失败 (尝试 1/3): 403 Client Error: Forbidden for url: https://huyazy.com/index.php/vod/type/id/20/page/2.html?ac=detail
2025-10-20 16:31:55,463 - ERROR - 请求失败 (尝试 2/3): 403 Client Error: Forbidden for url: https://huyazy.com/index.php/vod/type/id/20/page/2.html?ac=detail
2025-10-20 16:32:00,557 - ERROR - 请求失败 (尝试 3/3): 403 Client Error: Forbidden for url: https://huyazy.com/index.php/vod/type/id/20/page/2.html?ac=detail
2025-10-21 16:31:59,208 - ERROR - 请求失败 (尝试 1/3): 403 Client Error: Forbidden for url: https://huyazy.com/index.php/vod/type/id/20/page/1.html?ac=detail
2025-10-21 16:32:04,326 - ERROR - 请求失败 (尝试 2/3): 403 Client Error: Forbidden for url: https://huyazy.com/index.php/vod/type/id/20/page/1.html?ac=detail
2025-10-21 16:32:09,488 - ERROR - 请求失败 (尝试 3/3): 403 Client Error: Forbidden for url: https://huyazy.com/index.php/vod/type/id/20/page/1.html?ac=detail
2025-10-21 16:32:09,662 - ERROR - 请求失败 (尝试 1/3): 403 Client Error: Forbidden for url: https://huyazy.com/index.php/vod/type/id/20/page/2.html?ac=detail
2025-10-21 16:32:14,768 - ERROR - 请求失败 (尝试 2/3): 403 Client Error: Forbidden for url: https://huyazy.com/index.php/vod/type/id/20/page/2.html?ac=detail
2025-10-21 16:32:19,935 - ERROR - 请求失败 (尝试 3/3): 403 Client Error: Forbidden for url: https://huyazy.com/index.php/vod/type/id/20/page/2.html?ac=detail
2025-10-22 16:33:43,732 - ERROR - 请求失败 (尝试 1/3): 403 Client Error: Forbidden for url: https://huyazy.com/index.php/vod/type/id/20/page/1.html?ac=detail
2025-10-22 16:33:48,797 - ERROR - 请求失败 (尝试 2/3): 403 Client Error: Forbidden for url: https://huyazy.com/index.php/vod/type/id/20/page/1.html?ac=detail
2025-10-22 16:33:53,897 - ERROR - 请求失败 (尝试 3/3): 403 Client Error: Forbidden for url: https://huyazy.com/index.php/vod/type/id/20/page/1.html?ac=detail
2025-10-22 16:33:53,955 - ERROR - 请求失败 (尝试 1/3): 403 Client Error: Forbidden for url: https://huyazy.com/index.php/vod/type/id/20/page/2.html?ac=detail
2025-10-22 16:33:59,008 - ERROR - 请求失败 (尝试 2/3): 403 Client Error: Forbidden for url: https://huyazy.com/index.php/vod/type/id/20/page/2.html?ac=detail
2025-10-22 16:34:04,062 - ERROR - 请求失败 (尝试 3/3): 403 Client Error: Forbidden for url: https://huyazy.com/index.php/vod/type/id/20/page/2.html?ac=detail
2025-10-23 16:32:05,153 - ERROR - 请求失败 (尝试 1/3): 403 Client Error: Forbidden for url: https://huyazy.com/index.php/vod/type/id/20/page/1.html?ac=detail
2025-10-23 16:32:10,293 - ERROR - 请求失败 (尝试 2/3): 403 Client Error: Forbidden for url: https://huyazy.com/index.php/vod/type/id/20/page/1.html?ac=detail
2025-10-23 16:32:15,406 - ERROR - 请求失败 (尝试 3/3): 403 Client Error: Forbidden for url: https://huyazy.com/index.php/vod/type/id/20/page/1.html?ac=detail
2025-10-23 16:32:15,496 - ERROR - 请求失败 (尝试 1/3): 403 Client Error: Forbidden for url: https://huyazy.com/index.php/vod/type/id/20/page/2.html?ac=detail
2025-10-23 16:32:20,604 - ERROR - 请求失败 (尝试 2/3): 403 Client Error: Forbidden for url: https://huyazy.com/index.php/vod/type/id/20/page/2.html?ac=detail
2025-10-23 16:32:25,677 - ERROR - 请求失败 (尝试 3/3): 403 Client Error: Forbidden for url: https://huyazy.com/index.php/vod/type/id/20/page/2.html?ac=detail
2025-10-24 16:31:46,679 - ERROR - 请求失败 (尝试 1/3): 403 Client Error: Forbidden for url: https://huyazy.com/index.php/vod/type/id/20/page/1.html?ac=detail
2025-10-24 16:31:51,788 - ERROR - 请求失败 (尝试 2/3): 403 Client Error: Forbidden for url: https://huyazy.com/index.php/vod/type/id/20/page/1.html?ac=detail
2025-10-24 16:31:56,883 - ERROR - 请求失败 (尝试 3/3): 403 Client Error: Forbidden for url: https://huyazy.com/index.php/vod/type/id/20/page/1.html?ac=detail
2025-10-24 16:31:56,995 - ERROR - 请求失败 (尝试 1/3): 403 Client Error: Forbidden for url: https://huyazy.com/index.php/vod/type/id/20/page/2.html?ac=detail
2025-10-24 16:32:02,087 - ERROR - 请求失败 (尝试 2/3): 403 Client Error: Forbidden for url: https://huyazy.com/index.php/vod/type/id/20/page/2.html?ac=detail
2025-10-24 16:32:07,179 - ERROR - 请求失败 (尝试 3/3): 403 Client Error: Forbidden for url: https://huyazy.com/index.php/vod/type/id/20/page/2.html?ac=detail
2025-10-25 16:28:36,976 - ERROR - 请求失败 (尝试 1/3): 403 Client Error: Forbidden for url: https://huyazy.com/index.php/vod/type/id/20/page/1.html?ac=detail
2025-10-25 16:28:42,037 - ERROR - 请求失败 (尝试 2/3): 403 Client Error: Forbidden for url: https://huyazy.com/index.php/vod/type/id/20/page/1.html?ac=detail
2025-10-25 16:28:47,081 - ERROR - 请求失败 (尝试 3/3): 403 Client Error: Forbidden for url: https://huyazy.com/index.php/vod/type/id/20/page/1.html?ac=detail
2025-10-25 16:28:47,160 - ERROR - 请求失败 (尝试 1/3): 403 Client Error: Forbidden for url: https://huyazy.com/index.php/vod/type/id/20/page/2.html?ac=detail
2025-10-25 16:28:52,208 - ERROR - 请求失败 (尝试 2/3): 403 Client Error: Forbidden for url: https://huyazy.com/index.php/vod/type/id/20/page/2.html?ac=detail
2025-10-25 16:28:57,251 - ERROR - 请求失败 (尝试 3/3): 403 Client Error: Forbidden for url: https://huyazy.com/index.php/vod/type/id/20/page/2.html?ac=detail
2025-10-26 16:28:48,935 - ERROR - 请求失败 (尝试 1/3): 403 Client Error: Forbidden for url: https://huyazy.com/index.php/vod/type/id/20/page/1.html?ac=detail
2025-10-26 16:28:54,009 - ERROR - 请求失败 (尝试 2/3): 403 Client Error: Forbidden for url: https://huyazy.com/index.php/vod/type/id/20/page/1.html?ac=detail
2025-10-26 16:28:59,069 - ERROR - 请求失败 (尝试 3/3): 403 Client Error: Forbidden for url: https://huyazy.com/index.php/vod/type/id/20/page/1.html?ac=detail
2025-10-26 16:28:59,136 - ERROR - 请求失败 (尝试 1/3): 403 Client Error: Forbidden for url: https://huyazy.com/index.php/vod/type/id/20/page/2.html?ac=detail
2025-10-26 16:29:04,199 - ERROR - 请求失败 (尝试 2/3): 403 Client Error: Forbidden for url: https://huyazy.com/index.php/vod/type/id/20/page/2.html?ac=detail
2025-10-26 16:29:09,255 - ERROR - 请求失败 (尝试 3/3): 403 Client Error: Forbidden for url: https://huyazy.com/index.php/vod/type/id/20/page/2.html?ac=detail
2025-10-27 16:33:36,124 - ERROR - 请求失败 (尝试 1/3): 403 Client Error: Forbidden for url: https://huyazy.com/index.php/vod/type/id/20/page/1.html?ac=detail
2025-10-27 16:33:41,450 - ERROR - 请求失败 (尝试 2/3): 403 Client Error: Forbidden for url: https://huyazy.com/index.php/vod/type/id/20/page/1.html?ac=detail
2025-10-27 16:33:46,809 - ERROR - 请求失败 (尝试 3/3): 403 Client Error: Forbidden for url: https://huyazy.com/index.php/vod/type/id/20/page/1.html?ac=detail
2025-10-27 16:33:46,937 - ERROR - 请求失败 (尝试 1/3): 403 Client Error: Forbidden for url: https://huyazy.com/index.php/vod/type/id/20/page/2.html?ac=detail
2025-10-27 16:33:52,078 - ERROR - 请求失败 (尝试 2/3): 403 Client Error: Forbidden for url: https://huyazy.com/index.php/vod/type/id/20/page/2.html?ac=detail
2025-10-27 16:33:57,434 - ERROR - 请求失败 (尝试 3/3): 403 Client Error: Forbidden for url: https://huyazy.com/index.php/vod/type/id/20/page/2.html?ac=detail
2025-10-28 16:34:43,135 - ERROR - 请求失败 (尝试 1/3): 403 Client Error: Forbidden for url: https://huyazy.com/index.php/vod/type/id/20/page/1.html?ac=detail
2025-10-28 16:34:48,469 - ERROR - 请求失败 (尝试 2/3): 403 Client Error: Forbidden for url: https://huyazy.com/index.php/vod/type/id/20/page/1.html?ac=detail
2025-10-28 16:34:53,769 - ERROR - 请求失败 (尝试 3/3): 403 Client Error: Forbidden for url: https://huyazy.com/index.php/vod/type/id/20/page/1.html?ac=detail
2025-10-28 16:34:54,094 - ERROR - 请求失败 (尝试 1/3): 403 Client Error: Forbidden for url: https://huyazy.com/index.php/vod/type/id/20/page/2.html?ac=detail
2025-10-28 16:34:59,383 - ERROR - 请求失败 (尝试 2/3): 403 Client Error: Forbidden for url: https://huyazy.com/index.php/vod/type/id/20/page/2.html?ac=detail
2025-10-28 16:35:04,686 - ERROR - 请求失败 (尝试 3/3): 403 Client Error: Forbidden for url: https://huyazy.com/index.php/vod/type/id/20/page/2.html?ac=detail
2025-10-29 16:34:47,250 - ERROR - 请求失败 (尝试 1/3): 403 Client Error: Forbidden for url: https://huyazy.com/index.php/vod/type/id/20/page/1.html?ac=detail
2025-10-29 16:34:52,330 - ERROR - 请求失败 (尝试 2/3): 403 Client Error: Forbidden for url: https://huyazy.com/index.php/vod/type/id/20/page/1.html?ac=detail
2025-10-29 16:34:57,397 - ERROR - 请求失败 (尝试 3/3): 403 Client Error: Forbidden for url: https://huyazy.com/index.php/vod/type/id/20/page/1.html?ac=detail
2025-10-29 16:34:57,538 - ERROR - 请求失败 (尝试 1/3): 403 Client Error: Forbidden for url: https://huyazy.com/index.php/vod/type/id/20/page/2.html?ac=detail
2025-10-29 16:35:02,669 - ERROR - 请求失败 (尝试 2/3): 403 Client Error: Forbidden for url: https://huyazy.com/index.php/vod/type/id/20/page/2.html?ac=detail
2025-10-29 16:35:07,806 - ERROR - 请求失败 (尝试 3/3): 403 Client Error: Forbidden for url: https://huyazy.com/index.php/vod/type/id/20/page/2.html?ac=detail
2025-10-30 16:33:16,481 - ERROR - 请求失败 (尝试 1/3): 403 Client Error: Forbidden for url: https://huyazy.com/index.php/vod/type/id/20/page/1.html?ac=detail
2025-10-30 16:33:21,554 - ERROR - 请求失败 (尝试 2/3): 403 Client Error: Forbidden for url: https://huyazy.com/index.php/vod/type/id/20/page/1.html?ac=detail
2025-10-30 16:33:26,654 - ERROR - 请求失败 (尝试 3/3): 403 Client Error: Forbidden for url: https://huyazy.com/index.php/vod/type/id/20/page/1.html?ac=detail
2025-10-30 16:33:26,718 - ERROR - 请求失败 (尝试 1/3): 403 Client Error: Forbidden for url: https://huyazy.com/index.php/vod/type/id/20/page/2.html?ac=detail
2025-10-30 16:33:31,779 - ERROR - 请求失败 (尝试 2/3): 403 Client Error: Forbidden for url: https://huyazy.com/index.php/vod/type/id/20/page/2.html?ac=detail
2025-10-30 16:33:36,922 - ERROR - 请求失败 (尝试 3/3): 403 Client Error: Forbidden for url: https://huyazy.com/index.php/vod/type/id/20/page/2.html?ac=detail
2025-10-31 16:32:04,645 - ERROR - 请求失败 (尝试 1/3): 403 Client Error: Forbidden for url: https://huyazy.com/index.php/vod/type/id/20/page/1.html?ac=detail
2025-10-31 16:32:09,716 - ERROR - 请求失败 (尝试 2/3): 403 Client Error: Forbidden for url: https://huyazy.com/index.php/vod/type/id/20/page/1.html?ac=detail
2025-10-31 16:32:14,780 - ERROR - 请求失败 (尝试 3/3): 403 Client Error: Forbidden for url: https://huyazy.com/index.php/vod/type/id/20/page/1.html?ac=detail
2025-10-31 16:32:14,848 - ERROR - 请求失败 (尝试 1/3): 403 Client Error: Forbidden for url: https://huyazy.com/index.php/vod/type/id/20/page/2.html?ac=detail
2025-10-31 16:32:19,910 - ERROR - 请求失败 (尝试 2/3): 403 Client Error: Forbidden for url: https://huyazy.com/index.php/vod/type/id/20/page/2.html?ac=detail
2025-10-31 16:32:24,968 - ERROR - 请求失败 (尝试 3/3): 403 Client Error: Forbidden for url: https://huyazy.com/index.php/vod/type/id/20/page/2.html?ac=detail
2025-11-01 16:27:26,471 - ERROR - 请求失败 (尝试 1/3): 403 Client Error: Forbidden for url: https://huyazy.com/index.php/vod/type/id/20/page/1.html?ac=detail
2025-11-01 16:27:31,556 - ERROR - 请求失败 (尝试 2/3): 403 Client Error: Forbidden for url: https://huyazy.com/index.php/vod/type/id/20/page/1.html?ac=detail
2025-11-01 16:27:36,625 - ERROR - 请求失败 (尝试 3/3): 403 Client Error: Forbidden for url: https://huyazy.com/index.php/vod/type/id/20/page/1.html?ac=detail
2025-11-01 16:27:36,692 - ERROR - 请求失败 (尝试 1/3): 403 Client Error: Forbidden for url: https://huyazy.com/index.php/vod/type/id/20/page/2.html?ac=detail
2025-11-01 16:27:41,783 - ERROR - 请求失败 (尝试 2/3): 403 Client Error: Forbidden for url: https://huyazy.com/index.php/vod/type/id/20/page/2.html?ac=detail
2025-11-01 16:27:46,846 - ERROR - 请求失败 (尝试 3/3): 403 Client Error: Forbidden for url: https://huyazy.com/index.php/vod/type/id/20/page/2.html?ac=detail
2025-11-02 16:28:11,464 - ERROR - 请求失败 (尝试 1/3): 403 Client Error: Forbidden for url: https://huyazy.com/index.php/vod/type/id/20/page/1.html?ac=detail
2025-11-02 16:28:16,544 - ERROR - 请求失败 (尝试 2/3): 403 Client Error: Forbidden for url: https://huyazy.com/index.php/vod/type/id/20/page/1.html?ac=detail
2025-11-02 16:28:21,607 - ERROR - 请求失败 (尝试 3/3): 403 Client Error: Forbidden for url: https://huyazy.com/index.php/vod/type/id/20/page/1.html?ac=detail
2025-11-02 16:28:21,671 - ERROR - 请求失败 (尝试 1/3): 403 Client Error: Forbidden for url: https://huyazy.com/index.php/vod/type/id/20/page/2.html?ac=detail
2025-11-02 16:28:26,771 - ERROR - 请求失败 (尝试 2/3): 403 Client Error: Forbidden for url: https://huyazy.com/index.php/vod/type/id/20/page/2.html?ac=detail
2025-11-02 16:28:31,823 - ERROR - 请求失败 (尝试 3/3): 403 Client Error: Forbidden for url: https://huyazy.com/index.php/vod/type/id/20/page/2.html?ac=detail
2025-11-03 16:30:43,974 - ERROR - 请求失败 (尝试 1/3): 403 Client Error: Forbidden for url: https://huyazy.com/index.php/vod/type/id/20/page/1.html?ac=detail
2025-11-03 16:30:49,049 - ERROR - 请求失败 (尝试 2/3): 403 Client Error: Forbidden for url: https://huyazy.com/index.php/vod/type/id/20/page/1.html?ac=detail
2025-11-03 16:30:54,123 - ERROR - 请求失败 (尝试 3/3): 403 Client Error: Forbidden for url: https://huyazy.com/index.php/vod/type/id/20/page/1.html?ac=detail
2025-11-03 16:30:54,222 - ERROR - 请求失败 (尝试 1/3): 403 Client Error: Forbidden for url: https://huyazy.com/index.php/vod/type/id/20/page/2.html?ac=detail
2025-11-03 16:30:59,273 - ERROR - 请求失败 (尝试 2/3): 403 Client Error: Forbidden for url: https://huyazy.com/index.php/vod/type/id/20/page/2.html?ac=detail
2025-11-03 16:31:04,370 - ERROR - 请求失败 (尝试 3/3): 403 Client Error: Forbidden for url: https://huyazy.com/index.php/vod/type/id/20/page/2.html?ac=detail
2025-11-04 16:31:28,271 - ERROR - 请求失败 (尝试 1/3): 403 Client Error: Forbidden for url: https://huyazy.com/index.php/vod/type/id/20/page/1.html?ac=detail
2025-11-04 16:31:33,361 - ERROR - 请求失败 (尝试 2/3): 403 Client Error: Forbidden for url: https://huyazy.com/index.php/vod/type/id/20/page/1.html?ac=detail
2025-11-04 16:31:38,465 - ERROR - 请求失败 (尝试 3/3): 403 Client Error: Forbidden for url: https://huyazy.com/index.php/vod/type/id/20/page/1.html?ac=detail
2025-11-04 16:31:38,523 - ERROR - 请求失败 (尝试 1/3): 403 Client Error: Forbidden for url: https://huyazy.com/index.php/vod/type/id/20/page/2.html?ac=detail
2025-11-04 16:31:43,589 - ERROR - 请求失败 (尝试 2/3): 403 Client Error: Forbidden for url: https://huyazy.com/index.php/vod/type/id/20/page/2.html?ac=detail
2025-11-04 16:31:48,646 - ERROR - 请求失败 (尝试 3/3): 403 Client Error: Forbidden for url: https://huyazy.com/index.php/vod/type/id/20/page/2.html?ac=detail
2025-11-05 16:34:13,927 - ERROR - 请求失败 (尝试 1/3): 403 Client Error: Forbidden for url: https://huyazy.com/index.php/vod/type/id/20/page/1.html?ac=detail
2025-11-05 16:34:19,092 - ERROR - 请求失败 (尝试 2/3): 403 Client Error: Forbidden for url: https://huyazy.com/index.php/vod/type/id/20/page/1.html?ac=detail
2025-11-05 16:34:24,249 - ERROR - 请求失败 (尝试 3/3): 403 Client Error: Forbidden for url: https://huyazy.com/index.php/vod/type/id/20/page/1.html?ac=detail
2025-11-05 16:34:24,358 - ERROR - 请求失败 (尝试 1/3): 403 Client Error: Forbidden for url: https://huyazy.com/index.php/vod/type/id/20/page/2.html?ac=detail
2025-11-05 16:34:29,507 - ERROR - 请求失败 (尝试 2/3): 403 Client Error: Forbidden for url: https://huyazy.com/index.php/vod/type/id/20/page/2.html?ac=detail
2025-11-05 16:34:34,605 - ERROR - 请求失败 (尝试 3/3): 403 Client Error: Forbidden for url: https://huyazy.com/index.php/vod/type/id/20/page/2.html?ac=detail
2025-11-06 16:34:40,269 - ERROR - 请求失败 (尝试 1/3): 403 Client Error: Forbidden for url: https://huyazy.com/index.php/vod/type/id/20/page/1.html?ac=detail
2025-11-06 16:34:45,342 - ERROR - 请求失败 (尝试 2/3): 403 Client Error: Forbidden for url: https://huyazy.com/index.php/vod/type/id/20/page/1.html?ac=detail
2025-11-06 16:34:50,405 - ERROR - 请求失败 (尝试 3/3): 403 Client Error: Forbidden for url: https://huyazy.com/index.php/vod/type/id/20/page/1.html?ac=detail
2025-11-06 16:34:50,489 - ERROR - 请求失败 (尝试 1/3): 403 Client Error: Forbidden for url: https://huyazy.com/index.php/vod/type/id/20/page/2.html?ac=detail
2025-11-06 16:34:55,556 - ERROR - 请求失败 (尝试 2/3): 403 Client Error: Forbidden for url: https://huyazy.com/index.php/vod/type/id/20/page/2.html?ac=detail
2025-11-06 16:35:00,618 - ERROR - 请求失败 (尝试 3/3): 403 Client Error: Forbidden for url: https://huyazy.com/index.php/vod/type/id/20/page/2.html?ac=detail
2025-11-07 16:29:08,241 - ERROR - 请求失败 (尝试 1/3): 403 Client Error: Forbidden for url: https://huyazy.com/index.php/vod/type/id/20/page/1.html?ac=detail
2025-11-07 16:29:13,336 - ERROR - 请求失败 (尝试 2/3): 403 Client Error: Forbidden for url: https://huyazy.com/index.php/vod/type/id/20/page/1.html?ac=detail
2025-11-07 16:29:18,421 - ERROR - 请求失败 (尝试 3/3): 403 Client Error: Forbidden for url: https://huyazy.com/index.php/vod/type/id/20/page/1.html?ac=detail
2025-11-07 16:29:18,487 - ERROR - 请求失败 (尝试 1/3): 403 Client Error: Forbidden for url: https://huyazy.com/index.php/vod/type/id/20/page/2.html?ac=detail
2025-11-07 16:29:23,597 - ERROR - 请求失败 (尝试 2/3): 403 Client Error: Forbidden for url: https://huyazy.com/index.php/vod/type/id/20/page/2.html?ac=detail
2025-11-07 16:29:28,686 - ERROR - 请求失败 (尝试 3/3): 403 Client Error: Forbidden for url: https://huyazy.com/index.php/vod/type/id/20/page/2.html?ac=detail
2025-11-08 16:28:40,581 - ERROR - 请求失败 (尝试 1/3): 403 Client Error: Forbidden for url: https://huyazy.com/index.php/vod/type/id/20/page/1.html?ac=detail
2025-11-08 16:28:45,642 - ERROR - 请求失败 (尝试 2/3): 403 Client Error: Forbidden for url: https://huyazy.com/index.php/vod/type/id/20/page/1.html?ac=detail
2025-11-08 16:28:50,724 - ERROR - 请求失败 (尝试 3/3): 403 Client Error: Forbidden for url: https://huyazy.com/index.php/vod/type/id/20/page/1.html?ac=detail
2025-11-08 16:28:50,781 - ERROR - 请求失败 (尝试 1/3): 403 Client Error: Forbidden for url: https://huyazy.com/index.php/vod/type/id/20/page/2.html?ac=detail
2025-11-08 16:28:55,842 - ERROR - 请求失败 (尝试 2/3): 403 Client Error: Forbidden for url: https://huyazy.com/index.php/vod/type/id/20/page/2.html?ac=detail
2025-11-08 16:29:00,888 - ERROR - 请求失败 (尝试 3/3): 403 Client Error: Forbidden for url: https://huyazy.com/index.php/vod/type/id/20/page/2.html?ac=detail
2025-11-09 16:28:09,037 - ERROR - 请求失败 (尝试 1/3): 403 Client Error: Forbidden for url: https://huyazy.com/index.php/vod/type/id/20/page/1.html?ac=detail
2025-11-09 16:28:14,121 - ERROR - 请求失败 (尝试 2/3): 403 Client Error: Forbidden for url: https://huyazy.com/index.php/vod/type/id/20/page/1.html?ac=detail
2025-11-09 16:28:19,176 - ERROR - 请求失败 (尝试 3/3): 403 Client Error: Forbidden for url: https://huyazy.com/index.php/vod/type/id/20/page/1.html?ac=detail
2025-11-09 16:28:19,237 - ERROR - 请求失败 (尝试 1/3): 403 Client Error: Forbidden for url: https://huyazy.com/index.php/vod/type/id/20/page/2.html?ac=detail
2025-11-09 16:28:24,285 - ERROR - 请求失败 (尝试 2/3): 403 Client Error: Forbidden for url: https://huyazy.com/index.php/vod/type/id/20/page/2.html?ac=detail
2025-11-09 16:28:29,336 - ERROR - 请求失败 (尝试 3/3): 403 Client Error: Forbidden for url: https://huyazy.com/index.php/vod/type/id/20/page/2.html?ac=detail
2025-11-10 16:34:34,876 - ERROR - 请求失败 (尝试 1/3): 403 Client Error: Forbidden for url: https://huyazy.com/index.php/vod/type/id/20/page/1.html?ac=detail
2025-11-10 16:34:41,618 - ERROR - 请求失败 (尝试 2/3): 403 Client Error: Forbidden for url: https://huyazy.com/index.php/vod/type/id/20/page/1.html?ac=detail
2025-11-10 16:34:46,771 - ERROR - 请求失败 (尝试 3/3): 403 Client Error: Forbidden for url: https://huyazy.com/index.php/vod/type/id/20/page/1.html?ac=detail
2025-11-10 16:34:46,824 - ERROR - 请求失败 (尝试 1/3): 403 Client Error: Forbidden for url: https://huyazy.com/index.php/vod/type/id/20/page/2.html?ac=detail
2025-11-10 16:34:52,999 - ERROR - 请求失败 (尝试 2/3): 403 Client Error: Forbidden for url: https://huyazy.com/index.php/vod/type/id/20/page/2.html?ac=detail
2025-11-10 16:34:58,140 - ERROR - 请求失败 (尝试 3/3): 403 Client Error: Forbidden for url: https://huyazy.com/index.php/vod/type/id/20/page/2.html?ac=detail
2025-11-11 16:33:22,795 - ERROR - 请求失败 (尝试 1/3): 403 Client Error: Forbidden for url: https://huyazy.com/index.php/vod/type/id/20/page/1.html?ac=detail
2025-11-11 16:33:27,877 - ERROR - 请求失败 (尝试 2/3): 403 Client Error: Forbidden for url: https://huyazy.com/index.php/vod/type/id/20/page/1.html?ac=detail
2025-11-11 16:33:32,937 - ERROR - 请求失败 (尝试 3/3): 403 Client Error: Forbidden for url: https://huyazy.com/index.php/vod/type/id/20/page/1.html?ac=detail
2025-11-11 16:33:33,028 - ERROR - 请求失败 (尝试 1/3): 403 Client Error: Forbidden for url: https://huyazy.com/index.php/vod/type/id/20/page/2.html?ac=detail
2025-11-11 16:33:38,105 - ERROR - 请求失败 (尝试 2/3): 403 Client Error: Forbidden for url: https://huyazy.com/index.php/vod/type/id/20/page/2.html?ac=detail
2025-11-11 16:33:43,172 - ERROR - 请求失败 (尝试 3/3): 403 Client Error: Forbidden for url: https://huyazy.com/index.php/vod/type/id/20/page/2.html?ac=detail
2025-11-12 16:35:27,818 - ERROR - 请求失败 (尝试 1/3): 403 Client Error: Forbidden for url: https://huyazy.com/index.php/vod/type/id/20/page/1.html?ac=detail
2025-11-12 16:35:32,952 - ERROR - 请求失败 (尝试 2/3): 403 Client Error: Forbidden for url: https://huyazy.com/index.php/vod/type/id/20/page/1.html?ac=detail
2025-11-12 16:35:38,090 - ERROR - 请求失败 (尝试 3/3): 403 Client Error: Forbidden for url: https://huyazy.com/index.php/vod/type/id/20/page/1.html?ac=detail
2025-11-12 16:35:38,204 - ERROR - 请求失败 (尝试 1/3): 403 Client Error: Forbidden for url: https://huyazy.com/index.php/vod/type/id/20/page/2.html?ac=detail
2025-11-12 16:35:43,323 - ERROR - 请求失败 (尝试 2/3): 403 Client Error: Forbidden for url: https://huyazy.com/index.php/vod/type/id/20/page/2.html?ac=detail
2025-11-12 16:35:48,414 - ERROR - 请求失败 (尝试 3/3): 403 Client Error: Forbidden for url: https://huyazy.com/index.php/vod/type/id/20/page/2.html?ac=detail
2025-11-13 16:32:15,233 - ERROR - 请求失败 (尝试 1/3): 403 Client Error: Forbidden for url: https://huyazy.com/index.php/vod/type/id/20/page/1.html?ac=detail
2025-11-13 16:32:20,326 - ERROR - 请求失败 (尝试 2/3): 403 Client Error: Forbidden for url: https://huyazy.com/index.php/vod/type/id/20/page/1.html?ac=detail
2025-11-13 16:32:25,391 - ERROR - 请求失败 (尝试 3/3): 403 Client Error: Forbidden for url: https://huyazy.com/index.php/vod/type/id/20/page/1.html?ac=detail
2025-11-13 16:32:25,464 - ERROR - 请求失败 (尝试 1/3): 403 Client Error: Forbidden for url: https://huyazy.com/index.php/vod/type/id/20/page/2.html?ac=detail
2025-11-13 16:32:30,526 - ERROR - 请求失败 (尝试 2/3): 403 Client Error: Forbidden for url: https://huyazy.com/index.php/vod/type/id/20/page/2.html?ac=detail
2025-11-13 16:32:35,603 - ERROR - 请求失败 (尝试 3/3): 403 Client Error: Forbidden for url: https://huyazy.com/index.php/vod/type/id/20/page/2.html?ac=detail
2025-11-14 16:34:15,215 - ERROR - 请求失败 (尝试 1/3): 403 Client Error: Forbidden for url: https://huyazy.com/index.php/vod/type/id/20/page/1.html?ac=detail
2025-11-14 16:34:20,283 - ERROR - 请求失败 (尝试 2/3): 403 Client Error: Forbidden for url: https://huyazy.com/index.php/vod/type/id/20/page/1.html?ac=detail
2025-11-14 16:34:25,359 - ERROR - 请求失败 (尝试 3/3): 403 Client Error: Forbidden for url: https://huyazy.com/index.php/vod/type/id/20/page/1.html?ac=detail
2025-11-14 16:34:25,417 - ERROR - 请求失败 (尝试 1/3): 403 Client Error: Forbidden for url: https://huyazy.com/index.php/vod/type/id/20/page/2.html?ac=detail
2025-11-14 16:34:30,479 - ERROR - 请求失败 (尝试 2/3): 403 Client Error: Forbidden for url: https://huyazy.com/index.php/vod/type/id/20/page/2.html?ac=detail
2025-11-14 16:34:35,537 - ERROR - 请求失败 (尝试 3/3): 403 Client Error: Forbidden for url: https://huyazy.com/index.php/vod/type/id/20/page/2.html?ac=detail
2025-11-15 16:28:18,472 - ERROR - 请求失败 (尝试 1/3): 403 Client Error: Forbidden for url: https://huyazy.com/index.php/vod/type/id/20/page/1.html?ac=detail
2025-11-15 16:28:23,573 - ERROR - 请求失败 (尝试 2/3): 403 Client Error: Forbidden for url: https://huyazy.com/index.php/vod/type/id/20/page/1.html?ac=detail
2025-11-15 16:28:28,671 - ERROR - 请求失败 (尝试 3/3): 403 Client Error: Forbidden for url: https://huyazy.com/index.php/vod/type/id/20/page/1.html?ac=detail
2025-11-15 16:28:28,764 - ERROR - 请求失败 (尝试 1/3): 403 Client Error: Forbidden for url: https://huyazy.com/index.php/vod/type/id/20/page/2.html?ac=detail
2025-11-15 16:28:33,864 - ERROR - 请求失败 (尝试 2/3): 403 Client Error: Forbidden for url: https://huyazy.com/index.php/vod/type/id/20/page/2.html?ac=detail
2025-11-15 16:28:38,956 - ERROR - 请求失败 (尝试 3/3): 403 Client Error: Forbidden for url: https://huyazy.com/index.php/vod/type/id/20/page/2.html?ac=detail
2025-11-16 16:29:19,787 - ERROR - 请求失败 (尝试 1/3): 403 Client Error: Forbidden for url: https://huyazy.com/index.php/vod/type/id/20/page/1.html?ac=detail
2025-11-16 16:29:24,852 - ERROR - 请求失败 (尝试 2/3): 403 Client Error: Forbidden for url: https://huyazy.com/index.php/vod/type/id/20/page/1.html?ac=detail
2025-11-16 16:29:29,920 - ERROR - 请求失败 (尝试 3/3): 403 Client Error: Forbidden for url: https://huyazy.com/index.php/vod/type/id/20/page/1.html?ac=detail
2025-11-16 16:29:29,981 - ERROR - 请求失败 (尝试 1/3): 403 Client Error: Forbidden for url: https://huyazy.com/index.php/vod/type/id/20/page/2.html?ac=detail
2025-11-16 16:29:35,055 - ERROR - 请求失败 (尝试 2/3): 403 Client Error: Forbidden for url: https://huyazy.com/index.php/vod/type/id/20/page/2.html?ac=detail
2025-11-16 16:29:40,109 - ERROR - 请求失败 (尝试 3/3): 403 Client Error: Forbidden for url: https://huyazy.com/index.php/vod/type/id/20/page/2.html?ac=detail
2025-11-17 16:35:28,704 - ERROR - 请求失败 (尝试 1/3): 403 Client Error: Forbidden for url: https://huyazy.com/index.php/vod/type/id/20/page/1.html?ac=detail
2025-11-17 16:35:33,804 - ERROR - 请求失败 (尝试 2/3): 403 Client Error: Forbidden for url: https://huyazy.com/index.php/vod/type/id/20/page/1.html?ac=detail
2025-11-17 16:35:38,906 - ERROR - 请求失败 (尝试 3/3): 403 Client Error: Forbidden for url: https://huyazy.com/index.php/vod/type/id/20/page/1.html?ac=detail
2025-11-17 16:35:38,998 - ERROR - 请求失败 (尝试 1/3): 403 Client Error: Forbidden for url: https://huyazy.com/index.php/vod/type/id/20/page/2.html?ac=detail
2025-11-17 16:35:44,087 - ERROR - 请求失败 (尝试 2/3): 403 Client Error: Forbidden for url: https://huyazy.com/index.php/vod/type/id/20/page/2.html?ac=detail
2025-11-17 16:35:49,184 - ERROR - 请求失败 (尝试 3/3): 403 Client Error: Forbidden for url: https://huyazy.com/index.php/vod/type/id/20/page/2.html?ac=detail
2025-11-18 16:36:22,325 - ERROR - 请求失败 (尝试 1/3): 403 Client Error: Forbidden for url: https://huyazy.com/index.php/vod/type/id/20/page/1.html?ac=detail
2025-11-18 16:36:27,428 - ERROR - 请求失败 (尝试 2/3): 403 Client Error: Forbidden for url: https://huyazy.com/index.php/vod/type/id/20/page/1.html?ac=detail
2025-11-18 16:36:32,481 - ERROR - 请求失败 (尝试 3/3): 403 Client Error: Forbidden for url: https://huyazy.com/index.php/vod/type/id/20/page/1.html?ac=detail
2025-11-18 16:36:32,575 - ERROR - 请求失败 (尝试 1/3): 403 Client Error: Forbidden for url: https://huyazy.com/index.php/vod/type/id/20/page/2.html?ac=detail
2025-11-18 16:36:37,634 - ERROR - 请求失败 (尝试 2/3): 403 Client Error: Forbidden for url: https://huyazy.com/index.php/vod/type/id/20/page/2.html?ac=detail
2025-11-18 16:36:42,692 - ERROR - 请求失败 (尝试 3/3): 403 Client Error: Forbidden for url: https://huyazy.com/index.php/vod/type/id/20/page/2.html?ac=detail
2025-11-19 16:34:50,700 - ERROR - 请求失败 (尝试 1/3): 403 Client Error: Forbidden for url: https://huyazy.com/index.php/vod/type/id/20/page/1.html?ac=detail
2025-11-19 16:34:55,772 - ERROR - 请求失败 (尝试 2/3): 403 Client Error: Forbidden for url: https://huyazy.com/index.php/vod/type/id/20/page/1.html?ac=detail
2025-11-19 16:35:00,902 - ERROR - 请求失败 (尝试 3/3): 403 Client Error: Forbidden for url: https://huyazy.com/index.php/vod/type/id/20/page/1.html?ac=detail
2025-11-19 16:35:00,964 - ERROR - 请求失败 (尝试 1/3): 403 Client Error: Forbidden for url: https://huyazy.com/index.php/vod/type/id/20/page/2.html?ac=detail
2025-11-19 16:35:06,058 - ERROR - 请求失败 (尝试 2/3): 403 Client Error: Forbidden for url: https://huyazy.com/index.php/vod/type/id/20/page/2.html?ac=detail
2025-11-19 16:35:11,120 - ERROR - 请求失败 (尝试 3/3): 403 Client Error: Forbidden for url: https://huyazy.com/index.php/vod/type/id/20/page/2.html?ac=detail
2025-11-20 16:34:12,932 - ERROR - 请求失败 (尝试 1/3): 403 Client Error: Forbidden for url: https://huyazy.com/index.php/vod/type/id/20/page/1.html?ac=detail
2025-11-20 16:34:18,028 - ERROR - 请求失败 (尝试 2/3): 403 Client Error: Forbidden for url: https://huyazy.com/index.php/vod/type/id/20/page/1.html?ac=detail
2025-11-20 16:34:23,090 - ERROR - 请求失败 (尝试 3/3): 403 Client Error: Forbidden for url: https://huyazy.com/index.php/vod/type/id/20/page/1.html?ac=detail
2025-11-20 16:34:23,170 - ERROR - 请求失败 (尝试 1/3): 403 Client Error: Forbidden for url: https://huyazy.com/index.php/vod/type/id/20/page/2.html?ac=detail
2025-11-20 16:34:28,236 - ERROR - 请求失败 (尝试 2/3): 403 Client Error: Forbidden for url: https://huyazy.com/index.php/vod/type/id/20/page/2.html?ac=detail
2025-11-20 16:34:33,299 - ERROR - 请求失败 (尝试 3/3): 403 Client Error: Forbidden for url: https://huyazy.com/index.php/vod/type/id/20/page/2.html?ac=detail
2025-11-21 16:31:30,248 - ERROR - 请求失败 (尝试 1/3): 403 Client Error: Forbidden for url: https://huyazy.com/index.php/vod/type/id/20/page/1.html?ac=detail
2025-11-21 16:31:35,310 - ERROR - 请求失败 (尝试 2/3): 403 Client Error: Forbidden for url: https://huyazy.com/index.php/vod/type/id/20/page/1.html?ac=detail
2025-11-21 16:31:40,419 - ERROR - 请求失败 (尝试 3/3): 403 Client Error: Forbidden for url: https://huyazy.com/index.php/vod/type/id/20/page/1.html?ac=detail
2025-11-21 16:31:40,525 - ERROR - 请求失败 (尝试 1/3): 403 Client Error: Forbidden for url: https://huyazy.com/index.php/vod/type/id/20/page/2.html?ac=detail
2025-11-21 16:31:45,595 - ERROR - 请求失败 (尝试 2/3): 403 Client Error: Forbidden for url: https://huyazy.com/index.php/vod/type/id/20/page/2.html?ac=detail
2025-11-21 16:31:50,645 - ERROR - 请求失败 (尝试 3/3): 403 Client Error: Forbidden for url: https://huyazy.com/index.php/vod/type/id/20/page/2.html?ac=detail
2025-11-22 16:29:35,541 - ERROR - 请求失败 (尝试 1/3): 403 Client Error: Forbidden for url: https://huyazy.com/index.php/vod/type/id/20/page/1.html?ac=detail
2025-11-22 16:29:40,597 - ERROR - 请求失败 (尝试 2/3): 403 Client Error: Forbidden for url: https://huyazy.com/index.php/vod/type/id/20/page/1.html?ac=detail
2025-11-22 16:29:45,641 - ERROR - 请求失败 (尝试 3/3): 403 Client Error: Forbidden for url: https://huyazy.com/index.php/vod/type/id/20/page/1.html?ac=detail
2025-11-22 16:29:45,701 - ERROR - 请求失败 (尝试 1/3): 403 Client Error: Forbidden for url: https://huyazy.com/index.php/vod/type/id/20/page/2.html?ac=detail
2025-11-22 16:29:50,750 - ERROR - 请求失败 (尝试 2/3): 403 Client Error: Forbidden for url: https://huyazy.com/index.php/vod/type/id/20/page/2.html?ac=detail
2025-11-22 16:29:55,796 - ERROR - 请求失败 (尝试 3/3): 403 Client Error: Forbidden for url: https://huyazy.com/index.php/vod/type/id/20/page/2.html?ac=detail
2025-11-23 16:30:02,122 - ERROR - 请求失败 (尝试 1/3): 403 Client Error: Forbidden for url: https://huyazy.com/index.php/vod/type/id/20/page/1.html?ac=detail
2025-11-23 16:30:07,183 - ERROR - 请求失败 (尝试 2/3): 403 Client Error: Forbidden for url: https://huyazy.com/index.php/vod/type/id/20/page/1.html?ac=detail
2025-11-23 16:30:12,237 - ERROR - 请求失败 (尝试 3/3): 403 Client Error: Forbidden for url: https://huyazy.com/index.php/vod/type/id/20/page/1.html?ac=detail
2025-11-23 16:30:12,295 - ERROR - 请求失败 (尝试 1/3): 403 Client Error: Forbidden for url: https://huyazy.com/index.php/vod/type/id/20/page/2.html?ac=detail
2025-11-23 16:30:17,337 - ERROR - 请求失败 (尝试 2/3): 403 Client Error: Forbidden for url: https://huyazy.com/index.php/vod/type/id/20/page/2.html?ac=detail
2025-11-23 16:30:22,387 - ERROR - 请求失败 (尝试 3/3): 403 Client Error: Forbidden for url: https://huyazy.com/index.php/vod/type/id/20/page/2.html?ac=detail
2025-11-24 16:30:19,021 - ERROR - 请求失败 (尝试 1/3): 403 Client Error: Forbidden for url: https://huyazy.com/index.php/vod/type/id/20/page/1.html?ac=detail
2025-11-24 16:30:24,105 - ERROR - 请求失败 (尝试 2/3): 403 Client Error: Forbidden for url: https://huyazy.com/index.php/vod/type/id/20/page/1.html?ac=detail
2025-11-24 16:30:29,292 - ERROR - 请求失败 (尝试 3/3): 403 Client Error: Forbidden for url: https://huyazy.com/index.php/vod/type/id/20/page/1.html?ac=detail
2025-11-24 16:30:29,361 - ERROR - 请求失败 (尝试 1/3): 403 Client Error: Forbidden for url: https://huyazy.com/index.php/vod/type/id/20/page/2.html?ac=detail
2025-11-24 16:30:34,447 - ERROR - 请求失败 (尝试 2/3): 403 Client Error: Forbidden for url: https://huyazy.com/index.php/vod/type/id/20/page/2.html?ac=detail
2025-11-24 16:30:39,518 - ERROR - 请求失败 (尝试 3/3): 403 Client Error: Forbidden for url: https://huyazy.com/index.php/vod/type/id/20/page/2.html?ac=detail
2025-11-25 16:35:56,207 - ERROR - 请求失败 (尝试 1/3): 403 Client Error: Forbidden for url: https://huyazy.com/index.php/vod/type/id/20/page/1.html?ac=detail
2025-11-25 16:36:01,350 - ERROR - 请求失败 (尝试 2/3): 403 Client Error: Forbidden for url: https://huyazy.com/index.php/vod/type/id/20/page/1.html?ac=detail
2025-11-25 16:36:06,556 - ERROR - 请求失败 (尝试 3/3): 403 Client Error: Forbidden for url: https://huyazy.com/index.php/vod/type/id/20/page/1.html?ac=detail
2025-11-25 16:36:06,789 - ERROR - 请求失败 (尝试 1/3): 403 Client Error: Forbidden for url: https://huyazy.com/index.php/vod/type/id/20/page/2.html?ac=detail
2025-11-25 16:36:11,903 - ERROR - 请求失败 (尝试 2/3): 403 Client Error: Forbidden for url: https://huyazy.com/index.php/vod/type/id/20/page/2.html?ac=detail
2025-11-25 16:36:17,107 - ERROR - 请求失败 (尝试 3/3): 403 Client Error: Forbidden for url: https://huyazy.com/index.php/vod/type/id/20/page/2.html?ac=detail
2025-11-26 16:34:12,460 - ERROR - 请求失败 (尝试 1/3): 403 Client Error: Forbidden for url: https://huyazy.com/index.php/vod/type/id/20/page/1.html?ac=detail
2025-11-26 16:34:17,508 - ERROR - 请求失败 (尝试 2/3): 403 Client Error: Forbidden for url: https://huyazy.com/index.php/vod/type/id/20/page/1.html?ac=detail
2025-11-26 16:34:22,568 - ERROR - 请求失败 (尝试 3/3): 403 Client Error: Forbidden for url: https://huyazy.com/index.php/vod/type/id/20/page/1.html?ac=detail
2025-11-26 16:34:22,619 - ERROR - 请求失败 (尝试 1/3): 403 Client Error: Forbidden for url: https://huyazy.com/index.php/vod/type/id/20/page/2.html?ac=detail
2025-11-26 16:34:27,659 - ERROR - 请求失败 (尝试 2/3): 403 Client Error: Forbidden for url: https://huyazy.com/index.php/vod/type/id/20/page/2.html?ac=detail
2025-11-26 16:34:32,701 - ERROR - 请求失败 (尝试 3/3): 403 Client Error: Forbidden for url: https://huyazy.com/index.php/vod/type/id/20/page/2.html?ac=detail
2025-11-27 16:32:31,252 - ERROR - 请求失败 (尝试 1/3): 403 Client Error: Forbidden for url: https://huyazy.com/index.php/vod/type/id/20/page/1.html?ac=detail
2025-11-27 16:32:36,302 - ERROR - 请求失败 (尝试 2/3): 403 Client Error: Forbidden for url: https://huyazy.com/index.php/vod/type/id/20/page/1.html?ac=detail
2025-11-27 16:32:41,345 - ERROR - 请求失败 (尝试 3/3): 403 Client Error: Forbidden for url: https://huyazy.com/index.php/vod/type/id/20/page/1.html?ac=detail
2025-11-27 16:32:41,398 - ERROR - 请求失败 (尝试 1/3): 403 Client Error: Forbidden for url: https://huyazy.com/index.php/vod/type/id/20/page/2.html?ac=detail
2025-11-27 16:32:46,443 - ERROR - 请求失败 (尝试 2/3): 403 Client Error: Forbidden for url: https://huyazy.com/index.php/vod/type/id/20/page/2.html?ac=detail
2025-11-27 16:32:51,497 - ERROR - 请求失败 (尝试 3/3): 403 Client Error: Forbidden for url: https://huyazy.com/index.php/vod/type/id/20/page/2.html?ac=detail
2025-11-28 16:32:14,692 - ERROR - 请求失败 (尝试 1/3): 403 Client Error: Forbidden for url: https://huyazy.com/index.php/vod/type/id/20/page/1.html?ac=detail
2025-11-28 16:32:19,754 - ERROR - 请求失败 (尝试 2/3): 403 Client Error: Forbidden for url: https://huyazy.com/index.php/vod/type/id/20/page/1.html?ac=detail
2025-11-28 16:32:24,818 - ERROR - 请求失败 (尝试 3/3): 403 Client Error: Forbidden for url: https://huyazy.com/index.php/vod/type/id/20/page/1.html?ac=detail
2025-11-28 16:32:24,902 - ERROR - 请求失败 (尝试 1/3): 403 Client Error: Forbidden for url: https://huyazy.com/index.php/vod/type/id/20/page/2.html?ac=detail
2025-11-28 16:32:29,959 - ERROR - 请求失败 (尝试 2/3): 403 Client Error: Forbidden for url: https://huyazy.com/index.php/vod/type/id/20/page/2.html?ac=detail
2025-11-28 16:32:35,012 - ERROR - 请求失败 (尝试 3/3): 403 Client Error: Forbidden for url: https://huyazy.com/index.php/vod/type/id/20/page/2.html?ac=detail
2025-11-29 16:30:52,535 - ERROR - 请求失败 (尝试 1/3): 403 Client Error: Forbidden for url: https://huyazy.com/index.php/vod/type/id/20/page/1.html?ac=detail
2025-11-29 16:30:57,597 - ERROR - 请求失败 (尝试 2/3): 403 Client Error: Forbidden for url: https://huyazy.com/index.php/vod/type/id/20/page/1.html?ac=detail
2025-11-29 16:31:02,646 - ERROR - 请求失败 (尝试 3/3): 403 Client Error: Forbidden for url: https://huyazy.com/index.php/vod/type/id/20/page/1.html?ac=detail
2025-11-29 16:31:02,723 - ERROR - 请求失败 (尝试 1/3): 403 Client Error: Forbidden for url: https://huyazy.com/index.php/vod/type/id/20/page/2.html?ac=detail
2025-11-29 16:31:07,765 - ERROR - 请求失败 (尝试 2/3): 403 Client Error: Forbidden for url: https://huyazy.com/index.php/vod/type/id/20/page/2.html?ac=detail
2025-11-29 16:31:12,835 - ERROR - 请求失败 (尝试 3/3): 403 Client Error: Forbidden for url: https://huyazy.com/index.php/vod/type/id/20/page/2.html?ac=detail
2025-11-30 16:30:42,904 - ERROR - 请求失败 (尝试 1/3): 403 Client Error: Forbidden for url: https://huyazy.com/index.php/vod/type/id/20/page/1.html?ac=detail
2025-11-30 16:30:47,958 - ERROR - 请求失败 (尝试 2/3): 403 Client Error: Forbidden for url: https://huyazy.com/index.php/vod/type/id/20/page/1.html?ac=detail
2025-11-30 16:30:52,998 - ERROR - 请求失败 (尝试 3/3): 403 Client Error: Forbidden for url: https://huyazy.com/index.php/vod/type/id/20/page/1.html?ac=detail
2025-11-30 16:30:53,054 - ERROR - 请求失败 (尝试 1/3): 403 Client Error: Forbidden for url: https://huyazy.com/index.php/vod/type/id/20/page/2.html?ac=detail
2025-11-30 16:30:58,105 - ERROR - 请求失败 (尝试 2/3): 403 Client Error: Forbidden for url: https://huyazy.com/index.php/vod/type/id/20/page/2.html?ac=detail
2025-11-30 16:31:03,145 - ERROR - 请求失败 (尝试 3/3): 403 Client Error: Forbidden for url: https://huyazy.com/index.php/vod/type/id/20/page/2.html?ac=detail
2025-12-01 16:37:18,183 - ERROR - 请求失败 (尝试 1/3): 403 Client Error: Forbidden for url: https://huyazy.com/index.php/vod/type/id/20/page/1.html?ac=detail
2025-12-01 16:37:23,321 - ERROR - 请求失败 (尝试 2/3): 403 Client Error: Forbidden for url: https://huyazy.com/index.php/vod/type/id/20/page/1.html?ac=detail
2025-12-01 16:37:28,421 - ERROR - 请求失败 (尝试 3/3): 403 Client Error: Forbidden for url: https://huyazy.com/index.php/vod/type/id/20/page/1.html?ac=detail
2025-12-01 16:37:28,519 - ERROR - 请求失败 (尝试 1/3): 403 Client Error: Forbidden for url: https://huyazy.com/index.php/vod/type/id/20/page/2.html?ac=detail
2025-12-01 16:37:33,664 - ERROR - 请求失败 (尝试 2/3): 403 Client Error: Forbidden for url: https://huyazy.com/index.php/vod/type/id/20/page/2.html?ac=detail
2025-12-01 16:37:38,757 - ERROR - 请求失败 (尝试 3/3): 403 Client Error: Forbidden for url: https://huyazy.com/index.php/vod/type/id/20/page/2.html?ac=detail
2025-12-02 16:37:34,383 - ERROR - 请求失败 (尝试 1/3): 403 Client Error: Forbidden for url: https://huyazy.com/index.php/vod/type/id/20/page/1.html?ac=detail
2025-12-02 16:37:39,433 - ERROR - 请求失败 (尝试 2/3): 403 Client Error: Forbidden for url: https://huyazy.com/index.php/vod/type/id/20/page/1.html?ac=detail
2025-12-02 16:37:44,479 - ERROR - 请求失败 (尝试 3/3): 403 Client Error: Forbidden for url: https://huyazy.com/index.php/vod/type/id/20/page/1.html?ac=detail
2025-12-02 16:37:44,526 - ERROR - 请求失败 (尝试 1/3): 403 Client Error: Forbidden for url: https://huyazy.com/index.php/vod/type/id/20/page/2.html?ac=detail
2025-12-02 16:37:49,565 - ERROR - 请求失败 (尝试 2/3): 403 Client Error: Forbidden for url: https://huyazy.com/index.php/vod/type/id/20/page/2.html?ac=detail
2025-12-02 16:37:54,614 - ERROR - 请求失败 (尝试 3/3): 403 Client Error: Forbidden for url: https://huyazy.com/index.php/vod/type/id/20/page/2.html?ac=detail
2025-12-03 16:37:57,780 - ERROR - 请求失败 (尝试 1/3): 403 Client Error: Forbidden for url: https://huyazy.com/index.php/vod/type/id/20/page/1.html?ac=detail
2025-12-03 16:38:02,856 - ERROR - 请求失败 (尝试 2/3): 403 Client Error: Forbidden for url: https://huyazy.com/index.php/vod/type/id/20/page/1.html?ac=detail
2025-12-03 16:38:07,916 - ERROR - 请求失败 (尝试 3/3): 403 Client Error: Forbidden for url: https://huyazy.com/index.php/vod/type/id/20/page/1.html?ac=detail
2025-12-03 16:38:07,997 - ERROR - 请求失败 (尝试 1/3): 403 Client Error: Forbidden for url: https://huyazy.com/index.php/vod/type/id/20/page/2.html?ac=detail
2025-12-03 16:38:13,073 - ERROR - 请求失败 (尝试 2/3): 403 Client Error: Forbidden for url: https://huyazy.com/index.php/vod/type/id/20/page/2.html?ac=detail
2025-12-03 16:38:18,142 - ERROR - 请求失败 (尝试 3/3): 403 Client Error: Forbidden for url: https://huyazy.com/index.php/vod/type/id/20/page/2.html?ac=detail
2025-12-04 16:38:10,976 - ERROR - 请求失败 (尝试 1/3): 403 Client Error: Forbidden for url: https://huyazy.com/index.php/vod/type/id/20/page/1.html?ac=detail
2025-12-04 16:38:16,025 - ERROR - 请求失败 (尝试 2/3): 403 Client Error: Forbidden for url: https://huyazy.com/index.php/vod/type/id/20/page/1.html?ac=detail
2025-12-04 16:38:21,077 - ERROR - 请求失败 (尝试 3/3): 403 Client Error: Forbidden for url: https://huyazy.com/index.php/vod/type/id/20/page/1.html?ac=detail
2025-12-04 16:38:21,125 - ERROR - 请求失败 (尝试 1/3): 403 Client Error: Forbidden for url: https://huyazy.com/index.php/vod/type/id/20/page/2.html?ac=detail
2025-12-04 16:38:26,221 - ERROR - 请求失败 (尝试 2/3): 403 Client Error: Forbidden for url: https://huyazy.com/index.php/vod/type/id/20/page/2.html?ac=detail
2025-12-04 16:38:31,264 - ERROR - 请求失败 (尝试 3/3): 403 Client Error: Forbidden for url: https://huyazy.com/index.php/vod/type/id/20/page/2.html?ac=detail
2025-12-28 16:32:51,150 - ERROR - 请求失败 (尝试 1/3): 403 Client Error: Forbidden for url: https://image.huyajs.com/cover/b23c20c5f2f8dfcfa596ce067954bdbe.jpg
2025-12-28 16:32:56,367 - ERROR - 请求失败 (尝试 2/3): 403 Client Error: Forbidden for url: https://image.huyajs.com/cover/b23c20c5f2f8dfcfa596ce067954bdbe.jpg
2025-12-28 16:33:01,668 - ERROR - 请求失败 (尝试 3/3): 403 Client Error: Forbidden for url: https://image.huyajs.com/cover/b23c20c5f2f8dfcfa596ce067954bdbe.jpg
2025-12-28 16:33:01,669 - ERROR - 封面图片下载失败: 封面图片下载失败
2025-12-28 16:33:06,467 - ERROR - 请求失败 (尝试 1/3): 403 Client Error: Forbidden for url: https://image.huyajs.com/cover/327c6762ff523b24144fc1b06b9b84c3.jpg
2025-12-28 16:33:11,745 - ERROR - 请求失败 (尝试 2/3): 403 Client Error: Forbidden for url: https://image.huyajs.com/cover/327c6762ff523b24144fc1b06b9b84c3.jpg
2025-12-28 16:33:17,032 - ERROR - 请求失败 (尝试 3/3): 403 Client Error: Forbidden for url: https://image.huyajs.com/cover/327c6762ff523b24144fc1b06b9b84c3.jpg
2025-12-28 16:33:17,033 - ERROR - 封面图片下载失败: 封面图片下载失败
2025-12-28 16:33:20,944 - ERROR - 请求失败 (尝试 1/3): 403 Client Error: Forbidden for url: https://image.huyajs.com/cover/ccee9141bec62b782086f35c767b7022.jpg
2025-12-28 16:33:26,130 - ERROR - 请求失败 (尝试 2/3): 403 Client Error: Forbidden for url: https://image.huyajs.com/cover/ccee9141bec62b782086f35c767b7022.jpg
2025-12-28 16:33:31,387 - ERROR - 请求失败 (尝试 3/3): 403 Client Error: Forbidden for url: https://image.huyajs.com/cover/ccee9141bec62b782086f35c767b7022.jpg
2025-12-28 16:33:31,388 - ERROR - 封面图片下载失败: 封面图片下载失败
2025-12-28 16:33:35,047 - ERROR - 请求失败 (尝试 1/3): 403 Client Error: Forbidden for url: https://image.huyajs.com/cover/0dccad0a1cdb73b74c0d6195d53c54b7.jpg
2025-12-28 16:33:40,239 - ERROR - 请求失败 (尝试 2/3): 403 Client Error: Forbidden for url: https://image.huyajs.com/cover/0dccad0a1cdb73b74c0d6195d53c54b7.jpg
2025-12-28 16:33:45,388 - ERROR - 请求失败 (尝试 3/3): ('Connection aborted.', RemoteDisconnected('Remote end closed connection without response'))
2025-12-28 16:33:45,388 - ERROR - 封面图片下载失败: 封面图片下载失败
2025-12-28 16:33:49,084 - ERROR - 请求失败 (尝试 1/3): ('Connection aborted.', RemoteDisconnected('Remote end closed connection without response'))
2025-12-28 16:33:54,234 - ERROR - 请求失败 (尝试 2/3): ('Connection aborted.', RemoteDisconnected('Remote end closed connection without response'))
2025-12-28 16:33:59,387 - ERROR - 请求失败 (尝试 3/3): ('Connection aborted.', RemoteDisconnected('Remote end closed connection without response'))
2025-12-28 16:33:59,387 - ERROR - 封面图片下载失败: 封面图片下载失败
2025-12-28 16:34:02,965 - ERROR - 请求失败 (尝试 1/3): ('Connection aborted.', RemoteDisconnected('Remote end closed connection without response'))
2025-12-28 16:34:08,112 - ERROR - 请求失败 (尝试 2/3): ('Connection aborted.', RemoteDisconnected('Remote end closed connection without response'))
2025-12-28 16:34:13,262 - ERROR - 请求失败 (尝试 3/3): ('Connection aborted.', RemoteDisconnected('Remote end closed connection without response'))
2025-12-28 16:34:13,262 - ERROR - 封面图片下载失败: 封面图片下载失败
2025-12-28 16:34:17,508 - ERROR - 请求失败 (尝试 1/3): ('Connection aborted.', RemoteDisconnected('Remote end closed connection without response'))
2025-12-28 16:34:22,657 - ERROR - 请求失败 (尝试 2/3): ('Connection aborted.', RemoteDisconnected('Remote end closed connection without response'))
2025-12-28 16:34:27,805 - ERROR - 请求失败 (尝试 3/3): ('Connection aborted.', RemoteDisconnected('Remote end closed connection without response'))
2025-12-28 16:34:27,805 - ERROR - 封面图片下载失败: 封面图片下载失败
2025-12-28 16:34:32,779 - ERROR - 请求失败 (尝试 1/3): ('Connection aborted.', RemoteDisconnected('Remote end closed connection without response'))
2025-12-28 16:34:38,019 - ERROR - 请求失败 (尝试 2/3): ('Connection aborted.', RemoteDisconnected('Remote end closed connection without response'))
2025-12-28 16:34:43,164 - ERROR - 请求失败 (尝试 3/3): ('Connection aborted.', RemoteDisconnected('Remote end closed connection without response'))
2025-12-28 16:34:43,164 - ERROR - 封面图片下载失败: 封面图片下载失败
2025-12-28 16:34:46,296 - ERROR - 请求失败 (尝试 1/3): ('Connection aborted.', RemoteDisconnected('Remote end closed connection without response'))
2025-12-28 16:34:51,444 - ERROR - 请求失败 (尝试 2/3): ('Connection aborted.', RemoteDisconnected('Remote end closed connection without response'))
2025-12-28 16:34:56,591 - ERROR - 请求失败 (尝试 3/3): ('Connection aborted.', RemoteDisconnected('Remote end closed connection without response'))
2025-12-28 16:34:56,591 - ERROR - 封面图片下载失败: 封面图片下载失败
2025-12-28 16:35:00,639 - ERROR - 请求失败 (尝试 1/3): ('Connection aborted.', RemoteDisconnected('Remote end closed connection without response'))
2025-12-28 16:35:05,788 - ERROR - 请求失败 (尝试 2/3): ('Connection aborted.', RemoteDisconnected('Remote end closed connection without response'))
2025-12-28 16:35:10,935 - ERROR - 请求失败 (尝试 3/3): ('Connection aborted.', RemoteDisconnected('Remote end closed connection without response'))
2025-12-28 16:35:10,935 - ERROR - 封面图片下载失败: 封面图片下载失败
2025-12-28 16:35:15,692 - ERROR - 请求失败 (尝试 1/3): ('Connection aborted.', RemoteDisconnected('Remote end closed connection without response'))
2025-12-28 16:35:20,837 - ERROR - 请求失败 (尝试 2/3): ('Connection aborted.', RemoteDisconnected('Remote end closed connection without response'))
2025-12-28 16:35:25,983 - ERROR - 请求失败 (尝试 3/3): ('Connection aborted.', RemoteDisconnected('Remote end closed connection without response'))
2025-12-28 16:35:25,983 - ERROR - 封面图片下载失败: 封面图片下载失败
2025-12-28 16:35:28,539 - ERROR - 请求失败 (尝试 1/3): ('Connection aborted.', RemoteDisconnected('Remote end closed connection without response'))
2025-12-28 16:35:33,688 - ERROR - 请求失败 (尝试 2/3): ('Connection aborted.', RemoteDisconnected('Remote end closed connection without response'))
2025-12-28 16:35:38,834 - ERROR - 请求失败 (尝试 3/3): ('Connection aborted.', RemoteDisconnected('Remote end closed connection without response'))
2025-12-28 16:35:38,834 - ERROR - 封面图片下载失败: 封面图片下载失败
2025-12-28 16:35:42,388 - ERROR - 请求失败 (尝试 1/3): ('Connection aborted.', RemoteDisconnected('Remote end closed connection without response'))
2025-12-28 16:35:47,534 - ERROR - 请求失败 (尝试 2/3): ('Connection aborted.', RemoteDisconnected('Remote end closed connection without response'))
2025-12-28 16:35:52,683 - ERROR - 请求失败 (尝试 3/3): ('Connection aborted.', RemoteDisconnected('Remote end closed connection without response'))
2025-12-28 16:35:52,683 - ERROR - 封面图片下载失败: 封面图片下载失败
2025-12-28 16:35:57,238 - ERROR - 请求失败 (尝试 1/3): ('Connection aborted.', RemoteDisconnected('Remote end closed connection without response'))
2025-12-28 16:36:02,384 - ERROR - 请求失败 (尝试 2/3): ('Connection aborted.', RemoteDisconnected('Remote end closed connection without response'))
2025-12-28 16:36:07,529 - ERROR - 请求失败 (尝试 3/3): ('Connection aborted.', RemoteDisconnected('Remote end closed connection without response'))
2025-12-28 16:36:07,529 - ERROR - 封面图片下载失败: 封面图片下载失败
2025-12-28 16:36:10,674 - ERROR - 请求失败 (尝试 1/3): ('Connection aborted.', RemoteDisconnected('Remote end closed connection without response'))
2025-12-28 16:36:15,825 - ERROR - 请求失败 (尝试 2/3): ('Connection aborted.', RemoteDisconnected('Remote end closed connection without response'))
2025-12-28 16:36:20,971 - ERROR - 请求失败 (尝试 3/3): ('Connection aborted.', RemoteDisconnected('Remote end closed connection without response'))
2025-12-28 16:36:20,971 - ERROR - 封面图片下载失败: 封面图片下载失败
2025-12-28 16:36:23,423 - ERROR - 请求失败 (尝试 1/3): ('Connection aborted.', RemoteDisconnected('Remote end closed connection without response'))
2025-12-28 16:36:28,570 - ERROR - 请求失败 (尝试 2/3): ('Connection aborted.', RemoteDisconnected('Remote end closed connection without response'))
2025-12-28 16:36:33,716 - ERROR - 请求失败 (尝试 3/3): ('Connection aborted.', RemoteDisconnected('Remote end closed connection without response'))
2025-12-28 16:36:33,716 - ERROR - 封面图片下载失败: 封面图片下载失败
2025-12-28 16:36:37,332 - ERROR - 请求失败 (尝试 1/3): ('Connection aborted.', RemoteDisconnected('Remote end closed connection without response'))
2025-12-28 16:36:42,478 - ERROR - 请求失败 (尝试 2/3): ('Connection aborted.', RemoteDisconnected('Remote end closed connection without response'))
2025-12-28 16:36:47,624 - ERROR - 请求失败 (尝试 3/3): ('Connection aborted.', RemoteDisconnected('Remote end closed connection without response'))
2025-12-28 16:36:47,624 - ERROR - 封面图片下载失败: 封面图片下载失败
2025-12-28 16:36:51,489 - ERROR - 请求失败 (尝试 1/3): ('Connection aborted.', RemoteDisconnected('Remote end closed connection without response'))
2025-12-28 16:36:56,635 - ERROR - 请求失败 (尝试 2/3): ('Connection aborted.', RemoteDisconnected('Remote end closed connection without response'))
2025-12-28 16:37:01,785 - ERROR - 请求失败 (尝试 3/3): ('Connection aborted.', RemoteDisconnected('Remote end closed connection without response'))
2025-12-28 16:37:01,785 - ERROR - 封面图片下载失败: 封面图片下载失败
2025-12-28 16:37:06,261 - ERROR - 请求失败 (尝试 1/3): ('Connection aborted.', RemoteDisconnected('Remote end closed connection without response'))
2025-12-28 16:37:11,411 - ERROR - 请求失败 (尝试 2/3): ('Connection aborted.', RemoteDisconnected('Remote end closed connection without response'))
2025-12-28 16:37:16,561 - ERROR - 请求失败 (尝试 3/3): ('Connection aborted.', RemoteDisconnected('Remote end closed connection without response'))
2025-12-28 16:37:16,561 - ERROR - 封面图片下载失败: 封面图片下载失败
2025-12-28 16:37:20,681 - ERROR - 请求失败 (尝试 1/3): ('Connection aborted.', RemoteDisconnected('Remote end closed connection without response'))
2025-12-28 16:37:25,830 - ERROR - 请求失败 (尝试 2/3): ('Connection aborted.', RemoteDisconnected('Remote end closed connection without response'))
2025-12-28 16:37:30,984 - ERROR - 请求失败 (尝试 3/3): ('Connection aborted.', RemoteDisconnected('Remote end closed connection without response'))
2025-12-28 16:37:30,984 - ERROR - 封面图片下载失败: 封面图片下载失败
2025-12-28 16:37:35,432 - ERROR - 请求失败 (尝试 1/3): ('Connection aborted.', RemoteDisconnected('Remote end closed connection without response'))
2025-12-28 16:37:40,579 - ERROR - 请求失败 (尝试 2/3): ('Connection aborted.', RemoteDisconnected('Remote end closed connection without response'))
2025-12-28 16:37:45,730 - ERROR - 请求失败 (尝试 3/3): ('Connection aborted.', RemoteDisconnected('Remote end closed connection without response'))
2025-12-28 16:37:45,730 - ERROR - 封面图片下载失败: 封面图片下载失败
2025-12-28 16:37:49,923 - ERROR - 请求失败 (尝试 1/3): ('Connection aborted.', RemoteDisconnected('Remote end closed connection without response'))
2025-12-28 16:37:55,069 - ERROR - 请求失败 (尝试 2/3): ('Connection aborted.', RemoteDisconnected('Remote end closed connection without response'))
2025-12-28 16:38:00,217 - ERROR - 请求失败 (尝试 3/3): ('Connection aborted.', RemoteDisconnected('Remote end closed connection without response'))
2025-12-28 16:38:00,217 - ERROR - 封面图片下载失败: 封面图片下载失败
2025-12-28 16:38:04,129 - ERROR - 请求失败 (尝试 1/3): ('Connection aborted.', RemoteDisconnected('Remote end closed connection without response'))
2025-12-28 16:38:09,464 - ERROR - 请求失败 (尝试 2/3): ('Connection aborted.', RemoteDisconnected('Remote end closed connection without response'))
2025-12-28 16:38:14,638 - ERROR - 请求失败 (尝试 3/3): ('Connection aborted.', RemoteDisconnected('Remote end closed connection without response'))
2025-12-28 16:38:14,639 - ERROR - 封面图片下载失败: 封面图片下载失败
2025-12-28 16:38:19,879 - ERROR - 请求失败 (尝试 1/3): ('Connection aborted.', RemoteDisconnected('Remote end closed connection without response'))
2025-12-28 16:38:25,075 - ERROR - 请求失败 (尝试 2/3): ('Connection aborted.', RemoteDisconnected('Remote end closed connection without response'))
2025-12-28 16:38:30,225 - ERROR - 请求失败 (尝试 3/3): ('Connection aborted.', RemoteDisconnected('Remote end closed connection without response'))
2025-12-28 16:38:30,225 - ERROR - 封面图片下载失败: 封面图片下载失败
2025-12-28 16:38:33,975 - ERROR - 请求失败 (尝试 1/3): ('Connection aborted.', RemoteDisconnected('Remote end closed connection without response'))
2025-12-28 16:38:39,164 - ERROR - 请求失败 (尝试 2/3): ('Connection aborted.', RemoteDisconnected('Remote end closed connection without response'))
2025-12-28 16:38:44,313 - ERROR - 请求失败 (尝试 3/3): ('Connection aborted.', RemoteDisconnected('Remote end closed connection without response'))
2025-12-28 16:38:44,314 - ERROR - 封面图片下载失败: 封面图片下载失败
2025-12-28 16:38:49,267 - ERROR - 请求失败 (尝试 1/3): ('Connection aborted.', RemoteDisconnected('Remote end closed connection without response'))
2025-12-28 16:38:54,475 - ERROR - 请求失败 (尝试 2/3): ('Connection aborted.', RemoteDisconnected('Remote end closed connection without response'))
2025-12-28 16:38:59,624 - ERROR - 请求失败 (尝试 3/3): ('Connection aborted.', RemoteDisconnected('Remote end closed connection without response'))
2025-12-28 16:38:59,624 - ERROR - 封面图片下载失败: 封面图片下载失败
2025-12-28 16:39:02,259 - ERROR - 请求失败 (尝试 1/3): ('Connection aborted.', RemoteDisconnected('Remote end closed connection without response'))
2025-12-28 16:39:07,413 - ERROR - 请求失败 (尝试 2/3): ('Connection aborted.', RemoteDisconnected('Remote end closed connection without response'))
2025-12-28 16:39:12,559 - ERROR - 请求失败 (尝试 3/3): ('Connection aborted.', RemoteDisconnected('Remote end closed connection without response'))
2025-12-28 16:39:12,559 - ERROR - 封面图片下载失败: 封面图片下载失败
2025-12-28 16:39:15,821 - ERROR - 请求失败 (尝试 1/3): ('Connection aborted.', RemoteDisconnected('Remote end closed connection without response'))
2025-12-28 16:39:20,966 - ERROR - 请求失败 (尝试 2/3): ('Connection aborted.', RemoteDisconnected('Remote end closed connection without response'))
2025-12-28 16:39:26,112 - ERROR - 请求失败 (尝试 3/3): ('Connection aborted.', RemoteDisconnected('Remote end closed connection without response'))
2025-12-28 16:39:26,113 - ERROR - 封面图片下载失败: 封面图片下载失败
2025-12-28 16:39:28,885 - ERROR - 请求失败 (尝试 1/3): ('Connection aborted.', RemoteDisconnected('Remote end closed connection without response'))
2025-12-28 16:39:34,038 - ERROR - 请求失败 (尝试 2/3): ('Connection aborted.', RemoteDisconnected('Remote end closed connection without response'))
2025-12-28 16:39:39,191 - ERROR - 请求失败 (尝试 3/3): ('Connection aborted.', RemoteDisconnected('Remote end closed connection without response'))
2025-12-28 16:39:39,191 - ERROR - 封面图片下载失败: 封面图片下载失败
2025-12-28 16:39:44,069 - ERROR - 请求失败 (尝试 1/3): ('Connection aborted.', RemoteDisconnected('Remote end closed connection without response'))
2025-12-28 16:39:49,301 - ERROR - 请求失败 (尝试 2/3): ('Connection aborted.', RemoteDisconnected('Remote end closed connection without response'))
2025-12-28 16:39:54,446 - ERROR - 请求失败 (尝试 3/3): ('Connection aborted.', RemoteDisconnected('Remote end closed connection without response'))
2025-12-28 16:39:54,446 - ERROR - 封面图片下载失败: 封面图片下载失败
2025-12-28 16:39:57,978 - ERROR - 请求失败 (尝试 1/3): ('Connection aborted.', RemoteDisconnected('Remote end closed connection without response'))
2025-12-28 16:40:03,122 - ERROR - 请求失败 (尝试 2/3): ('Connection aborted.', RemoteDisconnected('Remote end closed connection without response'))
2025-12-28 16:40:08,273 - ERROR - 请求失败 (尝试 3/3): ('Connection aborted.', RemoteDisconnected('Remote end closed connection without response'))
2025-12-28 16:40:08,274 - ERROR - 封面图片下载失败: 封面图片下载失败
2025-12-28 16:40:11,122 - ERROR - 请求失败 (尝试 1/3): ('Connection aborted.', RemoteDisconnected('Remote end closed connection without response'))
2025-12-28 16:40:16,270 - ERROR - 请求失败 (尝试 2/3): ('Connection aborted.', RemoteDisconnected('Remote end closed connection without response'))
2025-12-28 16:40:21,416 - ERROR - 请求失败 (尝试 3/3): ('Connection aborted.', RemoteDisconnected('Remote end closed connection without response'))
2025-12-28 16:40:21,416 - ERROR - 封面图片下载失败: 封面图片下载失败
2025-12-28 16:40:24,824 - ERROR - 请求失败 (尝试 1/3): ('Connection aborted.', RemoteDisconnected('Remote end closed connection without response'))
2025-12-28 16:40:29,968 - ERROR - 请求失败 (尝试 2/3): ('Connection aborted.', RemoteDisconnected('Remote end closed connection without response'))
2025-12-28 16:40:35,119 - ERROR - 请求失败 (尝试 3/3): ('Connection aborted.', RemoteDisconnected('Remote end closed connection without response'))
2025-12-28 16:40:35,119 - ERROR - 封面图片下载失败: 封面图片下载失败
2025-12-28 16:40:39,167 - ERROR - 请求失败 (尝试 1/3): ('Connection aborted.', RemoteDisconnected('Remote end closed connection without response'))
2025-12-28 16:40:44,314 - ERROR - 请求失败 (尝试 2/3): ('Connection aborted.', RemoteDisconnected('Remote end closed connection without response'))
2025-12-28 16:40:49,467 - ERROR - 请求失败 (尝试 3/3): ('Connection aborted.', RemoteDisconnected('Remote end closed connection without response'))
2025-12-28 16:40:49,467 - ERROR - 封面图片下载失败: 封面图片下载失败
2025-12-28 16:40:54,127 - ERROR - 请求失败 (尝试 1/3): ('Connection aborted.', RemoteDisconnected('Remote end closed connection without response'))
2025-12-28 16:40:59,272 - ERROR - 请求失败 (尝试 2/3): ('Connection aborted.', RemoteDisconnected('Remote end closed connection without response'))
2025-12-28 16:41:04,418 - ERROR - 请求失败 (尝试 3/3): ('Connection aborted.', RemoteDisconnected('Remote end closed connection without response'))
2025-12-28 16:41:04,418 - ERROR - 封面图片下载失败: 封面图片下载失败
2025-12-28 16:41:09,792 - ERROR - 请求失败 (尝试 1/3): ('Connection aborted.', RemoteDisconnected('Remote end closed connection without response'))
2025-12-28 16:41:14,938 - ERROR - 请求失败 (尝试 2/3): ('Connection aborted.', RemoteDisconnected('Remote end closed connection without response'))
2025-12-28 16:41:20,083 - ERROR - 请求失败 (尝试 3/3): ('Connection aborted.', RemoteDisconnected('Remote end closed connection without response'))
2025-12-28 16:41:20,083 - ERROR - 封面图片下载失败: 封面图片下载失败
2025-12-28 16:41:24,453 - ERROR - 请求失败 (尝试 1/3): ('Connection aborted.', RemoteDisconnected('Remote end closed connection without response'))
2025-12-28 16:41:29,598 - ERROR - 请求失败 (尝试 2/3): ('Connection aborted.', RemoteDisconnected('Remote end closed connection without response'))
2025-12-28 16:41:34,744 - ERROR - 请求失败 (尝试 3/3): ('Connection aborted.', RemoteDisconnected('Remote end closed connection without response'))
2025-12-28 16:41:34,744 - ERROR - 封面图片下载失败: 封面图片下载失败
2025-12-28 16:41:39,247 - ERROR - 请求失败 (尝试 1/3): ('Connection aborted.', RemoteDisconnected('Remote end closed connection without response'))
2025-12-28 16:41:44,394 - ERROR - 请求失败 (尝试 2/3): ('Connection aborted.', RemoteDisconnected('Remote end closed connection without response'))
2025-12-28 16:41:49,539 - ERROR - 请求失败 (尝试 3/3): ('Connection aborted.', RemoteDisconnected('Remote end closed connection without response'))
2025-12-28 16:41:49,539 - ERROR - 封面图片下载失败: 封面图片下载失败
2025-12-28 16:41:52,808 - ERROR - 请求失败 (尝试 1/3): ('Connection aborted.', RemoteDisconnected('Remote end closed connection without response'))
2025-12-28 16:41:57,952 - ERROR - 请求失败 (尝试 2/3): ('Connection aborted.', RemoteDisconnected('Remote end closed connection without response'))
2025-12-28 16:42:03,102 - ERROR - 请求失败 (尝试 3/3): ('Connection aborted.', RemoteDisconnected('Remote end closed connection without response'))
2025-12-28 16:42:03,102 - ERROR - 封面图片下载失败: 封面图片下载失败
2025-12-28 16:42:06,863 - ERROR - 请求失败 (尝试 1/3): ('Connection aborted.', RemoteDisconnected('Remote end closed connection without response'))
2025-12-28 16:42:12,016 - ERROR - 请求失败 (尝试 2/3): ('Connection aborted.', RemoteDisconnected('Remote end closed connection without response'))
2025-12-28 16:42:17,161 - ERROR - 请求失败 (尝试 3/3): ('Connection aborted.', RemoteDisconnected('Remote end closed connection without response'))
2025-12-28 16:42:17,161 - ERROR - 封面图片下载失败: 封面图片下载失败
2025-12-28 16:42:21,335 - ERROR - 请求失败 (尝试 1/3): ('Connection aborted.', RemoteDisconnected('Remote end closed connection without response'))
2025-12-28 16:42:26,486 - ERROR - 请求失败 (尝试 2/3): ('Connection aborted.', RemoteDisconnected('Remote end closed connection without response'))
2025-12-28 16:42:31,632 - ERROR - 请求失败 (尝试 3/3): ('Connection aborted.', RemoteDisconnected('Remote end closed connection without response'))
2025-12-28 16:42:31,633 - ERROR - 封面图片下载失败: 封面图片下载失败
2025-12-28 16:42:35,489 - ERROR - 请求失败 (尝试 1/3): ('Connection aborted.', RemoteDisconnected('Remote end closed connection without response'))
2025-12-28 16:42:40,634 - ERROR - 请求失败 (尝试 2/3): ('Connection aborted.', RemoteDisconnected('Remote end closed connection without response'))
2025-12-28 16:42:45,782 - ERROR - 请求失败 (尝试 3/3): ('Connection aborted.', RemoteDisconnected('Remote end closed connection without response'))
2025-12-28 16:42:45,783 - ERROR - 封面图片下载失败: 封面图片下载失败
2025-12-28 16:42:50,954 - ERROR - 请求失败 (尝试 1/3): ('Connection aborted.', RemoteDisconnected('Remote end closed connection without response'))
2025-12-28 16:42:56,109 - ERROR - 请求失败 (尝试 2/3): ('Connection aborted.', RemoteDisconnected('Remote end closed connection without response'))
2025-12-28 16:43:01,259 - ERROR - 请求失败 (尝试 3/3): ('Connection aborted.', RemoteDisconnected('Remote end closed connection without response'))
2025-12-28 16:43:01,259 - ERROR - 封面图片下载失败: 封面图片下载失败
2025-12-28 16:43:04,295 - ERROR - 请求失败 (尝试 1/3): ('Connection aborted.', RemoteDisconnected('Remote end closed connection without response'))
2025-12-28 16:43:09,442 - ERROR - 请求失败 (尝试 2/3): ('Connection aborted.', RemoteDisconnected('Remote end closed connection without response'))
2025-12-28 16:43:14,595 - ERROR - 请求失败 (尝试 3/3): ('Connection aborted.', RemoteDisconnected('Remote end closed connection without response'))
2025-12-28 16:43:14,596 - ERROR - 封面图片下载失败: 封面图片下载失败
2025-12-28 16:43:20,081 - ERROR - 请求失败 (尝试 1/3): ('Connection aborted.', RemoteDisconnected('Remote end closed connection without response'))
2025-12-28 16:43:25,271 - ERROR - 请求失败 (尝试 2/3): ('Connection aborted.', RemoteDisconnected('Remote end closed connection without response'))
2025-12-28 16:43:30,418 - ERROR - 请求失败 (尝试 3/3): ('Connection aborted.', RemoteDisconnected('Remote end closed connection without response'))
2025-12-28 16:43:30,418 - ERROR - 封面图片下载失败: 封面图片下载失败
2025-12-28 16:43:33,730 - ERROR - 请求失败 (尝试 1/3): ('Connection aborted.', RemoteDisconnected('Remote end closed connection without response'))
2025-12-28 16:43:39,105 - ERROR - 请求失败 (尝试 2/3): ('Connection aborted.', RemoteDisconnected('Remote end closed connection without response'))
2025-12-28 16:43:44,291 - ERROR - 请求失败 (尝试 3/3): 403 Client Error: Forbidden for url: https://image.huyajs.com/cover/4f71036295e627bf8dff9e06d8602d06.jpg
2025-12-28 16:43:44,291 - ERROR - 封面图片下载失败: 封面图片下载失败
2025-12-28 16:43:47,227 - ERROR - 请求失败 (尝试 1/3): 403 Client Error: Forbidden for url: https://image.huyajs.com/cover/f4999efe0551c5673c9ccf960e648372.jpg
2025-12-28 16:43:52,440 - ERROR - 请求失败 (尝试 2/3): 403 Client Error: Forbidden for url: https://image.huyajs.com/cover/f4999efe0551c5673c9ccf960e648372.jpg
2025-12-28 16:43:57,626 - ERROR - 请求失败 (尝试 3/3): 403 Client Error: Forbidden for url: https://image.huyajs.com/cover/f4999efe0551c5673c9ccf960e648372.jpg
2025-12-28 16:43:57,627 - ERROR - 封面图片下载失败: 封面图片下载失败
2025-12-28 16:44:01,470 - ERROR - 请求失败 (尝试 1/3): 403 Client Error: Forbidden for url: https://image.huyajs.com/cover/1c1f28d5421004489de08055e52e9b18.jpg
2025-12-28 16:44:06,661 - ERROR - 请求失败 (尝试 2/3): 403 Client Error: Forbidden for url: https://image.huyajs.com/cover/1c1f28d5421004489de08055e52e9b18.jpg
2025-12-28 16:44:11,859 - ERROR - 请求失败 (尝试 3/3): 403 Client Error: Forbidden for url: https://image.huyajs.com/cover/1c1f28d5421004489de08055e52e9b18.jpg
2025-12-28 16:44:11,860 - ERROR - 封面图片下载失败: 封面图片下载失败
2025-12-28 16:44:16,858 - ERROR - 请求失败 (尝试 1/3): 403 Client Error: Forbidden for url: https://image.huyajs.com/cover/10ef4742917cc79ad640b7780d95f8dd.jpg
2025-12-28 16:44:22,053 - ERROR - 请求失败 (尝试 2/3): 403 Client Error: Forbidden for url: https://image.huyajs.com/cover/10ef4742917cc79ad640b7780d95f8dd.jpg
2025-12-28 16:44:27,243 - ERROR - 请求失败 (尝试 3/3): 403 Client Error: Forbidden for url: https://image.huyajs.com/cover/10ef4742917cc79ad640b7780d95f8dd.jpg
2025-12-28 16:44:27,244 - ERROR - 封面图片下载失败: 封面图片下载失败
2025-12-28 16:44:31,229 - ERROR - 请求失败 (尝试 1/3): 403 Client Error: Forbidden for url: https://image.huyajs.com/cover/81ba5e7211702dacfb709ebdaea608f2.jpg
2025-12-28 16:44:36,401 - ERROR - 请求失败 (尝试 2/3): ('Connection aborted.', RemoteDisconnected('Remote end closed connection without response'))
2025-12-28 16:44:41,550 - ERROR - 请求失败 (尝试 3/3): ('Connection aborted.', RemoteDisconnected('Remote end closed connection without response'))
2025-12-28 16:44:41,550 - ERROR - 封面图片下载失败: 封面图片下载失败
2025-12-28 16:44:44,996 - ERROR - 请求失败 (尝试 1/3): ('Connection aborted.', RemoteDisconnected('Remote end closed connection without response'))
2025-12-28 16:44:50,147 - ERROR - 请求失败 (尝试 2/3): ('Connection aborted.', RemoteDisconnected('Remote end closed connection without response'))
2025-12-28 16:44:55,295 - ERROR - 请求失败 (尝试 3/3): ('Connection aborted.', RemoteDisconnected('Remote end closed connection without response'))
2025-12-28 16:44:55,296 - ERROR - 封面图片下载失败: 封面图片下载失败
2025-12-28 16:44:59,815 - ERROR - 请求失败 (尝试 1/3): ('Connection aborted.', RemoteDisconnected('Remote end closed connection without response'))
2025-12-28 16:45:04,967 - ERROR - 请求失败 (尝试 2/3): ('Connection aborted.', RemoteDisconnected('Remote end closed connection without response'))
2025-12-28 16:45:10,116 - ERROR - 请求失败 (尝试 3/3): ('Connection aborted.', RemoteDisconnected('Remote end closed connection without response'))
2025-12-28 16:45:10,117 - ERROR - 封面图片下载失败: 封面图片下载失败
2025-12-28 16:45:13,628 - ERROR - 请求失败 (尝试 1/3): ('Connection aborted.', RemoteDisconnected('Remote end closed connection without response'))
2025-12-28 16:45:19,011 - ERROR - 请求失败 (尝试 2/3): ('Connection aborted.', RemoteDisconnected('Remote end closed connection without response'))
2025-12-28 16:45:24,156 - ERROR - 请求失败 (尝试 3/3): ('Connection aborted.', RemoteDisconnected('Remote end closed connection without response'))
2025-12-28 16:45:24,157 - ERROR - 封面图片下载失败: 封面图片下载失败
2025-12-28 16:45:27,032 - ERROR - 请求失败 (尝试 1/3): ('Connection aborted.', RemoteDisconnected('Remote end closed connection without response'))
2025-12-28 16:45:32,179 - ERROR - 请求失败 (尝试 2/3): ('Connection aborted.', RemoteDisconnected('Remote end closed connection without response'))
2025-12-28 16:45:37,324 - ERROR - 请求失败 (尝试 3/3): ('Connection aborted.', RemoteDisconnected('Remote end closed connection without response'))
2025-12-28 16:45:37,324 - ERROR - 封面图片下载失败: 封面图片下载失败
2025-12-28 16:45:42,373 - ERROR - 请求失败 (尝试 1/3): ('Connection aborted.', RemoteDisconnected('Remote end closed connection without response'))
2025-12-28 16:45:47,525 - ERROR - 请求失败 (尝试 2/3): ('Connection aborted.', RemoteDisconnected('Remote end closed connection without response'))
2025-12-28 16:45:52,693 - ERROR - 请求失败 (尝试 3/3): ('Connection aborted.', RemoteDisconnected('Remote end closed connection without response'))
2025-12-28 16:45:52,693 - ERROR - 封面图片下载失败: 封面图片下载失败
2025-12-28 16:45:55,611 - ERROR - 请求失败 (尝试 1/3): ('Connection aborted.', RemoteDisconnected('Remote end closed connection without response'))
2025-12-28 16:46:00,762 - ERROR - 请求失败 (尝试 2/3): ('Connection aborted.', RemoteDisconnected('Remote end closed connection without response'))
2025-12-28 16:46:05,908 - ERROR - 请求失败 (尝试 3/3): ('Connection aborted.', RemoteDisconnected('Remote end closed connection without response'))
2025-12-28 16:46:05,908 - ERROR - 封面图片下载失败: 封面图片下载失败
2025-12-28 16:46:09,029 - ERROR - 请求失败 (尝试 1/3): ('Connection aborted.', RemoteDisconnected('Remote end closed connection without response'))
2025-12-28 16:46:14,177 - ERROR - 请求失败 (尝试 2/3): ('Connection aborted.', RemoteDisconnected('Remote end closed connection without response'))
2025-12-28 16:46:19,324 - ERROR - 请求失败 (尝试 3/3): ('Connection aborted.', RemoteDisconnected('Remote end closed connection without response'))
2025-12-28 16:46:19,324 - ERROR - 封面图片下载失败: 封面图片下载失败
2025-12-28 16:46:23,826 - ERROR - 请求失败 (尝试 1/3): ('Connection aborted.', RemoteDisconnected('Remote end closed connection without response'))
2025-12-28 16:46:28,974 - ERROR - 请求失败 (尝试 2/3): ('Connection aborted.', RemoteDisconnected('Remote end closed connection without response'))
2025-12-28 16:46:34,120 - ERROR - 请求失败 (尝试 3/3): ('Connection aborted.', RemoteDisconnected('Remote end closed connection without response'))
2025-12-28 16:46:34,120 - ERROR - 封面图片下载失败: 封面图片下载失败
2025-12-28 16:46:37,514 - ERROR - 请求失败 (尝试 1/3): ('Connection aborted.', RemoteDisconnected('Remote end closed connection without response'))
2025-12-28 16:46:42,661 - ERROR - 请求失败 (尝试 2/3): ('Connection aborted.', RemoteDisconnected('Remote end closed connection without response'))
2025-12-28 16:46:47,810 - ERROR - 请求失败 (尝试 3/3): ('Connection aborted.', RemoteDisconnected('Remote end closed connection without response'))
2025-12-28 16:46:47,810 - ERROR - 封面图片下载失败: 封面图片下载失败
2025-12-28 16:46:51,674 - ERROR - 请求失败 (尝试 1/3): ('Connection aborted.', RemoteDisconnected('Remote end closed connection without response'))
2025-12-28 16:46:56,819 - ERROR - 请求失败 (尝试 2/3): ('Connection aborted.', RemoteDisconnected('Remote end closed connection without response'))
2025-12-28 16:47:01,967 - ERROR - 请求失败 (尝试 3/3): ('Connection aborted.', RemoteDisconnected('Remote end closed connection without response'))
2025-12-28 16:47:01,967 - ERROR - 封面图片下载失败: 封面图片下载失败
2025-12-28 16:47:06,996 - ERROR - 请求失败 (尝试 1/3): ('Connection aborted.', RemoteDisconnected('Remote end closed connection without response'))
2025-12-28 16:47:12,150 - ERROR - 请求失败 (尝试 2/3): ('Connection aborted.', RemoteDisconnected('Remote end closed connection without response'))
2025-12-28 16:47:17,296 - ERROR - 请求失败 (尝试 3/3): ('Connection aborted.', RemoteDisconnected('Remote end closed connection without response'))
2025-12-28 16:47:17,296 - ERROR - 封面图片下载失败: 封面图片下载失败
2025-12-28 16:47:21,446 - ERROR - 请求失败 (尝试 1/3): ('Connection aborted.', RemoteDisconnected('Remote end closed connection without response'))
2025-12-28 16:47:26,591 - ERROR - 请求失败 (尝试 2/3): ('Connection aborted.', RemoteDisconnected('Remote end closed connection without response'))
2025-12-28 16:47:31,737 - ERROR - 请求失败 (尝试 3/3): ('Connection aborted.', RemoteDisconnected('Remote end closed connection without response'))
2025-12-28 16:47:31,737 - ERROR - 封面图片下载失败: 封面图片下载失败
2025-12-28 16:47:36,713 - ERROR - 请求失败 (尝试 1/3): ('Connection aborted.', RemoteDisconnected('Remote end closed connection without response'))
2025-12-28 16:47:41,859 - ERROR - 请求失败 (尝试 2/3): ('Connection aborted.', RemoteDisconnected('Remote end closed connection without response'))
2025-12-28 16:47:47,005 - ERROR - 请求失败 (尝试 3/3): ('Connection aborted.', RemoteDisconnected('Remote end closed connection without response'))
2025-12-28 16:47:47,005 - ERROR - 封面图片下载失败: 封面图片下载失败
2025-12-28 16:47:50,209 - ERROR - 请求失败 (尝试 1/3): ('Connection aborted.', RemoteDisconnected('Remote end closed connection without response'))
2025-12-28 16:47:55,358 - ERROR - 请求失败 (尝试 2/3): ('Connection aborted.', RemoteDisconnected('Remote end closed connection without response'))
2025-12-28 16:48:00,522 - ERROR - 请求失败 (尝试 3/3): ('Connection aborted.', RemoteDisconnected('Remote end closed connection without response'))
2025-12-28 16:48:00,522 - ERROR - 封面图片下载失败: 封面图片下载失败
2025-12-28 16:48:05,159 - ERROR - 请求失败 (尝试 1/3): ('Connection aborted.', RemoteDisconnected('Remote end closed connection without response'))
2025-12-28 16:48:10,306 - ERROR - 请求失败 (尝试 2/3): ('Connection aborted.', RemoteDisconnected('Remote end closed connection without response'))
2025-12-28 16:48:15,456 - ERROR - 请求失败 (尝试 3/3): ('Connection aborted.', RemoteDisconnected('Remote end closed connection without response'))
2025-12-28 16:48:15,456 - ERROR - 封面图片下载失败: 封面图片下载失败
2025-12-28 16:48:19,192 - ERROR - 请求失败 (尝试 1/3): ('Connection aborted.', RemoteDisconnected('Remote end closed connection without response'))
2025-12-28 16:48:24,337 - ERROR - 请求失败 (尝试 2/3): ('Connection aborted.', RemoteDisconnected('Remote end closed connection without response'))
2025-12-28 16:48:29,482 - ERROR - 请求失败 (尝试 3/3): ('Connection aborted.', RemoteDisconnected('Remote end closed connection without response'))
2025-12-28 16:48:29,482 - ERROR - 封面图片下载失败: 封面图片下载失败
2025-12-28 16:48:33,340 - ERROR - 请求失败 (尝试 1/3): ('Connection aborted.', RemoteDisconnected('Remote end closed connection without response'))
2025-12-28 16:48:38,496 - ERROR - 请求失败 (尝试 2/3): ('Connection aborted.', RemoteDisconnected('Remote end closed connection without response'))
2025-12-28 16:48:43,641 - ERROR - 请求失败 (尝试 3/3): ('Connection aborted.', RemoteDisconnected('Remote end closed connection without response'))
2025-12-28 16:48:43,641 - ERROR - 封面图片下载失败: 封面图片下载失败
2025-12-28 16:48:47,748 - ERROR - 请求失败 (尝试 1/3): ('Connection aborted.', RemoteDisconnected('Remote end closed connection without response'))
2025-12-28 16:48:52,940 - ERROR - 请求失败 (尝试 2/3): ('Connection aborted.', RemoteDisconnected('Remote end closed connection without response'))
2025-12-28 16:48:58,092 - ERROR - 请求失败 (尝试 3/3): ('Connection aborted.', RemoteDisconnected('Remote end closed connection without response'))
2025-12-28 16:48:58,092 - ERROR - 封面图片下载失败: 封面图片下载失败
2025-12-28 16:49:00,847 - ERROR - 请求失败 (尝试 1/3): ('Connection aborted.', RemoteDisconnected('Remote end closed connection without response'))
2025-12-28 16:49:06,001 - ERROR - 请求失败 (尝试 2/3): ('Connection aborted.', RemoteDisconnected('Remote end closed connection without response'))
2025-12-28 16:49:11,193 - ERROR - 请求失败 (尝试 3/3): ('Connection aborted.', RemoteDisconnected('Remote end closed connection without response'))
2025-12-28 16:49:11,193 - ERROR - 封面图片下载失败: 封面图片下载失败
2025-12-28 16:49:14,857 - ERROR - 请求失败 (尝试 1/3): ('Connection aborted.', RemoteDisconnected('Remote end closed connection without response'))
2025-12-28 16:49:20,006 - ERROR - 请求失败 (尝试 2/3): ('Connection aborted.', RemoteDisconnected('Remote end closed connection without response'))
2025-12-28 16:49:25,155 - ERROR - 请求失败 (尝试 3/3): ('Connection aborted.', RemoteDisconnected('Remote end closed connection without response'))
2025-12-28 16:49:25,155 - ERROR - 封面图片下载失败: 封面图片下载失败
2025-12-28 16:49:28,434 - ERROR - 请求失败 (尝试 1/3): ('Connection aborted.', RemoteDisconnected('Remote end closed connection without response'))
2025-12-28 16:49:33,591 - ERROR - 请求失败 (尝试 2/3): ('Connection aborted.', RemoteDisconnected('Remote end closed connection without response'))
2025-12-28 16:49:38,746 - ERROR - 请求失败 (尝试 3/3): ('Connection aborted.', RemoteDisconnected('Remote end closed connection without response'))
2025-12-28 16:49:38,746 - ERROR - 封面图片下载失败: 封面图片下载失败
2025-12-28 16:49:41,915 - ERROR - 请求失败 (尝试 1/3): ('Connection aborted.', RemoteDisconnected('Remote end closed connection without response'))
2025-12-28 16:49:47,063 - ERROR - 请求失败 (尝试 2/3): ('Connection aborted.', RemoteDisconnected('Remote end closed connection without response'))
2025-12-28 16:49:52,256 - ERROR - 请求失败 (尝试 3/3): ('Connection aborted.', RemoteDisconnected('Remote end closed connection without response'))
2025-12-28 16:49:52,256 - ERROR - 封面图片下载失败: 封面图片下载失败
2025-12-28 16:49:55,195 - ERROR - 请求失败 (尝试 1/3): ('Connection aborted.', RemoteDisconnected('Remote end closed connection without response'))
2025-12-28 16:50:00,341 - ERROR - 请求失败 (尝试 2/3): ('Connection aborted.', RemoteDisconnected('Remote end closed connection without response'))
2025-12-28 16:50:05,487 - ERROR - 请求失败 (尝试 3/3): ('Connection aborted.', RemoteDisconnected('Remote end closed connection without response'))
2025-12-28 16:50:05,487 - ERROR - 封面图片下载失败: 封面图片下载失败
2025-12-28 16:50:09,064 - ERROR - 请求失败 (尝试 1/3): ('Connection aborted.', RemoteDisconnected('Remote end closed connection without response'))
2025-12-28 16:50:14,212 - ERROR - 请求失败 (尝试 2/3): ('Connection aborted.', RemoteDisconnected('Remote end closed connection without response'))
2025-12-28 16:50:19,360 - ERROR - 请求失败 (尝试 3/3): ('Connection aborted.', RemoteDisconnected('Remote end closed connection without response'))
2025-12-28 16:50:19,360 - ERROR - 封面图片下载失败: 封面图片下载失败
2025-12-28 16:50:23,655 - ERROR - 请求失败 (尝试 1/3): ('Connection aborted.', RemoteDisconnected('Remote end closed connection without response'))
2025-12-28 16:50:28,803 - ERROR - 请求失败 (尝试 2/3): ('Connection aborted.', RemoteDisconnected('Remote end closed connection without response'))
2025-12-28 16:50:33,948 - ERROR - 请求失败 (尝试 3/3): ('Connection aborted.', RemoteDisconnected('Remote end closed connection without response'))
2025-12-28 16:50:33,948 - ERROR - 封面图片下载失败: 封面图片下载失败
2025-12-28 16:50:38,952 - ERROR - 请求失败 (尝试 1/3): ('Connection aborted.', RemoteDisconnected('Remote end closed connection without response'))
2025-12-28 16:50:44,098 - ERROR - 请求失败 (尝试 2/3): ('Connection aborted.', RemoteDisconnected('Remote end closed connection without response'))
2025-12-28 16:50:49,245 - ERROR - 请求失败 (尝试 3/3): ('Connection aborted.', RemoteDisconnected('Remote end closed connection without response'))
2025-12-28 16:50:49,245 - ERROR - 封面图片下载失败: 封面图片下载失败
2025-12-28 16:50:52,923 - ERROR - 请求失败 (尝试 1/3): ('Connection aborted.', RemoteDisconnected('Remote end closed connection without response'))
2025-12-28 16:50:58,069 - ERROR - 请求失败 (尝试 2/3): ('Connection aborted.', RemoteDisconnected('Remote end closed connection without response'))
2025-12-28 16:51:03,223 - ERROR - 请求失败 (尝试 3/3): ('Connection aborted.', RemoteDisconnected('Remote end closed connection without response'))
2025-12-28 16:51:03,223 - ERROR - 封面图片下载失败: 封面图片下载失败
2025-12-28 16:51:06,611 - ERROR - 请求失败 (尝试 1/3): ('Connection aborted.', RemoteDisconnected('Remote end closed connection without response'))
2025-12-28 16:51:11,761 - ERROR - 请求失败 (尝试 2/3): ('Connection aborted.', RemoteDisconnected('Remote end closed connection without response'))
2025-12-28 16:51:16,908 - ERROR - 请求失败 (尝试 3/3): ('Connection aborted.', RemoteDisconnected('Remote end closed connection without response'))
2025-12-28 16:51:16,908 - ERROR - 封面图片下载失败: 封面图片下载失败
2025-12-28 16:51:20,310 - ERROR - 请求失败 (尝试 1/3): ('Connection aborted.', RemoteDisconnected('Remote end closed connection without response'))
2025-12-28 16:51:25,457 - ERROR - 请求失败 (尝试 2/3): ('Connection aborted.', RemoteDisconnected('Remote end closed connection without response'))
2025-12-28 16:51:30,603 - ERROR - 请求失败 (尝试 3/3): ('Connection aborted.', RemoteDisconnected('Remote end closed connection without response'))
2025-12-28 16:51:30,603 - ERROR - 封面图片下载失败: 封面图片下载失败
2025-12-28 16:51:35,423 - ERROR - 请求失败 (尝试 1/3): ('Connection aborted.', RemoteDisconnected('Remote end closed connection without response'))
2025-12-28 16:51:40,568 - ERROR - 请求失败 (尝试 2/3): ('Connection aborted.', RemoteDisconnected('Remote end closed connection without response'))
2025-12-28 16:51:45,716 - ERROR - 请求失败 (尝试 3/3): ('Connection aborted.', RemoteDisconnected('Remote end closed connection without response'))
2025-12-28 16:51:45,716 - ERROR - 封面图片下载失败: 封面图片下载失败
2025-12-28 16:51:50,625 - ERROR - 请求失败 (尝试 1/3): ('Connection aborted.', RemoteDisconnected('Remote end closed connection without response'))
2025-12-28 16:51:55,785 - ERROR - 请求失败 (尝试 2/3): ('Connection aborted.', RemoteDisconnected('Remote end closed connection without response'))
2025-12-28 16:52:00,930 - ERROR - 请求失败 (尝试 3/3): ('Connection aborted.', RemoteDisconnected('Remote end closed connection without response'))
2025-12-28 16:52:00,930 - ERROR - 封面图片下载失败: 封面图片下载失败
2025-12-28 16:52:04,876 - ERROR - 请求失败 (尝试 1/3): ('Connection aborted.', RemoteDisconnected('Remote end closed connection without response'))
2025-12-28 16:52:10,027 - ERROR - 请求失败 (尝试 2/3): ('Connection aborted.', RemoteDisconnected('Remote end closed connection without response'))
2025-12-28 16:52:15,173 - ERROR - 请求失败 (尝试 3/3): ('Connection aborted.', RemoteDisconnected('Remote end closed connection without response'))
2025-12-28 16:52:15,173 - ERROR - 封面图片下载失败: 封面图片下载失败
2025-12-28 16:52:20,565 - ERROR - 请求失败 (尝试 1/3): ('Connection aborted.', RemoteDisconnected('Remote end closed connection without response'))
2025-12-28 16:52:25,719 - ERROR - 请求失败 (尝试 2/3): ('Connection aborted.', RemoteDisconnected('Remote end closed connection without response'))
2025-12-28 16:52:30,864 - ERROR - 请求失败 (尝试 3/3): ('Connection aborted.', RemoteDisconnected('Remote end closed connection without response'))
2025-12-28 16:52:30,864 - ERROR - 封面图片下载失败: 封面图片下载失败
2025-12-28 16:52:35,100 - ERROR - 请求失败 (尝试 1/3): ('Connection aborted.', RemoteDisconnected('Remote end closed connection without response'))
2025-12-28 16:52:40,245 - ERROR - 请求失败 (尝试 2/3): ('Connection aborted.', RemoteDisconnected('Remote end closed connection without response'))
2025-12-28 16:52:45,391 - ERROR - 请求失败 (尝试 3/3): ('Connection aborted.', RemoteDisconnected('Remote end closed connection without response'))
2025-12-28 16:52:45,391 - ERROR - 封面图片下载失败: 封面图片下载失败
2025-12-28 16:52:49,222 - ERROR - 请求失败 (尝试 1/3): ('Connection aborted.', RemoteDisconnected('Remote end closed connection without response'))
2025-12-28 16:52:54,395 - ERROR - 请求失败 (尝试 2/3): ('Connection aborted.', RemoteDisconnected('Remote end closed connection without response'))
2025-12-28 16:52:59,540 - ERROR - 请求失败 (尝试 3/3): ('Connection aborted.', RemoteDisconnected('Remote end closed connection without response'))
2025-12-28 16:52:59,541 - ERROR - 封面图片下载失败: 封面图片下载失败
2025-12-28 16:53:04,417 - ERROR - 请求失败 (尝试 1/3): ('Connection aborted.', RemoteDisconnected('Remote end closed connection without response'))
2025-12-28 16:53:09,565 - ERROR - 请求失败 (尝试 2/3): ('Connection aborted.', RemoteDisconnected('Remote end closed connection without response'))
2025-12-28 16:53:14,712 - ERROR - 请求失败 (尝试 3/3): ('Connection aborted.', RemoteDisconnected('Remote end closed connection without response'))
2025-12-28 16:53:14,712 - ERROR - 封面图片下载失败: 封面图片下载失败
2025-12-28 16:53:18,803 - ERROR - 请求失败 (尝试 1/3): ('Connection aborted.', RemoteDisconnected('Remote end closed connection without response'))
2025-12-28 16:53:23,950 - ERROR - 请求失败 (尝试 2/3): ('Connection aborted.', RemoteDisconnected('Remote end closed connection without response'))
2025-12-28 16:53:29,096 - ERROR - 请求失败 (尝试 3/3): ('Connection aborted.', RemoteDisconnected('Remote end closed connection without response'))
2025-12-28 16:53:29,097 - ERROR - 封面图片下载失败: 封面图片下载失败
2025-12-28 16:53:33,717 - ERROR - 请求失败 (尝试 1/3): ('Connection aborted.', RemoteDisconnected('Remote end closed connection without response'))
2025-12-28 16:53:38,863 - ERROR - 请求失败 (尝试 2/3): ('Connection aborted.', RemoteDisconnected('Remote end closed connection without response'))
2025-12-28 16:53:44,009 - ERROR - 请求失败 (尝试 3/3): ('Connection aborted.', RemoteDisconnected('Remote end closed connection without response'))
2025-12-28 16:53:44,009 - ERROR - 封面图片下载失败: 封面图片下载失败
2025-12-28 16:53:49,191 - ERROR - 请求失败 (尝试 1/3): ('Connection aborted.', RemoteDisconnected('Remote end closed connection without response'))
2025-12-28 16:53:54,338 - ERROR - 请求失败 (尝试 2/3): ('Connection aborted.', RemoteDisconnected('Remote end closed connection without response'))
2025-12-28 16:53:59,491 - ERROR - 请求失败 (尝试 3/3): ('Connection aborted.', RemoteDisconnected('Remote end closed connection without response'))
2025-12-28 16:53:59,491 - ERROR - 封面图片下载失败: 封面图片下载失败
2025-12-28 16:54:03,484 - ERROR - 请求失败 (尝试 1/3): ('Connection aborted.', RemoteDisconnected('Remote end closed connection without response'))
2025-12-28 16:54:08,645 - ERROR - 请求失败 (尝试 2/3): ('Connection aborted.', RemoteDisconnected('Remote end closed connection without response'))
2025-12-28 16:54:13,792 - ERROR - 请求失败 (尝试 3/3): ('Connection aborted.', RemoteDisconnected('Remote end closed connection without response'))
2025-12-28 16:54:13,792 - ERROR - 封面图片下载失败: 封面图片下载失败
2025-12-28 16:54:19,284 - ERROR - 请求失败 (尝试 1/3): ('Connection aborted.', RemoteDisconnected('Remote end closed connection without response'))
2025-12-28 16:54:24,435 - ERROR - 请求失败 (尝试 2/3): ('Connection aborted.', RemoteDisconnected('Remote end closed connection without response'))
2025-12-28 16:54:29,582 - ERROR - 请求失败 (尝试 3/3): ('Connection aborted.', RemoteDisconnected('Remote end closed connection without response'))
2025-12-28 16:54:29,582 - ERROR - 封面图片下载失败: 封面图片下载失败
2025-12-28 16:54:34,979 - ERROR - 请求失败 (尝试 1/3): 403 Client Error: Forbidden for url: https://image.huyajs.com/cover/542f9e0eaa9ee123a941922b55034508.jpg
2025-12-28 16:54:40,166 - ERROR - 请求失败 (尝试 2/3): 403 Client Error: Forbidden for url: https://image.huyajs.com/cover/542f9e0eaa9ee123a941922b55034508.jpg
2025-12-28 16:54:45,357 - ERROR - 请求失败 (尝试 3/3): 403 Client Error: Forbidden for url: https://image.huyajs.com/cover/542f9e0eaa9ee123a941922b55034508.jpg
2025-12-28 16:54:45,358 - ERROR - 封面图片下载失败: 封面图片下载失败
2025-12-28 16:54:50,148 - ERROR - 请求失败 (尝试 1/3): 403 Client Error: Forbidden for url: https://image.huyajs.com/cover/6dcd7be4e1a9df358e4c16b356176308.jpg
2025-12-28 16:54:55,335 - ERROR - 请求失败 (尝试 2/3): 403 Client Error: Forbidden for url: https://image.huyajs.com/cover/6dcd7be4e1a9df358e4c16b356176308.jpg
2025-12-28 16:55:00,531 - ERROR - 请求失败 (尝试 3/3): 403 Client Error: Forbidden for url: https://image.huyajs.com/cover/6dcd7be4e1a9df358e4c16b356176308.jpg
2025-12-28 16:55:00,532 - ERROR - 封面图片下载失败: 封面图片下载失败
2025-12-28 16:55:05,220 - ERROR - 请求失败 (尝试 1/3): 403 Client Error: Forbidden for url: https://image.huyajs.com/cover/6133fa4f9f69e6575373c6e400193cd2.jpg
2025-12-28 16:55:10,414 - ERROR - 请求失败 (尝试 2/3): 403 Client Error: Forbidden for url: https://image.huyajs.com/cover/6133fa4f9f69e6575373c6e400193cd2.jpg
2025-12-28 16:55:15,632 - ERROR - 请求失败 (尝试 3/3): 403 Client Error: Forbidden for url: https://image.huyajs.com/cover/6133fa4f9f69e6575373c6e400193cd2.jpg
2025-12-28 16:55:15,633 - ERROR - 封面图片下载失败: 封面图片下载失败
2025-12-28 16:55:18,999 - ERROR - 请求失败 (尝试 1/3): 403 Client Error: Forbidden for url: https://image.huyajs.com/cover/e4892f3d26bd080e9e0ee52a8484de55.jpg
2025-12-28 16:55:24,211 - ERROR - 请求失败 (尝试 2/3): 403 Client Error: Forbidden for url: https://image.huyajs.com/cover/e4892f3d26bd080e9e0ee52a8484de55.jpg
2025-12-28 16:55:29,389 - ERROR - 请求失败 (尝试 3/3): ('Connection aborted.', RemoteDisconnected('Remote end closed connection without response'))
2025-12-28 16:55:29,389 - ERROR - 封面图片下载失败: 封面图片下载失败
2025-12-28 16:55:34,561 - ERROR - 请求失败 (尝试 1/3): ('Connection aborted.', RemoteDisconnected('Remote end closed connection without response'))
2025-12-28 16:55:39,706 - ERROR - 请求失败 (尝试 2/3): ('Connection aborted.', RemoteDisconnected('Remote end closed connection without response'))
2025-12-28 16:55:44,860 - ERROR - 请求失败 (尝试 3/3): ('Connection aborted.', RemoteDisconnected('Remote end closed connection without response'))
2025-12-28 16:55:44,860 - ERROR - 封面图片下载失败: 封面图片下载失败
2025-12-28 16:55:48,665 - ERROR - 请求失败 (尝试 1/3): ('Connection aborted.', RemoteDisconnected('Remote end closed connection without response'))
2025-12-28 16:55:53,987 - ERROR - 请求失败 (尝试 2/3): ('Connection aborted.', RemoteDisconnected('Remote end closed connection without response'))
2025-12-28 16:55:59,140 - ERROR - 请求失败 (尝试 3/3): ('Connection aborted.', RemoteDisconnected('Remote end closed connection without response'))
2025-12-28 16:55:59,140 - ERROR - 封面图片下载失败: 封面图片下载失败
2025-12-28 16:56:02,833 - ERROR - 请求失败 (尝试 1/3): ('Connection aborted.', RemoteDisconnected('Remote end closed connection without response'))
2025-12-28 16:56:07,978 - ERROR - 请求失败 (尝试 2/3): ('Connection aborted.', RemoteDisconnected('Remote end closed connection without response'))
2025-12-28 16:56:13,131 - ERROR - 请求失败 (尝试 3/3): ('Connection aborted.', RemoteDisconnected('Remote end closed connection without response'))
2025-12-28 16:56:13,131 - ERROR - 封面图片下载失败: 封面图片下载失败
2025-12-28 16:56:15,635 - ERROR - 请求失败 (尝试 1/3): ('Connection aborted.', RemoteDisconnected('Remote end closed connection without response'))
2025-12-28 16:56:20,782 - ERROR - 请求失败 (尝试 2/3): ('Connection aborted.', RemoteDisconnected('Remote end closed connection without response'))
2025-12-28 16:56:25,930 - ERROR - 请求失败 (尝试 3/3): ('Connection aborted.', RemoteDisconnected('Remote end closed connection without response'))
2025-12-28 16:56:25,930 - ERROR - 封面图片下载失败: 封面图片下载失败
2025-12-28 16:56:29,350 - ERROR - 请求失败 (尝试 1/3): ('Connection aborted.', RemoteDisconnected('Remote end closed connection without response'))
2025-12-28 16:56:34,495 - ERROR - 请求失败 (尝试 2/3): ('Connection aborted.', RemoteDisconnected('Remote end closed connection without response'))
2025-12-28 16:56:39,661 - ERROR - 请求失败 (尝试 3/3): ('Connection aborted.', RemoteDisconnected('Remote end closed connection without response'))
2025-12-28 16:56:39,662 - ERROR - 封面图片下载失败: 封面图片下载失败
2026-01-12 16:36:23,125 - ERROR - 请求失败 (尝试 1/3): 403 Client Error: Forbidden for url: https://image.huyajs.com/cover/4e58032632094a49373b4a0d2e75b26c.jpg
2026-01-12 16:36:28,362 - ERROR - 请求失败 (尝试 2/3): 403 Client Error: Forbidden for url: https://image.huyajs.com/cover/4e58032632094a49373b4a0d2e75b26c.jpg
2026-01-12 16:36:33,526 - ERROR - 请求失败 (尝试 3/3): 403 Client Error: Forbidden for url: https://image.huyajs.com/cover/4e58032632094a49373b4a0d2e75b26c.jpg
2026-01-12 16:36:33,526 - ERROR - 封面图片下载失败: 封面图片下载失败
2026-01-12 16:36:36,230 - ERROR - 请求失败 (尝试 1/3): 403 Client Error: Forbidden for url: https://image.huyajs.com/cover/0c27c4c14d5c48f6c89624245b66b5ef.jpg
2026-01-12 16:36:41,390 - ERROR - 请求失败 (尝试 2/3): 403 Client Error: Forbidden for url: https://image.huyajs.com/cover/0c27c4c14d5c48f6c89624245b66b5ef.jpg
2026-01-12 16:36:46,621 - ERROR - 请求失败 (尝试 3/3): 403 Client Error: Forbidden for url: https://image.huyajs.com/cover/0c27c4c14d5c48f6c89624245b66b5ef.jpg
2026-01-12 16:36:46,622 - ERROR - 封面图片下载失败: 封面图片下载失败
2026-01-12 16:36:49,622 - ERROR - 请求失败 (尝试 1/3): 403 Client Error: Forbidden for url: https://image.huyajs.com/cover/480b63511541e5054ef8e8347a3b6fc1.jpg
2026-01-12 16:36:54,848 - ERROR - 请求失败 (尝试 2/3): 403 Client Error: Forbidden for url: https://image.huyajs.com/cover/480b63511541e5054ef8e8347a3b6fc1.jpg
2026-01-12 16:37:00,014 - ERROR - 请求失败 (尝试 3/3): 403 Client Error: Forbidden for url: https://image.huyajs.com/cover/480b63511541e5054ef8e8347a3b6fc1.jpg
2026-01-12 16:37:00,015 - ERROR - 封面图片下载失败: 封面图片下载失败
2026-01-12 16:37:04,020 - ERROR - 请求失败 (尝试 1/3): 403 Client Error: Forbidden for url: https://image.huyajs.com/cover/cf0bb59d5b399f80dcad9999309e574c.jpg
2026-01-12 16:37:09,182 - ERROR - 请求失败 (尝试 2/3): 403 Client Error: Forbidden for url: https://image.huyajs.com/cover/cf0bb59d5b399f80dcad9999309e574c.jpg
2026-01-12 16:37:14,343 - ERROR - 请求失败 (尝试 3/3): 403 Client Error: Forbidden for url: https://image.huyajs.com/cover/cf0bb59d5b399f80dcad9999309e574c.jpg
2026-01-12 16:37:14,344 - ERROR - 封面图片下载失败: 封面图片下载失败
2026-01-12 16:37:17,948 - ERROR - 请求失败 (尝试 1/3): 403 Client Error: Forbidden for url: https://image.huyajs.com/cover/2c87012918518225f804bb2426c52142.jpg
2026-01-12 16:37:23,114 - ERROR - 请求失败 (尝试 2/3): 403 Client Error: Forbidden for url: https://image.huyajs.com/cover/2c87012918518225f804bb2426c52142.jpg
2026-01-12 16:37:28,275 - ERROR - 请求失败 (尝试 3/3): 403 Client Error: Forbidden for url: https://image.huyajs.com/cover/2c87012918518225f804bb2426c52142.jpg
2026-01-12 16:37:28,276 - ERROR - 封面图片下载失败: 封面图片下载失败
2026-01-12 16:37:31,573 - ERROR - 请求失败 (尝试 1/3): 403 Client Error: Forbidden for url: https://image.huyajs.com/cover/f76336f540477724b24853eff39abed6.jpg
2026-01-12 16:37:36,734 - ERROR - 请求失败 (尝试 2/3): 403 Client Error: Forbidden for url: https://image.huyajs.com/cover/f76336f540477724b24853eff39abed6.jpg
2026-01-12 16:37:41,895 - ERROR - 请求失败 (尝试 3/3): 403 Client Error: Forbidden for url: https://image.huyajs.com/cover/f76336f540477724b24853eff39abed6.jpg
2026-01-12 16:37:41,896 - ERROR - 封面图片下载失败: 封面图片下载失败
2026-01-12 16:37:47,094 - ERROR - 请求失败 (尝试 1/3): 403 Client Error: Forbidden for url: https://image.huyajs.com/cover/00f7933a18b8010f7ced4b644f5fe490.jpg
2026-01-12 16:37:52,260 - ERROR - 请求失败 (尝试 2/3): 403 Client Error: Forbidden for url: https://image.huyajs.com/cover/00f7933a18b8010f7ced4b644f5fe490.jpg
2026-01-12 16:37:57,424 - ERROR - 请求失败 (尝试 3/3): 403 Client Error: Forbidden for url: https://image.huyajs.com/cover/00f7933a18b8010f7ced4b644f5fe490.jpg
2026-01-12 16:37:57,425 - ERROR - 封面图片下载失败: 封面图片下载失败
2026-01-12 16:38:02,251 - ERROR - 请求失败 (尝试 1/3): 403 Client Error: Forbidden for url: https://image.huyajs.com/cover/447b96b5b1086ede4d6b584133627904.jpg
2026-01-12 16:38:07,411 - ERROR - 请求失败 (尝试 2/3): 403 Client Error: Forbidden for url: https://image.huyajs.com/cover/447b96b5b1086ede4d6b584133627904.jpg
2026-01-12 16:38:12,575 - ERROR - 请求失败 (尝试 3/3): 403 Client Error: Forbidden for url: https://image.huyajs.com/cover/447b96b5b1086ede4d6b584133627904.jpg
2026-01-12 16:38:12,576 - ERROR - 封面图片下载失败: 封面图片下载失败
2026-01-12 16:38:15,534 - ERROR - 请求失败 (尝试 1/3): 403 Client Error: Forbidden for url: https://image.huyajs.com/cover/caa3d0f8578cca5d7e5daf5d1ffd1425.jpg
2026-01-12 16:38:20,699 - ERROR - 请求失败 (尝试 2/3): 403 Client Error: Forbidden for url: https://image.huyajs.com/cover/caa3d0f8578cca5d7e5daf5d1ffd1425.jpg
2026-01-12 16:38:25,864 - ERROR - 请求失败 (尝试 3/3): 403 Client Error: Forbidden for url: https://image.huyajs.com/cover/caa3d0f8578cca5d7e5daf5d1ffd1425.jpg
2026-01-12 16:38:25,865 - ERROR - 封面图片下载失败: 封面图片下载失败
2026-01-12 16:38:30,665 - ERROR - 请求失败 (尝试 1/3): 403 Client Error: Forbidden for url: https://image.huyajs.com/cover/899f4f1e19b5e213352a0575df618d7c.jpg
2026-01-12 16:38:35,831 - ERROR - 请求失败 (尝试 2/3): 403 Client Error: Forbidden for url: https://image.huyajs.com/cover/899f4f1e19b5e213352a0575df618d7c.jpg
2026-01-12 16:38:40,995 - ERROR - 请求失败 (尝试 3/3): 403 Client Error: Forbidden for url: https://image.huyajs.com/cover/899f4f1e19b5e213352a0575df618d7c.jpg
2026-01-12 16:38:40,996 - ERROR - 封面图片下载失败: 封面图片下载失败
2026-01-12 16:38:45,655 - ERROR - 请求失败 (尝试 1/3): 403 Client Error: Forbidden for url: https://image.huyajs.com/cover/81ba5e7211702dacfb709ebdaea608f2.jpg
2026-01-12 16:38:50,817 - ERROR - 请求失败 (尝试 2/3): 403 Client Error: Forbidden for url: https://image.huyajs.com/cover/81ba5e7211702dacfb709ebdaea608f2.jpg
2026-01-12 16:38:55,980 - ERROR - 请求失败 (尝试 3/3): 403 Client Error: Forbidden for url: https://image.huyajs.com/cover/81ba5e7211702dacfb709ebdaea608f2.jpg
2026-01-12 16:38:55,981 - ERROR - 封面图片下载失败: 封面图片下载失败
2026-01-12 16:39:00,485 - ERROR - 请求失败 (尝试 1/3): 403 Client Error: Forbidden for url: https://image.huyajs.com/cover/d761da18eea9ddc9e76e0a3690715652.jpg
2026-01-12 16:39:05,651 - ERROR - 请求失败 (尝试 2/3): 403 Client Error: Forbidden for url: https://image.huyajs.com/cover/d761da18eea9ddc9e76e0a3690715652.jpg
2026-01-12 16:39:10,815 - ERROR - 请求失败 (尝试 3/3): 403 Client Error: Forbidden for url: https://image.huyajs.com/cover/d761da18eea9ddc9e76e0a3690715652.jpg
2026-01-12 16:39:10,815 - ERROR - 封面图片下载失败: 封面图片下载失败
2026-01-12 16:39:14,583 - ERROR - 请求失败 (尝试 1/3): 403 Client Error: Forbidden for url: https://image.huyajs.com/cover/2dee285c60943e38771473ccc18a2c06.jpg
2026-01-12 16:39:19,745 - ERROR - 请求失败 (尝试 2/3): 403 Client Error: Forbidden for url: https://image.huyajs.com/cover/2dee285c60943e38771473ccc18a2c06.jpg
2026-01-12 16:39:24,906 - ERROR - 请求失败 (尝试 3/3): 403 Client Error: Forbidden for url: https://image.huyajs.com/cover/2dee285c60943e38771473ccc18a2c06.jpg
2026-01-12 16:39:24,907 - ERROR - 封面图片下载失败: 封面图片下载失败
2026-01-12 16:39:28,622 - ERROR - 请求失败 (尝试 1/3): 403 Client Error: Forbidden for url: https://image.huyajs.com/cover/f4090fef41318c3ac8a06b806526ab0e.jpg
2026-01-12 16:39:33,784 - ERROR - 请求失败 (尝试 2/3): 403 Client Error: Forbidden for url: https://image.huyajs.com/cover/f4090fef41318c3ac8a06b806526ab0e.jpg
2026-01-12 16:39:38,952 - ERROR - 请求失败 (尝试 3/3): 403 Client Error: Forbidden for url: https://image.huyajs.com/cover/f4090fef41318c3ac8a06b806526ab0e.jpg
2026-01-12 16:39:38,953 - ERROR - 封面图片下载失败: 封面图片下载失败
2026-01-12 16:39:42,843 - ERROR - 请求失败 (尝试 1/3): 403 Client Error: Forbidden for url: https://image.huyajs.com/cover/f7dbe7ca4199bba1d5d99e4b60099d4f.jpg
2026-01-12 16:39:48,006 - ERROR - 请求失败 (尝试 2/3): 403 Client Error: Forbidden for url: https://image.huyajs.com/cover/f7dbe7ca4199bba1d5d99e4b60099d4f.jpg
2026-01-12 16:39:53,170 - ERROR - 请求失败 (尝试 3/3): 403 Client Error: Forbidden for url: https://image.huyajs.com/cover/f7dbe7ca4199bba1d5d99e4b60099d4f.jpg
2026-01-12 16:39:53,171 - ERROR - 封面图片下载失败: 封面图片下载失败
2026-01-12 16:39:55,824 - ERROR - 请求失败 (尝试 1/3): 403 Client Error: Forbidden for url: https://image.huyajs.com/cover/89ec19b9dca015be6ec69c417793bf33.jpg
2026-01-12 16:40:00,990 - ERROR - 请求失败 (尝试 2/3): 403 Client Error: Forbidden for url: https://image.huyajs.com/cover/89ec19b9dca015be6ec69c417793bf33.jpg
2026-01-12 16:40:06,154 - ERROR - 请求失败 (尝试 3/3): 403 Client Error: Forbidden for url: https://image.huyajs.com/cover/89ec19b9dca015be6ec69c417793bf33.jpg
2026-01-12 16:40:06,155 - ERROR - 封面图片下载失败: 封面图片下载失败
2026-01-12 16:40:11,364 - ERROR - 请求失败 (尝试 1/3): 403 Client Error: Forbidden for url: https://image.huyajs.com/cover/b23c20c5f2f8dfcfa596ce067954bdbe.jpg
2026-01-12 16:40:16,525 - ERROR - 请求失败 (尝试 2/3): 403 Client Error: Forbidden for url: https://image.huyajs.com/cover/b23c20c5f2f8dfcfa596ce067954bdbe.jpg
2026-01-12 16:40:21,694 - ERROR - 请求失败 (尝试 3/3): 403 Client Error: Forbidden for url: https://image.huyajs.com/cover/b23c20c5f2f8dfcfa596ce067954bdbe.jpg
2026-01-12 16:40:21,695 - ERROR - 封面图片下载失败: 封面图片下载失败
2026-01-12 16:40:24,551 - ERROR - 请求失败 (尝试 1/3): 403 Client Error: Forbidden for url: https://image.huyajs.com/cover/69c26172901d9d7bcd0bf140c51e9cbd.jpg
2026-01-12 16:40:29,713 - ERROR - 请求失败 (尝试 2/3): 403 Client Error: Forbidden for url: https://image.huyajs.com/cover/69c26172901d9d7bcd0bf140c51e9cbd.jpg
2026-01-12 16:40:34,874 - ERROR - 请求失败 (尝试 3/3): 403 Client Error: Forbidden for url: https://image.huyajs.com/cover/69c26172901d9d7bcd0bf140c51e9cbd.jpg
2026-01-12 16:40:34,875 - ERROR - 封面图片下载失败: 封面图片下载失败
2026-01-12 16:40:39,571 - ERROR - 请求失败 (尝试 1/3): 403 Client Error: Forbidden for url: https://image.huyajs.com/cover/d6e44245b7dcf2a1fa100f95bae0f3d8.jpg
2026-01-12 16:40:44,733 - ERROR - 请求失败 (尝试 2/3): 403 Client Error: Forbidden for url: https://image.huyajs.com/cover/d6e44245b7dcf2a1fa100f95bae0f3d8.jpg
2026-01-12 16:40:49,899 - ERROR - 请求失败 (尝试 3/3): 403 Client Error: Forbidden for url: https://image.huyajs.com/cover/d6e44245b7dcf2a1fa100f95bae0f3d8.jpg
2026-01-12 16:40:49,900 - ERROR - 封面图片下载失败: 封面图片下载失败
2026-01-12 16:40:53,749 - ERROR - 请求失败 (尝试 1/3): 403 Client Error: Forbidden for url: https://image.huyajs.com/cover/9f845cea8ee5364c1469c656948ebbdc.jpg
2026-01-12 16:40:58,908 - ERROR - 请求失败 (尝试 2/3): 403 Client Error: Forbidden for url: https://image.huyajs.com/cover/9f845cea8ee5364c1469c656948ebbdc.jpg
2026-01-12 16:41:04,073 - ERROR - 请求失败 (尝试 3/3): 403 Client Error: Forbidden for url: https://image.huyajs.com/cover/9f845cea8ee5364c1469c656948ebbdc.jpg
2026-01-12 16:41:04,074 - ERROR - 封面图片下载失败: 封面图片下载失败
2026-01-12 16:41:08,677 - ERROR - 请求失败 (尝试 1/3): 403 Client Error: Forbidden for url: https://image.huyajs.com/cover/735bebc03b20c8ade3e08cd71ed796c2.jpg
2026-01-12 16:41:13,835 - ERROR - 请求失败 (尝试 2/3): 403 Client Error: Forbidden for url: https://image.huyajs.com/cover/735bebc03b20c8ade3e08cd71ed796c2.jpg
2026-01-12 16:41:18,999 - ERROR - 请求失败 (尝试 3/3): 403 Client Error: Forbidden for url: https://image.huyajs.com/cover/735bebc03b20c8ade3e08cd71ed796c2.jpg
2026-01-12 16:41:19,000 - ERROR - 封面图片下载失败: 封面图片下载失败
2026-01-12 16:41:22,350 - ERROR - 请求失败 (尝试 1/3): 403 Client Error: Forbidden for url: https://image.huyajs.com/cover/f5d678d410334183d0df53d606c6729c.jpg
2026-01-12 16:41:27,511 - ERROR - 请求失败 (尝试 2/3): 403 Client Error: Forbidden for url: https://image.huyajs.com/cover/f5d678d410334183d0df53d606c6729c.jpg
2026-01-12 16:41:32,674 - ERROR - 请求失败 (尝试 3/3): 403 Client Error: Forbidden for url: https://image.huyajs.com/cover/f5d678d410334183d0df53d606c6729c.jpg
2026-01-12 16:41:32,675 - ERROR - 封面图片下载失败: 封面图片下载失败
2026-01-12 16:41:36,531 - ERROR - 请求失败 (尝试 1/3): 403 Client Error: Forbidden for url: https://image.huyajs.com/cover/413d10bfa36cd042f703a86029033a91.jpg
2026-01-12 16:41:41,699 - ERROR - 请求失败 (尝试 2/3): 403 Client Error: Forbidden for url: https://image.huyajs.com/cover/413d10bfa36cd042f703a86029033a91.jpg
2026-01-12 16:41:46,859 - ERROR - 请求失败 (尝试 3/3): 403 Client Error: Forbidden for url: https://image.huyajs.com/cover/413d10bfa36cd042f703a86029033a91.jpg
2026-01-12 16:41:46,860 - ERROR - 封面图片下载失败: 封面图片下载失败
2026-01-12 16:41:49,810 - ERROR - 请求失败 (尝试 1/3): 403 Client Error: Forbidden for url: https://image.huyajs.com/cover/613461935df3db66bf0b5659f9ed030b.jpg
2026-01-12 16:41:54,973 - ERROR - 请求失败 (尝试 2/3): 403 Client Error: Forbidden for url: https://image.huyajs.com/cover/613461935df3db66bf0b5659f9ed030b.jpg
2026-01-12 16:42:00,136 - ERROR - 请求失败 (尝试 3/3): 403 Client Error: Forbidden for url: https://image.huyajs.com/cover/613461935df3db66bf0b5659f9ed030b.jpg
2026-01-12 16:42:00,137 - ERROR - 封面图片下载失败: 封面图片下载失败
2026-01-12 16:42:03,772 - ERROR - 请求失败 (尝试 1/3): 403 Client Error: Forbidden for url: https://image.huyajs.com/cover/b54a8624845ace42c46005feb581f804.jpg
2026-01-12 16:42:08,958 - ERROR - 请求失败 (尝试 2/3): 403 Client Error: Forbidden for url: https://image.huyajs.com/cover/b54a8624845ace42c46005feb581f804.jpg
2026-01-12 16:42:14,120 - ERROR - 请求失败 (尝试 3/3): 403 Client Error: Forbidden for url: https://image.huyajs.com/cover/b54a8624845ace42c46005feb581f804.jpg
2026-01-12 16:42:14,121 - ERROR - 封面图片下载失败: 封面图片下载失败
2026-01-12 16:42:18,690 - ERROR - 请求失败 (尝试 1/3): 403 Client Error: Forbidden for url: https://image.huyajs.com/cover/fb69e08f8287044d223f84331b53bf1d.jpg
2026-01-12 16:42:23,879 - ERROR - 请求失败 (尝试 2/3): 403 Client Error: Forbidden for url: https://image.huyajs.com/cover/fb69e08f8287044d223f84331b53bf1d.jpg
2026-01-12 16:42:29,043 - ERROR - 请求失败 (尝试 3/3): 403 Client Error: Forbidden for url: https://image.huyajs.com/cover/fb69e08f8287044d223f84331b53bf1d.jpg
2026-01-12 16:42:29,044 - ERROR - 封面图片下载失败: 封面图片下载失败
2026-01-12 16:42:34,215 - ERROR - 请求失败 (尝试 1/3): 403 Client Error: Forbidden for url: https://image.huyajs.com/cover/d4cea77ef6d18b786930a5159dc2e317.jpg
2026-01-12 16:42:39,389 - ERROR - 请求失败 (尝试 2/3): 403 Client Error: Forbidden for url: https://image.huyajs.com/cover/d4cea77ef6d18b786930a5159dc2e317.jpg
2026-01-12 16:42:44,599 - ERROR - 请求失败 (尝试 3/3): 403 Client Error: Forbidden for url: https://image.huyajs.com/cover/d4cea77ef6d18b786930a5159dc2e317.jpg
2026-01-12 16:42:44,600 - ERROR - 封面图片下载失败: 封面图片下载失败
2026-01-12 16:42:47,347 - ERROR - 请求失败 (尝试 1/3): 403 Client Error: Forbidden for url: https://image.huyajs.com/cover/13f3ecd206c16237a08f8bcb26bce977.jpg
2026-01-12 16:42:52,521 - ERROR - 请求失败 (尝试 2/3): 403 Client Error: Forbidden for url: https://image.huyajs.com/cover/13f3ecd206c16237a08f8bcb26bce977.jpg
2026-01-12 16:42:57,749 - ERROR - 请求失败 (尝试 3/3): 403 Client Error: Forbidden for url: https://image.huyajs.com/cover/13f3ecd206c16237a08f8bcb26bce977.jpg
2026-01-12 16:42:57,750 - ERROR - 封面图片下载失败: 封面图片下载失败
2026-01-12 16:43:00,214 - ERROR - 请求失败 (尝试 1/3): 403 Client Error: Forbidden for url: https://image.huyajs.com/cover/a98a09866df39217e4ad82445c070426.jpg
2026-01-12 16:43:05,382 - ERROR - 请求失败 (尝试 2/3): 403 Client Error: Forbidden for url: https://image.huyajs.com/cover/a98a09866df39217e4ad82445c070426.jpg
2026-01-12 16:43:10,545 - ERROR - 请求失败 (尝试 3/3): 403 Client Error: Forbidden for url: https://image.huyajs.com/cover/a98a09866df39217e4ad82445c070426.jpg
2026-01-12 16:43:10,546 - ERROR - 封面图片下载失败: 封面图片下载失败
2026-01-12 16:43:15,305 - ERROR - 请求失败 (尝试 1/3): 403 Client Error: Forbidden for url: https://image.huyajs.com/cover/a0d9ff5928caf746ef68e919acd41a2b.jpg
2026-01-12 16:43:20,467 - ERROR - 请求失败 (尝试 2/3): 403 Client Error: Forbidden for url: https://image.huyajs.com/cover/a0d9ff5928caf746ef68e919acd41a2b.jpg
2026-01-12 16:43:25,627 - ERROR - 请求失败 (尝试 3/3): 403 Client Error: Forbidden for url: https://image.huyajs.com/cover/a0d9ff5928caf746ef68e919acd41a2b.jpg
2026-01-12 16:43:25,628 - ERROR - 封面图片下载失败: 封面图片下载失败
2026-01-12 16:43:28,155 - ERROR - 请求失败 (尝试 1/3): 403 Client Error: Forbidden for url: https://image.huyajs.com/cover/4dd5a9430a92d35a1f18622156718406.jpg
2026-01-12 16:43:33,332 - ERROR - 请求失败 (尝试 2/3): 403 Client Error: Forbidden for url: https://image.huyajs.com/cover/4dd5a9430a92d35a1f18622156718406.jpg
2026-01-12 16:43:38,493 - ERROR - 请求失败 (尝试 3/3): 403 Client Error: Forbidden for url: https://image.huyajs.com/cover/4dd5a9430a92d35a1f18622156718406.jpg
2026-01-12 16:43:38,494 - ERROR - 封面图片下载失败: 封面图片下载失败
2026-01-12 16:43:43,029 - ERROR - 请求失败 (尝试 1/3): 403 Client Error: Forbidden for url: https://image.huyajs.com/cover/0dccad0a1cdb73b74c0d6195d53c54b7.jpg
2026-01-12 16:43:48,192 - ERROR - 请求失败 (尝试 2/3): 403 Client Error: Forbidden for url: https://image.huyajs.com/cover/0dccad0a1cdb73b74c0d6195d53c54b7.jpg
2026-01-12 16:43:53,366 - ERROR - 请求失败 (尝试 3/3): 403 Client Error: Forbidden for url: https://image.huyajs.com/cover/0dccad0a1cdb73b74c0d6195d53c54b7.jpg
2026-01-12 16:43:53,367 - ERROR - 封面图片下载失败: 封面图片下载失败
2026-01-12 16:43:56,231 - ERROR - 请求失败 (尝试 1/3): 403 Client Error: Forbidden for url: https://image.huyajs.com/cover/26309f6d73f685bf51d59b79647aff99.jpg
2026-01-12 16:44:01,393 - ERROR - 请求失败 (尝试 2/3): 403 Client Error: Forbidden for url: https://image.huyajs.com/cover/26309f6d73f685bf51d59b79647aff99.jpg
2026-01-12 16:44:06,556 - ERROR - 请求失败 (尝试 3/3): 403 Client Error: Forbidden for url: https://image.huyajs.com/cover/26309f6d73f685bf51d59b79647aff99.jpg
2026-01-12 16:44:06,557 - ERROR - 封面图片下载失败: 封面图片下载失败
2026-01-12 16:44:10,877 - ERROR - 请求失败 (尝试 1/3): 403 Client Error: Forbidden for url: https://image.huyajs.com/cover/7a3103d455a0879a4aa75c181c2f44c5.jpg
2026-01-12 16:44:16,043 - ERROR - 请求失败 (尝试 2/3): 403 Client Error: Forbidden for url: https://image.huyajs.com/cover/7a3103d455a0879a4aa75c181c2f44c5.jpg
2026-01-12 16:44:21,203 - ERROR - 请求失败 (尝试 3/3): 403 Client Error: Forbidden for url: https://image.huyajs.com/cover/7a3103d455a0879a4aa75c181c2f44c5.jpg
2026-01-12 16:44:21,204 - ERROR - 封面图片下载失败: 封面图片下载失败
2026-01-12 16:44:24,132 - ERROR - 请求失败 (尝试 1/3): 403 Client Error: Forbidden for url: https://image.huyajs.com/cover/8df07b19cc011749611f5155f5a71717.jpg
2026-01-12 16:44:29,304 - ERROR - 请求失败 (尝试 2/3): 403 Client Error: Forbidden for url: https://image.huyajs.com/cover/8df07b19cc011749611f5155f5a71717.jpg
2026-01-12 16:44:34,464 - ERROR - 请求失败 (尝试 3/3): 403 Client Error: Forbidden for url: https://image.huyajs.com/cover/8df07b19cc011749611f5155f5a71717.jpg
2026-01-12 16:44:34,465 - ERROR - 封面图片下载失败: 封面图片下载失败
2026-01-12 16:44:36,963 - ERROR - 请求失败 (尝试 1/3): 403 Client Error: Forbidden for url: https://image.huyajs.com/cover/191974d575dcb8141d3e267a9aa6b90f.jpg
2026-01-12 16:44:42,144 - ERROR - 请求失败 (尝试 2/3): 403 Client Error: Forbidden for url: https://image.huyajs.com/cover/191974d575dcb8141d3e267a9aa6b90f.jpg
2026-01-12 16:44:47,313 - ERROR - 请求失败 (尝试 3/3): 403 Client Error: Forbidden for url: https://image.huyajs.com/cover/191974d575dcb8141d3e267a9aa6b90f.jpg
2026-01-12 16:44:47,314 - ERROR - 封面图片下载失败: 封面图片下载失败
2026-01-12 16:44:52,719 - ERROR - 请求失败 (尝试 1/3): 403 Client Error: Forbidden for url: https://image.huyajs.com/cover/ffffda8ada4827900cbf65fd20281080.jpg
2026-01-12 16:44:57,885 - ERROR - 请求失败 (尝试 2/3): 403 Client Error: Forbidden for url: https://image.huyajs.com/cover/ffffda8ada4827900cbf65fd20281080.jpg
2026-01-12 16:45:03,046 - ERROR - 请求失败 (尝试 3/3): 403 Client Error: Forbidden for url: https://image.huyajs.com/cover/ffffda8ada4827900cbf65fd20281080.jpg
2026-01-12 16:45:03,047 - ERROR - 封面图片下载失败: 封面图片下载失败
2026-01-12 16:45:07,981 - ERROR - 请求失败 (尝试 1/3): 403 Client Error: Forbidden for url: https://image.huyajs.com/cover/79f97a3dbd44aaf93d9304b65d721537.jpg
2026-01-12 16:45:13,142 - ERROR - 请求失败 (尝试 2/3): 403 Client Error: Forbidden for url: https://image.huyajs.com/cover/79f97a3dbd44aaf93d9304b65d721537.jpg
2026-01-12 16:45:18,301 - ERROR - 请求失败 (尝试 3/3): 403 Client Error: Forbidden for url: https://image.huyajs.com/cover/79f97a3dbd44aaf93d9304b65d721537.jpg
2026-01-12 16:45:18,301 - ERROR - 封面图片下载失败: 封面图片下载失败
2026-01-12 16:45:23,148 - ERROR - 请求失败 (尝试 1/3): 403 Client Error: Forbidden for url: https://image.huyajs.com/cover/e28889646616aba1a1b60a20bde0597a.jpg
2026-01-12 16:45:28,308 - ERROR - 请求失败 (尝试 2/3): 403 Client Error: Forbidden for url: https://image.huyajs.com/cover/e28889646616aba1a1b60a20bde0597a.jpg
2026-01-12 16:45:33,474 - ERROR - 请求失败 (尝试 3/3): 403 Client Error: Forbidden for url: https://image.huyajs.com/cover/e28889646616aba1a1b60a20bde0597a.jpg
2026-01-12 16:45:33,475 - ERROR - 封面图片下载失败: 封面图片下载失败
2026-01-12 16:45:35,977 - ERROR - 请求失败 (尝试 1/3): 403 Client Error: Forbidden for url: https://image.huyajs.com/cover/17b5dab636aeac6395e6a8a98b0fb289.jpg
2026-01-12 16:45:41,140 - ERROR - 请求失败 (尝试 2/3): 403 Client Error: Forbidden for url: https://image.huyajs.com/cover/17b5dab636aeac6395e6a8a98b0fb289.jpg
2026-01-12 16:45:46,303 - ERROR - 请求失败 (尝试 3/3): 403 Client Error: Forbidden for url: https://image.huyajs.com/cover/17b5dab636aeac6395e6a8a98b0fb289.jpg
2026-01-12 16:45:46,304 - ERROR - 封面图片下载失败: 封面图片下载失败
2026-01-12 16:45:51,283 - ERROR - 请求失败 (尝试 1/3): 403 Client Error: Forbidden for url: https://image.huyajs.com/cover/b9d2e0477fce2c11ff6ab21e55d240de.jpg
2026-01-12 16:45:56,446 - ERROR - 请求失败 (尝试 2/3): 403 Client Error: Forbidden for url: https://image.huyajs.com/cover/b9d2e0477fce2c11ff6ab21e55d240de.jpg
2026-01-12 16:46:01,613 - ERROR - 请求失败 (尝试 3/3): 403 Client Error: Forbidden for url: https://image.huyajs.com/cover/b9d2e0477fce2c11ff6ab21e55d240de.jpg
2026-01-12 16:46:01,614 - ERROR - 封面图片下载失败: 封面图片下载失败
2026-01-12 16:46:06,495 - ERROR - 请求失败 (尝试 1/3): 403 Client Error: Forbidden for url: https://image.huyajs.com/cover/338c5d6f19f629928a048031cf42873a.jpg
2026-01-12 16:46:11,659 - ERROR - 请求失败 (尝试 2/3): 403 Client Error: Forbidden for url: https://image.huyajs.com/cover/338c5d6f19f629928a048031cf42873a.jpg
2026-01-12 16:46:16,822 - ERROR - 请求失败 (尝试 3/3): 403 Client Error: Forbidden for url: https://image.huyajs.com/cover/338c5d6f19f629928a048031cf42873a.jpg
2026-01-12 16:46:16,823 - ERROR - 封面图片下载失败: 封面图片下载失败
2026-01-12 16:46:20,434 - ERROR - 请求失败 (尝试 1/3): 403 Client Error: Forbidden for url: https://image.huyajs.com/cover/09ba4ece60053dac8e123d46564013f6.jpg
2026-01-12 16:46:25,629 - ERROR - 请求失败 (尝试 2/3): 403 Client Error: Forbidden for url: https://image.huyajs.com/cover/09ba4ece60053dac8e123d46564013f6.jpg
2026-01-12 16:46:30,792 - ERROR - 请求失败 (尝试 3/3): 403 Client Error: Forbidden for url: https://image.huyajs.com/cover/09ba4ece60053dac8e123d46564013f6.jpg
2026-01-12 16:46:30,793 - ERROR - 封面图片下载失败: 封面图片下载失败
2026-01-12 16:46:33,869 - ERROR - 请求失败 (尝试 1/3): 403 Client Error: Forbidden for url: https://image.huyajs.com/cover/3978d96fc4ab654e845de643c9dc122b.jpg
2026-01-12 16:46:39,031 - ERROR - 请求失败 (尝试 2/3): 403 Client Error: Forbidden for url: https://image.huyajs.com/cover/3978d96fc4ab654e845de643c9dc122b.jpg
2026-01-12 16:46:44,194 - ERROR - 请求失败 (尝试 3/3): 403 Client Error: Forbidden for url: https://image.huyajs.com/cover/3978d96fc4ab654e845de643c9dc122b.jpg
2026-01-12 16:46:44,196 - ERROR - 封面图片下载失败: 封面图片下载失败
2026-01-12 16:46:47,409 - ERROR - 请求失败 (尝试 1/3): 403 Client Error: Forbidden for url: https://image.huyajs.com/cover/60086a5ff9176f9b3ebbe2d51b18d58f.jpg
2026-01-12 16:46:52,795 - ERROR - 请求失败 (尝试 2/3): 403 Client Error: Forbidden for url: https://image.huyajs.com/cover/60086a5ff9176f9b3ebbe2d51b18d58f.jpg
2026-01-12 16:46:57,965 - ERROR - 请求失败 (尝试 3/3): 403 Client Error: Forbidden for url: https://image.huyajs.com/cover/60086a5ff9176f9b3ebbe2d51b18d58f.jpg
2026-01-12 16:46:57,966 - ERROR - 封面图片下载失败: 封面图片下载失败
2026-01-12 16:47:02,650 - ERROR - 请求失败 (尝试 1/3): 403 Client Error: Forbidden for url: https://image.huyajs.com/cover/63035a740d7e6f2524d4bc4440a46ae8.jpg
2026-01-12 16:47:07,818 - ERROR - 请求失败 (尝试 2/3): 403 Client Error: Forbidden for url: https://image.huyajs.com/cover/63035a740d7e6f2524d4bc4440a46ae8.jpg
2026-01-12 16:47:13,000 - ERROR - 请求失败 (尝试 3/3): 403 Client Error: Forbidden for url: https://image.huyajs.com/cover/63035a740d7e6f2524d4bc4440a46ae8.jpg
2026-01-12 16:47:13,001 - ERROR - 封面图片下载失败: 封面图片下载失败
2026-01-12 16:47:17,550 - ERROR - 请求失败 (尝试 1/3): 403 Client Error: Forbidden for url: https://image.huyajs.com/cover/7a2540f652ece114f8193417cf844bbe.jpg
2026-01-12 16:47:22,712 - ERROR - 请求失败 (尝试 2/3): 403 Client Error: Forbidden for url: https://image.huyajs.com/cover/7a2540f652ece114f8193417cf844bbe.jpg
2026-01-12 16:47:27,920 - ERROR - 请求失败 (尝试 3/3): 403 Client Error: Forbidden for url: https://image.huyajs.com/cover/7a2540f652ece114f8193417cf844bbe.jpg
2026-01-12 16:47:27,921 - ERROR - 封面图片下载失败: 封面图片下载失败
2026-01-12 16:47:32,247 - ERROR - 请求失败 (尝试 1/3): 403 Client Error: Forbidden for url: https://image.huyajs.com/cover/ca424d10b027c79d536404199452d566.jpg
2026-01-12 16:47:37,444 - ERROR - 请求失败 (尝试 2/3): 403 Client Error: Forbidden for url: https://image.huyajs.com/cover/ca424d10b027c79d536404199452d566.jpg
2026-01-12 16:47:42,607 - ERROR - 请求失败 (尝试 3/3): 403 Client Error: Forbidden for url: https://image.huyajs.com/cover/ca424d10b027c79d536404199452d566.jpg
2026-01-12 16:47:42,608 - ERROR - 封面图片下载失败: 封面图片下载失败
2026-01-12 16:47:45,985 - ERROR - 请求失败 (尝试 1/3): 403 Client Error: Forbidden for url: https://image.huyajs.com/cover/327c6762ff523b24144fc1b06b9b84c3.jpg
2026-01-12 16:47:51,272 - ERROR - 请求失败 (尝试 2/3): 403 Client Error: Forbidden for url: https://image.huyajs.com/cover/327c6762ff523b24144fc1b06b9b84c3.jpg
2026-01-12 16:47:56,434 - ERROR - 请求失败 (尝试 3/3): 403 Client Error: Forbidden for url: https://image.huyajs.com/cover/327c6762ff523b24144fc1b06b9b84c3.jpg
2026-01-12 16:47:56,435 - ERROR - 封面图片下载失败: 封面图片下载失败
2026-01-12 16:48:00,152 - ERROR - 请求失败 (尝试 1/3): 403 Client Error: Forbidden for url: https://image.huyajs.com/cover/e917136043ab6bd05c92a52f27cc6335.jpg
2026-01-12 16:48:05,317 - ERROR - 请求失败 (尝试 2/3): 403 Client Error: Forbidden for url: https://image.huyajs.com/cover/e917136043ab6bd05c92a52f27cc6335.jpg
2026-01-12 16:48:10,479 - ERROR - 请求失败 (尝试 3/3): 403 Client Error: Forbidden for url: https://image.huyajs.com/cover/e917136043ab6bd05c92a52f27cc6335.jpg
2026-01-12 16:48:10,480 - ERROR - 封面图片下载失败: 封面图片下载失败
2026-01-12 16:48:15,213 - ERROR - 请求失败 (尝试 1/3): 403 Client Error: Forbidden for url: https://image.huyajs.com/cover/7a0d23ebf7c6f30dee818ae058064a38.jpg
2026-01-12 16:48:20,378 - ERROR - 请求失败 (尝试 2/3): 403 Client Error: Forbidden for url: https://image.huyajs.com/cover/7a0d23ebf7c6f30dee818ae058064a38.jpg
2026-01-12 16:48:25,544 - ERROR - 请求失败 (尝试 3/3): 403 Client Error: Forbidden for url: https://image.huyajs.com/cover/7a0d23ebf7c6f30dee818ae058064a38.jpg
2026-01-12 16:48:25,545 - ERROR - 封面图片下载失败: 封面图片下载失败
2026-01-12 16:48:28,339 - ERROR - 请求失败 (尝试 1/3): 403 Client Error: Forbidden for url: https://image.huyajs.com/cover/a9831611ac9fbe3751fad04d7b77fbe0.jpg
2026-01-12 16:48:33,498 - ERROR - 请求失败 (尝试 2/3): 403 Client Error: Forbidden for url: https://image.huyajs.com/cover/a9831611ac9fbe3751fad04d7b77fbe0.jpg
2026-01-12 16:48:38,664 - ERROR - 请求失败 (尝试 3/3): 403 Client Error: Forbidden for url: https://image.huyajs.com/cover/a9831611ac9fbe3751fad04d7b77fbe0.jpg
2026-01-12 16:48:38,665 - ERROR - 封面图片下载失败: 封面图片下载失败
2026-01-12 16:48:43,410 - ERROR - 请求失败 (尝试 1/3): 403 Client Error: Forbidden for url: https://image.huyajs.com/cover/ccee9141bec62b782086f35c767b7022.jpg
2026-01-12 16:48:48,576 - ERROR - 请求失败 (尝试 2/3): 403 Client Error: Forbidden for url: https://image.huyajs.com/cover/ccee9141bec62b782086f35c767b7022.jpg
2026-01-12 16:48:53,737 - ERROR - 请求失败 (尝试 3/3): 403 Client Error: Forbidden for url: https://image.huyajs.com/cover/ccee9141bec62b782086f35c767b7022.jpg
2026-01-12 16:48:53,738 - ERROR - 封面图片下载失败: 封面图片下载失败
2026-01-12 16:48:56,280 - ERROR - 请求失败 (尝试 1/3): 403 Client Error: Forbidden for url: https://image.huyajs.com/cover/a807d2f136343643dd241d78f002d78c.jpg
2026-01-12 16:49:01,443 - ERROR - 请求失败 (尝试 2/3): 403 Client Error: Forbidden for url: https://image.huyajs.com/cover/a807d2f136343643dd241d78f002d78c.jpg
2026-01-12 16:49:06,603 - ERROR - 请求失败 (尝试 3/3): 403 Client Error: Forbidden for url: https://image.huyajs.com/cover/a807d2f136343643dd241d78f002d78c.jpg
2026-01-12 16:49:06,605 - ERROR - 封面图片下载失败: 封面图片下载失败
2026-01-12 16:49:10,858 - ERROR - 请求失败 (尝试 1/3): 403 Client Error: Forbidden for url: https://image.huyajs.com/cover/a949b6f9a86015cd7b9c77713fac6e3d.jpg
2026-01-12 16:49:16,020 - ERROR - 请求失败 (尝试 2/3): 403 Client Error: Forbidden for url: https://image.huyajs.com/cover/a949b6f9a86015cd7b9c77713fac6e3d.jpg
2026-01-12 16:49:21,183 - ERROR - 请求失败 (尝试 3/3): 403 Client Error: Forbidden for url: https://image.huyajs.com/cover/a949b6f9a86015cd7b9c77713fac6e3d.jpg
2026-01-12 16:49:21,185 - ERROR - 封面图片下载失败: 封面图片下载失败
2026-01-12 16:49:25,914 - ERROR - 请求失败 (尝试 1/3): 403 Client Error: Forbidden for url: https://image.huyajs.com/cover/466720dbe516b392cc3ac43a6fa4362a.jpg
2026-01-12 16:49:31,074 - ERROR - 请求失败 (尝试 2/3): 403 Client Error: Forbidden for url: https://image.huyajs.com/cover/466720dbe516b392cc3ac43a6fa4362a.jpg
2026-01-12 16:49:36,235 - ERROR - 请求失败 (尝试 3/3): 403 Client Error: Forbidden for url: https://image.huyajs.com/cover/466720dbe516b392cc3ac43a6fa4362a.jpg
2026-01-12 16:49:36,236 - ERROR - 封面图片下载失败: 封面图片下载失败
2026-01-12 16:49:41,555 - ERROR - 请求失败 (尝试 1/3): 403 Client Error: Forbidden for url: https://image.huyajs.com/cover/c6ece8603f6d39e61e2bb7aa62f96103.jpg
2026-01-12 16:49:46,715 - ERROR - 请求失败 (尝试 2/3): 403 Client Error: Forbidden for url: https://image.huyajs.com/cover/c6ece8603f6d39e61e2bb7aa62f96103.jpg
2026-01-12 16:49:51,882 - ERROR - 请求失败 (尝试 3/3): 403 Client Error: Forbidden for url: https://image.huyajs.com/cover/c6ece8603f6d39e61e2bb7aa62f96103.jpg
2026-01-12 16:49:51,883 - ERROR - 封面图片下载失败: 封面图片下载失败
2026-01-12 16:49:55,925 - ERROR - 请求失败 (尝试 1/3): 403 Client Error: Forbidden for url: https://image.huyajs.com/cover/542f9e0eaa9ee123a941922b55034508.jpg
2026-01-12 16:50:01,099 - ERROR - 请求失败 (尝试 2/3): 403 Client Error: Forbidden for url: https://image.huyajs.com/cover/542f9e0eaa9ee123a941922b55034508.jpg
2026-01-12 16:50:06,260 - ERROR - 请求失败 (尝试 3/3): 403 Client Error: Forbidden for url: https://image.huyajs.com/cover/542f9e0eaa9ee123a941922b55034508.jpg
2026-01-12 16:50:06,261 - ERROR - 封面图片下载失败: 封面图片下载失败
2026-01-12 16:50:09,316 - ERROR - 请求失败 (尝试 1/3): 403 Client Error: Forbidden for url: https://image.huyajs.com/cover/fa26756219b7e6675229f4ddb5a06c9d.jpg
2026-01-12 16:50:14,479 - ERROR - 请求失败 (尝试 2/3): 403 Client Error: Forbidden for url: https://image.huyajs.com/cover/fa26756219b7e6675229f4ddb5a06c9d.jpg
2026-01-12 16:50:19,641 - ERROR - 请求失败 (尝试 3/3): 403 Client Error: Forbidden for url: https://image.huyajs.com/cover/fa26756219b7e6675229f4ddb5a06c9d.jpg
2026-01-12 16:50:19,642 - ERROR - 封面图片下载失败: 封面图片下载失败
2026-01-12 16:50:23,649 - ERROR - 请求失败 (尝试 1/3): 403 Client Error: Forbidden for url: https://image.huyajs.com/cover/0bf948c6c22ccf4f43275eb5923bba76.jpg
2026-01-12 16:50:28,821 - ERROR - 请求失败 (尝试 2/3): 403 Client Error: Forbidden for url: https://image.huyajs.com/cover/0bf948c6c22ccf4f43275eb5923bba76.jpg
2026-01-12 16:50:33,986 - ERROR - 请求失败 (尝试 3/3): 403 Client Error: Forbidden for url: https://image.huyajs.com/cover/0bf948c6c22ccf4f43275eb5923bba76.jpg
2026-01-12 16:50:33,988 - ERROR - 封面图片下载失败: 封面图片下载失败
2026-01-12 16:50:39,267 - ERROR - 请求失败 (尝试 1/3): 403 Client Error: Forbidden for url: https://image.huyajs.com/cover/73827cb81baa33d69817e31f9cbb5932.jpg
2026-01-12 16:50:44,434 - ERROR - 请求失败 (尝试 2/3): 403 Client Error: Forbidden for url: https://image.huyajs.com/cover/73827cb81baa33d69817e31f9cbb5932.jpg
2026-01-12 16:50:49,595 - ERROR - 请求失败 (尝试 3/3): 403 Client Error: Forbidden for url: https://image.huyajs.com/cover/73827cb81baa33d69817e31f9cbb5932.jpg
2026-01-12 16:50:49,597 - ERROR - 封面图片下载失败: 封面图片下载失败
2026-01-12 16:50:53,148 - ERROR - 请求失败 (尝试 1/3): 403 Client Error: Forbidden for url: https://image.huyajs.com/cover/180dd77c7f99b5455ea341c31fb4c864.jpg
2026-01-12 16:50:58,321 - ERROR - 请求失败 (尝试 2/3): 403 Client Error: Forbidden for url: https://image.huyajs.com/cover/180dd77c7f99b5455ea341c31fb4c864.jpg
2026-01-12 16:51:03,484 - ERROR - 请求失败 (尝试 3/3): 403 Client Error: Forbidden for url: https://image.huyajs.com/cover/180dd77c7f99b5455ea341c31fb4c864.jpg
2026-01-12 16:51:03,485 - ERROR - 封面图片下载失败: 封面图片下载失败
2026-01-12 16:51:08,181 - ERROR - 请求失败 (尝试 1/3): 403 Client Error: Forbidden for url: https://image.huyajs.com/cover/c93c3c6c564196a469c9067fe7459f8a.jpg
2026-01-12 16:51:13,344 - ERROR - 请求失败 (尝试 2/3): 403 Client Error: Forbidden for url: https://image.huyajs.com/cover/c93c3c6c564196a469c9067fe7459f8a.jpg
2026-01-12 16:51:18,512 - ERROR - 请求失败 (尝试 3/3): 403 Client Error: Forbidden for url: https://image.huyajs.com/cover/c93c3c6c564196a469c9067fe7459f8a.jpg
2026-01-12 16:51:18,513 - ERROR - 封面图片下载失败: 封面图片下载失败
2026-01-12 16:51:23,747 - ERROR - 请求失败 (尝试 1/3): 403 Client Error: Forbidden for url: https://image.huyajs.com/cover/57e0e0ff2224f4051b9c1cf19a150d25.jpg
2026-01-12 16:51:28,919 - ERROR - 请求失败 (尝试 2/3): 403 Client Error: Forbidden for url: https://image.huyajs.com/cover/57e0e0ff2224f4051b9c1cf19a150d25.jpg
2026-01-12 16:51:34,087 - ERROR - 请求失败 (尝试 3/3): 403 Client Error: Forbidden for url: https://image.huyajs.com/cover/57e0e0ff2224f4051b9c1cf19a150d25.jpg
2026-01-12 16:51:34,088 - ERROR - 封面图片下载失败: 封面图片下载失败
2026-01-12 16:51:37,665 - ERROR - 请求失败 (尝试 1/3): 403 Client Error: Forbidden for url: https://image.huyajs.com/cover/48bce22626105218f21db616ac43293b.jpg
2026-01-12 16:51:42,834 - ERROR - 请求失败 (尝试 2/3): 403 Client Error: Forbidden for url: https://image.huyajs.com/cover/48bce22626105218f21db616ac43293b.jpg
2026-01-12 16:51:47,996 - ERROR - 请求失败 (尝试 3/3): 403 Client Error: Forbidden for url: https://image.huyajs.com/cover/48bce22626105218f21db616ac43293b.jpg
2026-01-12 16:51:47,997 - ERROR - 封面图片下载失败: 封面图片下载失败
2026-01-12 16:51:52,896 - ERROR - 请求失败 (尝试 1/3): 403 Client Error: Forbidden for url: https://image.huyajs.com/cover/89e022941d9820a69c9a7e6d624bcfb5.jpg
2026-01-12 16:51:58,067 - ERROR - 请求失败 (尝试 2/3): 403 Client Error: Forbidden for url: https://image.huyajs.com/cover/89e022941d9820a69c9a7e6d624bcfb5.jpg
2026-01-12 16:52:03,228 - ERROR - 请求失败 (尝试 3/3): 403 Client Error: Forbidden for url: https://image.huyajs.com/cover/89e022941d9820a69c9a7e6d624bcfb5.jpg
2026-01-12 16:52:03,229 - ERROR - 封面图片下载失败: 封面图片下载失败
2026-01-12 16:52:08,006 - ERROR - 请求失败 (尝试 1/3): 403 Client Error: Forbidden for url: https://image.huyajs.com/cover/e61f179757e5514fa1937898438f50c3.jpg
2026-01-12 16:52:13,214 - ERROR - 请求失败 (尝试 2/3): 403 Client Error: Forbidden for url: https://image.huyajs.com/cover/e61f179757e5514fa1937898438f50c3.jpg
2026-01-12 16:52:18,375 - ERROR - 请求失败 (尝试 3/3): 403 Client Error: Forbidden for url: https://image.huyajs.com/cover/e61f179757e5514fa1937898438f50c3.jpg
2026-01-12 16:52:18,377 - ERROR - 封面图片下载失败: 封面图片下载失败
2026-01-12 16:52:21,065 - ERROR - 请求失败 (尝试 1/3): 403 Client Error: Forbidden for url: https://image.huyajs.com/cover/c27984ee457dfc23658f9a3c66bb176c.jpg
2026-01-12 16:52:26,227 - ERROR - 请求失败 (尝试 2/3): 403 Client Error: Forbidden for url: https://image.huyajs.com/cover/c27984ee457dfc23658f9a3c66bb176c.jpg
2026-01-12 16:52:31,387 - ERROR - 请求失败 (尝试 3/3): 403 Client Error: Forbidden for url: https://image.huyajs.com/cover/c27984ee457dfc23658f9a3c66bb176c.jpg
2026-01-12 16:52:31,389 - ERROR - 封面图片下载失败: 封面图片下载失败
2026-01-12 16:52:34,317 - ERROR - 请求失败 (尝试 1/3): 403 Client Error: Forbidden for url: https://image.huyajs.com/cover/da84f788beeff96f140d398a0551e028.jpg
2026-01-12 16:52:39,480 - ERROR - 请求失败 (尝试 2/3): 403 Client Error: Forbidden for url: https://image.huyajs.com/cover/da84f788beeff96f140d398a0551e028.jpg
2026-01-12 16:52:44,666 - ERROR - 请求失败 (尝试 3/3): 403 Client Error: Forbidden for url: https://image.huyajs.com/cover/da84f788beeff96f140d398a0551e028.jpg
2026-01-12 16:52:44,667 - ERROR - 封面图片下载失败: 封面图片下载失败
2026-01-12 16:52:48,494 - ERROR - 请求失败 (尝试 1/3): 403 Client Error: Forbidden for url: https://image.huyajs.com/cover/74c30a819b548dd7e64902a2cdaf918f.jpg
2026-01-12 16:52:53,779 - ERROR - 请求失败 (尝试 2/3): 403 Client Error: Forbidden for url: https://image.huyajs.com/cover/74c30a819b548dd7e64902a2cdaf918f.jpg
2026-01-12 16:52:58,941 - ERROR - 请求失败 (尝试 3/3): 403 Client Error: Forbidden for url: https://image.huyajs.com/cover/74c30a819b548dd7e64902a2cdaf918f.jpg
2026-01-12 16:52:58,942 - ERROR - 封面图片下载失败: 封面图片下载失败
2026-01-12 16:53:02,854 - ERROR - 请求失败 (尝试 1/3): 403 Client Error: Forbidden for url: https://image.huyajs.com/cover/377339ba5976ea5f48024cfb93bd2f6e.jpg
2026-01-12 16:53:08,042 - ERROR - 请求失败 (尝试 2/3): 403 Client Error: Forbidden for url: https://image.huyajs.com/cover/377339ba5976ea5f48024cfb93bd2f6e.jpg
2026-01-12 16:53:13,204 - ERROR - 请求失败 (尝试 3/3): 403 Client Error: Forbidden for url: https://image.huyajs.com/cover/377339ba5976ea5f48024cfb93bd2f6e.jpg
2026-01-12 16:53:13,205 - ERROR - 封面图片下载失败: 封面图片下载失败
2026-01-12 16:53:18,437 - ERROR - 请求失败 (尝试 1/3): 403 Client Error: Forbidden for url: https://image.huyajs.com/cover/e11694a081821fb3bb05bea3b982006a.jpg
2026-01-12 16:53:23,605 - ERROR - 请求失败 (尝试 2/3): 403 Client Error: Forbidden for url: https://image.huyajs.com/cover/e11694a081821fb3bb05bea3b982006a.jpg
2026-01-12 16:53:28,783 - ERROR - 请求失败 (尝试 3/3): 403 Client Error: Forbidden for url: https://image.huyajs.com/cover/e11694a081821fb3bb05bea3b982006a.jpg
2026-01-12 16:53:28,784 - ERROR - 封面图片下载失败: 封面图片下载失败
2026-01-12 16:53:32,592 - ERROR - 请求失败 (尝试 1/3): 403 Client Error: Forbidden for url: https://image.huyajs.com/cover/353468075b120103bc30cd6e79752b25.jpg
2026-01-12 16:53:37,754 - ERROR - 请求失败 (尝试 2/3): 403 Client Error: Forbidden for url: https://image.huyajs.com/cover/353468075b120103bc30cd6e79752b25.jpg
2026-01-12 16:53:42,919 - ERROR - 请求失败 (尝试 3/3): 403 Client Error: Forbidden for url: https://image.huyajs.com/cover/353468075b120103bc30cd6e79752b25.jpg
2026-01-12 16:53:42,920 - ERROR - 封面图片下载失败: 封面图片下载失败
2026-01-12 16:53:47,441 - ERROR - 请求失败 (尝试 1/3): 403 Client Error: Forbidden for url: https://image.huyajs.com/cover/ea8d1e5e2aa158f1cc98e205b4d28aaa.jpg
2026-01-12 16:53:52,604 - ERROR - 请求失败 (尝试 2/3): 403 Client Error: Forbidden for url: https://image.huyajs.com/cover/ea8d1e5e2aa158f1cc98e205b4d28aaa.jpg
2026-01-12 16:53:57,816 - ERROR - 请求失败 (尝试 3/3): 403 Client Error: Forbidden for url: https://image.huyajs.com/cover/ea8d1e5e2aa158f1cc98e205b4d28aaa.jpg
2026-01-12 16:53:57,817 - ERROR - 封面图片下载失败: 封面图片下载失败
2026-01-12 16:54:00,869 - ERROR - 请求失败 (尝试 1/3): 403 Client Error: Forbidden for url: https://image.huyajs.com/cover/5d57c30555bb7c202b0d64e7b4c16258.jpg
2026-01-12 16:54:06,033 - ERROR - 请求失败 (尝试 2/3): 403 Client Error: Forbidden for url: https://image.huyajs.com/cover/5d57c30555bb7c202b0d64e7b4c16258.jpg
2026-01-12 16:54:11,198 - ERROR - 请求失败 (尝试 3/3): 403 Client Error: Forbidden for url: https://image.huyajs.com/cover/5d57c30555bb7c202b0d64e7b4c16258.jpg
2026-01-12 16:54:11,199 - ERROR - 封面图片下载失败: 封面图片下载失败
2026-01-12 16:54:14,214 - ERROR - 请求失败 (尝试 1/3): 403 Client Error: Forbidden for url: https://image.huyajs.com/cover/6dcd7be4e1a9df358e4c16b356176308.jpg
2026-01-12 16:54:19,378 - ERROR - 请求失败 (尝试 2/3): 403 Client Error: Forbidden for url: https://image.huyajs.com/cover/6dcd7be4e1a9df358e4c16b356176308.jpg
2026-01-12 16:54:24,547 - ERROR - 请求失败 (尝试 3/3): 403 Client Error: Forbidden for url: https://image.huyajs.com/cover/6dcd7be4e1a9df358e4c16b356176308.jpg
2026-01-12 16:54:24,548 - ERROR - 封面图片下载失败: 封面图片下载失败
2026-01-12 16:54:27,815 - ERROR - 请求失败 (尝试 1/3): 403 Client Error: Forbidden for url: https://image.huyajs.com/cover/4b1aab3d164ffa78293f441e815dd86e.jpg
2026-01-12 16:54:32,977 - ERROR - 请求失败 (尝试 2/3): 403 Client Error: Forbidden for url: https://image.huyajs.com/cover/4b1aab3d164ffa78293f441e815dd86e.jpg
2026-01-12 16:54:38,139 - ERROR - 请求失败 (尝试 3/3): 403 Client Error: Forbidden for url: https://image.huyajs.com/cover/4b1aab3d164ffa78293f441e815dd86e.jpg
2026-01-12 16:54:38,140 - ERROR - 封面图片下载失败: 封面图片下载失败
2026-01-12 16:54:43,230 - ERROR - 请求失败 (尝试 1/3): 403 Client Error: Forbidden for url: https://image.huyajs.com/cover/b89fc71ee73d1d6ec09693a1844bf3a2.jpg
2026-01-12 16:54:48,394 - ERROR - 请求失败 (尝试 2/3): 403 Client Error: Forbidden for url: https://image.huyajs.com/cover/b89fc71ee73d1d6ec09693a1844bf3a2.jpg
2026-01-12 16:54:53,556 - ERROR - 请求失败 (尝试 3/3): 403 Client Error: Forbidden for url: https://image.huyajs.com/cover/b89fc71ee73d1d6ec09693a1844bf3a2.jpg
2026-01-12 16:54:53,557 - ERROR - 封面图片下载失败: 封面图片下载失败
2026-01-12 16:54:56,626 - ERROR - 请求失败 (尝试 1/3): 403 Client Error: Forbidden for url: https://image.huyajs.com/cover/de5239d3f60e56216444b278593f17bd.jpg
2026-01-12 16:55:01,786 - ERROR - 请求失败 (尝试 2/3): 403 Client Error: Forbidden for url: https://image.huyajs.com/cover/de5239d3f60e56216444b278593f17bd.jpg
2026-01-12 16:55:06,949 - ERROR - 请求失败 (尝试 3/3): 403 Client Error: Forbidden for url: https://image.huyajs.com/cover/de5239d3f60e56216444b278593f17bd.jpg
2026-01-12 16:55:06,950 - ERROR - 封面图片下载失败: 封面图片下载失败
2026-01-12 16:55:12,413 - ERROR - 请求失败 (尝试 1/3): 403 Client Error: Forbidden for url: https://image.huyajs.com/cover/880d71662c2f82795e337cc728a34ebf.jpg
2026-01-12 16:55:17,575 - ERROR - 请求失败 (尝试 2/3): 403 Client Error: Forbidden for url: https://image.huyajs.com/cover/880d71662c2f82795e337cc728a34ebf.jpg
2026-01-12 16:55:22,746 - ERROR - 请求失败 (尝试 3/3): 403 Client Error: Forbidden for url: https://image.huyajs.com/cover/880d71662c2f82795e337cc728a34ebf.jpg
2026-01-12 16:55:22,747 - ERROR - 封面图片下载失败: 封面图片下载失败
2026-01-12 16:55:25,802 - ERROR - 请求失败 (尝试 1/3): 403 Client Error: Forbidden for url: https://image.huyajs.com/cover/1314a2b9d9c54ee0e0c4dc1bbc989b3f.jpg
2026-01-12 16:55:30,965 - ERROR - 请求失败 (尝试 2/3): 403 Client Error: Forbidden for url: https://image.huyajs.com/cover/1314a2b9d9c54ee0e0c4dc1bbc989b3f.jpg
2026-01-12 16:55:36,128 - ERROR - 请求失败 (尝试 3/3): 403 Client Error: Forbidden for url: https://image.huyajs.com/cover/1314a2b9d9c54ee0e0c4dc1bbc989b3f.jpg
2026-01-12 16:55:36,129 - ERROR - 封面图片下载失败: 封面图片下载失败
2026-01-12 16:55:38,793 - ERROR - 请求失败 (尝试 1/3): 403 Client Error: Forbidden for url: https://image.huyajs.com/cover/f4f38f039d75cbd66ed5428b68fafb74.jpg
2026-01-12 16:55:43,960 - ERROR - 请求失败 (尝试 2/3): 403 Client Error: Forbidden for url: https://image.huyajs.com/cover/f4f38f039d75cbd66ed5428b68fafb74.jpg
2026-01-12 16:55:49,122 - ERROR - 请求失败 (尝试 3/3): 403 Client Error: Forbidden for url: https://image.huyajs.com/cover/f4f38f039d75cbd66ed5428b68fafb74.jpg
2026-01-12 16:55:49,123 - ERROR - 封面图片下载失败: 封面图片下载失败
2026-01-12 16:55:54,034 - ERROR - 请求失败 (尝试 1/3): 403 Client Error: Forbidden for url: https://image.huyajs.com/cover/e29dd4f67cb75f88e798af418aaa16e1.jpg
2026-01-12 16:55:59,195 - ERROR - 请求失败 (尝试 2/3): 403 Client Error: Forbidden for url: https://image.huyajs.com/cover/e29dd4f67cb75f88e798af418aaa16e1.jpg
2026-01-12 16:56:04,366 - ERROR - 请求失败 (尝试 3/3): 403 Client Error: Forbidden for url: https://image.huyajs.com/cover/e29dd4f67cb75f88e798af418aaa16e1.jpg
2026-01-12 16:56:04,367 - ERROR - 封面图片下载失败: 封面图片下载失败
2026-01-12 16:56:09,519 - ERROR - 请求失败 (尝试 1/3): 403 Client Error: Forbidden for url: https://image.huyajs.com/cover/7f03db64373165b57e80dcfbd1b72a2a.jpg
2026-01-12 16:56:14,681 - ERROR - 请求失败 (尝试 2/3): 403 Client Error: Forbidden for url: https://image.huyajs.com/cover/7f03db64373165b57e80dcfbd1b72a2a.jpg
2026-01-12 16:56:19,844 - ERROR - 请求失败 (尝试 3/3): 403 Client Error: Forbidden for url: https://image.huyajs.com/cover/7f03db64373165b57e80dcfbd1b72a2a.jpg
2026-01-12 16:56:19,845 - ERROR - 封面图片下载失败: 封面图片下载失败
2026-01-12 16:56:24,290 - ERROR - 请求失败 (尝试 1/3): 403 Client Error: Forbidden for url: https://image.huyajs.com/cover/c9d0a33c4d29275740355c11311e789b.jpg
2026-01-12 16:56:29,508 - ERROR - 请求失败 (尝试 2/3): 403 Client Error: Forbidden for url: https://image.huyajs.com/cover/c9d0a33c4d29275740355c11311e789b.jpg
2026-01-12 16:56:34,684 - ERROR - 请求失败 (尝试 3/3): 403 Client Error: Forbidden for url: https://image.huyajs.com/cover/c9d0a33c4d29275740355c11311e789b.jpg
2026-01-12 16:56:34,685 - ERROR - 封面图片下载失败: 封面图片下载失败
2026-01-12 16:56:39,460 - ERROR - 请求失败 (尝试 1/3): 403 Client Error: Forbidden for url: https://image.huyajs.com/cover/1d9d4d9161877832dd62218307e8edfd.jpg
2026-01-12 16:56:44,624 - ERROR - 请求失败 (尝试 2/3): 403 Client Error: Forbidden for url: https://image.huyajs.com/cover/1d9d4d9161877832dd62218307e8edfd.jpg
2026-01-12 16:56:49,785 - ERROR - 请求失败 (尝试 3/3): 403 Client Error: Forbidden for url: https://image.huyajs.com/cover/1d9d4d9161877832dd62218307e8edfd.jpg
2026-01-12 16:56:49,786 - ERROR - 封面图片下载失败: 封面图片下载失败
2026-01-12 16:56:53,803 - ERROR - 请求失败 (尝试 1/3): 403 Client Error: Forbidden for url: https://image.huyajs.com/cover/23aa7ff72f65a0dbddedb338b688fe71.jpg
2026-01-12 16:56:58,975 - ERROR - 请求失败 (尝试 2/3): 403 Client Error: Forbidden for url: https://image.huyajs.com/cover/23aa7ff72f65a0dbddedb338b688fe71.jpg
2026-01-12 16:57:04,136 - ERROR - 请求失败 (尝试 3/3): 403 Client Error: Forbidden for url: https://image.huyajs.com/cover/23aa7ff72f65a0dbddedb338b688fe71.jpg
2026-01-12 16:57:04,137 - ERROR - 封面图片下载失败: 封面图片下载失败
2026-01-12 16:57:08,696 - ERROR - 请求失败 (尝试 1/3): 403 Client Error: Forbidden for url: https://image.huyajs.com/cover/b6b8726197389d8fff7e4af18763a7b7.jpg
2026-01-12 16:57:13,857 - ERROR - 请求失败 (尝试 2/3): 403 Client Error: Forbidden for url: https://image.huyajs.com/cover/b6b8726197389d8fff7e4af18763a7b7.jpg
2026-01-12 16:57:19,019 - ERROR - 请求失败 (尝试 3/3): 403 Client Error: Forbidden for url: https://image.huyajs.com/cover/b6b8726197389d8fff7e4af18763a7b7.jpg
2026-01-12 16:57:19,020 - ERROR - 封面图片下载失败: 封面图片下载失败
2026-01-12 16:57:22,521 - ERROR - 请求失败 (尝试 1/3): 403 Client Error: Forbidden for url: https://image.huyajs.com/cover/1c1f28d5421004489de08055e52e9b18.jpg
2026-01-12 16:57:27,911 - ERROR - 请求失败 (尝试 2/3): 403 Client Error: Forbidden for url: https://image.huyajs.com/cover/1c1f28d5421004489de08055e52e9b18.jpg
2026-01-12 16:57:33,076 - ERROR - 请求失败 (尝试 3/3): 403 Client Error: Forbidden for url: https://image.huyajs.com/cover/1c1f28d5421004489de08055e52e9b18.jpg
2026-01-12 16:57:33,077 - ERROR - 封面图片下载失败: 封面图片下载失败
2026-01-12 16:57:38,321 - ERROR - 请求失败 (尝试 1/3): 403 Client Error: Forbidden for url: https://image.huyajs.com/cover/90a493dcae5a5c4fe1b3c04ad1dbc069.jpg
2026-01-12 16:57:43,484 - ERROR - 请求失败 (尝试 2/3): 403 Client Error: Forbidden for url: https://image.huyajs.com/cover/90a493dcae5a5c4fe1b3c04ad1dbc069.jpg
2026-01-12 16:57:48,645 - ERROR - 请求失败 (尝试 3/3): 403 Client Error: Forbidden for url: https://image.huyajs.com/cover/90a493dcae5a5c4fe1b3c04ad1dbc069.jpg
2026-01-12 16:57:48,647 - ERROR - 封面图片下载失败: 封面图片下载失败
2026-01-12 16:57:53,604 - ERROR - 请求失败 (尝试 1/3): 403 Client Error: Forbidden for url: https://image.huyajs.com/cover/4f71036295e627bf8dff9e06d8602d06.jpg
2026-01-12 16:57:58,768 - ERROR - 请求失败 (尝试 2/3): 403 Client Error: Forbidden for url: https://image.huyajs.com/cover/4f71036295e627bf8dff9e06d8602d06.jpg
2026-01-12 16:58:03,977 - ERROR - 请求失败 (尝试 3/3): 403 Client Error: Forbidden for url: https://image.huyajs.com/cover/4f71036295e627bf8dff9e06d8602d06.jpg
2026-01-12 16:58:03,978 - ERROR - 封面图片下载失败: 封面图片下载失败
2026-01-12 16:58:08,242 - ERROR - 请求失败 (尝试 1/3): 403 Client Error: Forbidden for url: https://image.huyajs.com/cover/cbc8416e7ee704aadb036747f4ca5c28.jpg
2026-01-12 16:58:13,437 - ERROR - 请求失败 (尝试 2/3): 403 Client Error: Forbidden for url: https://image.huyajs.com/cover/cbc8416e7ee704aadb036747f4ca5c28.jpg
2026-01-12 16:58:18,599 - ERROR - 请求失败 (尝试 3/3): 403 Client Error: Forbidden for url: https://image.huyajs.com/cover/cbc8416e7ee704aadb036747f4ca5c28.jpg
2026-01-12 16:58:18,600 - ERROR - 封面图片下载失败: 封面图片下载失败
2026-01-12 16:58:23,961 - ERROR - 请求失败 (尝试 1/3): 403 Client Error: Forbidden for url: https://image.huyajs.com/cover/4f50c49016d0728a159153ee7d57fb2a.jpg
2026-01-12 16:58:29,130 - ERROR - 请求失败 (尝试 2/3): 403 Client Error: Forbidden for url: https://image.huyajs.com/cover/4f50c49016d0728a159153ee7d57fb2a.jpg
2026-01-12 16:58:34,298 - ERROR - 请求失败 (尝试 3/3): 403 Client Error: Forbidden for url: https://image.huyajs.com/cover/4f50c49016d0728a159153ee7d57fb2a.jpg
2026-01-12 16:58:34,299 - ERROR - 封面图片下载失败: 封面图片下载失败
2026-01-12 16:58:38,810 - ERROR - 请求失败 (尝试 1/3): 403 Client Error: Forbidden for url: https://image.huyajs.com/cover/848a093eccd3a24f40e48fd028f31004.jpg
2026-01-12 16:58:43,974 - ERROR - 请求失败 (尝试 2/3): 403 Client Error: Forbidden for url: https://image.huyajs.com/cover/848a093eccd3a24f40e48fd028f31004.jpg
2026-01-12 16:58:49,141 - ERROR - 请求失败 (尝试 3/3): 403 Client Error: Forbidden for url: https://image.huyajs.com/cover/848a093eccd3a24f40e48fd028f31004.jpg
2026-01-12 16:58:49,142 - ERROR - 封面图片下载失败: 封面图片下载失败
2026-01-12 16:58:51,889 - ERROR - 请求失败 (尝试 1/3): 403 Client Error: Forbidden for url: https://image.huyajs.com/cover/f4999efe0551c5673c9ccf960e648372.jpg
2026-01-12 16:58:57,055 - ERROR - 请求失败 (尝试 2/3): 403 Client Error: Forbidden for url: https://image.huyajs.com/cover/f4999efe0551c5673c9ccf960e648372.jpg
2026-01-12 16:59:02,237 - ERROR - 请求失败 (尝试 3/3): 403 Client Error: Forbidden for url: https://image.huyajs.com/cover/f4999efe0551c5673c9ccf960e648372.jpg
2026-01-12 16:59:02,238 - ERROR - 封面图片下载失败: 封面图片下载失败
2026-01-12 16:59:06,648 - ERROR - 请求失败 (尝试 1/3): 403 Client Error: Forbidden for url: https://image.huyajs.com/cover/70a5e2c25d16639892a73773b2fb1796.jpg
2026-01-12 16:59:11,980 - ERROR - 请求失败 (尝试 2/3): 403 Client Error: Forbidden for url: https://image.huyajs.com/cover/70a5e2c25d16639892a73773b2fb1796.jpg
2026-01-12 16:59:17,142 - ERROR - 请求失败 (尝试 3/3): 403 Client Error: Forbidden for url: https://image.huyajs.com/cover/70a5e2c25d16639892a73773b2fb1796.jpg
2026-01-12 16:59:17,143 - ERROR - 封面图片下载失败: 封面图片下载失败
2026-01-12 16:59:20,922 - ERROR - 请求失败 (尝试 1/3): 403 Client Error: Forbidden for url: https://image.huyajs.com/cover/ddba0b358a6d15b8ca0bdb44597323b9.jpg
2026-01-12 16:59:26,085 - ERROR - 请求失败 (尝试 2/3): 403 Client Error: Forbidden for url: https://image.huyajs.com/cover/ddba0b358a6d15b8ca0bdb44597323b9.jpg
2026-01-12 16:59:31,247 - ERROR - 请求失败 (尝试 3/3): 403 Client Error: Forbidden for url: https://image.huyajs.com/cover/ddba0b358a6d15b8ca0bdb44597323b9.jpg
2026-01-12 16:59:31,248 - ERROR - 封面图片下载失败: 封面图片下载失败
2026-01-12 16:59:34,138 - ERROR - 请求失败 (尝试 1/3): 403 Client Error: Forbidden for url: https://image.huyajs.com/cover/acc96fabcecfaff9663760f9ccc8e2ba.jpg
2026-01-12 16:59:39,298 - ERROR - 请求失败 (尝试 2/3): 403 Client Error: Forbidden for url: https://image.huyajs.com/cover/acc96fabcecfaff9663760f9ccc8e2ba.jpg
2026-01-12 16:59:44,464 - ERROR - 请求失败 (尝试 3/3): 403 Client Error: Forbidden for url: https://image.huyajs.com/cover/acc96fabcecfaff9663760f9ccc8e2ba.jpg
2026-01-12 16:59:44,465 - ERROR - 封面图片下载失败: 封面图片下载失败
2026-01-12 16:59:48,101 - ERROR - 请求失败 (尝试 1/3): 403 Client Error: Forbidden for url: https://image.huyajs.com/cover/10ef4742917cc79ad640b7780d95f8dd.jpg
2026-01-12 16:59:53,267 - ERROR - 请求失败 (尝试 2/3): 403 Client Error: Forbidden for url: https://image.huyajs.com/cover/10ef4742917cc79ad640b7780d95f8dd.jpg
2026-01-12 16:59:58,434 - ERROR - 请求失败 (尝试 3/3): 403 Client Error: Forbidden for url: https://image.huyajs.com/cover/10ef4742917cc79ad640b7780d95f8dd.jpg
2026-01-12 16:59:58,435 - ERROR - 封面图片下载失败: 封面图片下载失败
2026-01-12 17:00:03,652 - ERROR - 请求失败 (尝试 1/3): 403 Client Error: Forbidden for url: https://image.huyajs.com/cover/e4a767a389dd51c67d10eb46fd8cc364.jpg
2026-01-12 17:00:08,812 - ERROR - 请求失败 (尝试 2/3): 403 Client Error: Forbidden for url: https://image.huyajs.com/cover/e4a767a389dd51c67d10eb46fd8cc364.jpg
2026-01-12 17:00:13,984 - ERROR - 请求失败 (尝试 3/3): 403 Client Error: Forbidden for url: https://image.huyajs.com/cover/e4a767a389dd51c67d10eb46fd8cc364.jpg
2026-01-12 17:00:13,985 - ERROR - 封面图片下载失败: 封面图片下载失败
2026-01-21 17:05:22,254 - ERROR - 请求失败 (尝试 1/3): HTTPSConnectionPool(host='huyazy.com', port=443): Read timed out. (read timeout=10)
2026-01-21 17:05:41,173 - ERROR - 请求失败 (尝试 1/3): HTTPSConnectionPool(host='huyazy.com', port=443): Read timed out. (read timeout=10)
2026-01-21 17:05:56,228 - ERROR - 请求失败 (尝试 2/3): HTTPSConnectionPool(host='huyazy.com', port=443): Read timed out. (read timeout=10)
2026-01-21 17:06:14,648 - ERROR - 请求失败 (尝试 1/3): HTTPSConnectionPool(host='huyazy.com', port=443): Read timed out. (read timeout=10)
2026-01-21 17:06:34,384 - ERROR - 请求失败 (尝试 1/3): HTTPSConnectionPool(host='huyazy.com', port=443): Read timed out. (read timeout=10)
2026-01-21 17:07:18,069 - ERROR - 请求失败 (尝试 1/3): HTTPSConnectionPool(host='huyazy.com', port=443): Read timed out. (read timeout=10)
2026-01-27 16:40:36,686 - ERROR - 请求失败 (尝试 1/3): HTTPSConnectionPool(host='huyazy.com', port=443): Read timed out. (read timeout=10)
2026-01-27 16:40:56,289 - ERROR - 请求失败 (尝试 1/3): HTTPSConnectionPool(host='huyazy.com', port=443): Read timed out. (read timeout=10)
2026-02-04 16:59:06,593 - ERROR - 请求失败 (尝试 1/3): HTTPSConnectionPool(host='huyazy.com', port=443): Read timed out. (read timeout=10)
2026-02-04 16:59:27,317 - ERROR - 请求失败 (尝试 1/3): HTTPSConnectionPool(host='huyazy.com', port=443): Read timed out. (read timeout=10)
2026-02-04 16:59:42,376 - ERROR - 请求失败 (尝试 2/3): HTTPSConnectionPool(host='huyazy.com', port=443): Read timed out. (read timeout=10)
2026-02-04 17:00:23,531 - ERROR - 请求失败 (尝试 1/3): HTTPSConnectionPool(host='huyazy.com', port=443): Read timed out. (read timeout=10)
2026-02-04 17:01:13,847 - ERROR - 请求失败 (尝试 1/3): HTTPSConnectionPool(host='huyazy.com', port=443): Read timed out. (read timeout=10)
2026-02-04 17:01:28,899 - ERROR - 请求失败 (尝试 2/3): HTTPSConnectionPool(host='huyazy.com', port=443): Read timed out. (read timeout=10)
2026-02-04 17:01:51,082 - ERROR - 请求失败 (尝试 1/3): HTTPSConnectionPool(host='huyazy.com', port=443): Read timed out. (read timeout=10)
2026-02-04 17:02:13,034 - ERROR - 请求失败 (尝试 1/3): HTTPSConnectionPool(host='huyazy.com', port=443): Read timed out. (read timeout=10)
2026-02-04 17:02:28,093 - ERROR - 请求失败 (尝试 2/3): HTTPSConnectionPool(host='huyazy.com', port=443): Read timed out. (read timeout=10)
2026-02-04 17:02:43,154 - ERROR - 请求失败 (尝试 3/3): HTTPSConnectionPool(host='huyazy.com', port=443): Read timed out. (read timeout=10)
2026-02-04 17:02:43,154 - ERROR - 未找到 M3U8 链接: https://huyazy.com/index.php/vod/detail/id/40468.html?ac=detail
2026-02-04 17:02:56,229 - ERROR - 请求失败 (尝试 1/3): HTTPSConnectionPool(host='huyazy.com', port=443): Read timed out. (read timeout=10)
2026-02-04 17:03:19,099 - ERROR - 请求失败 (尝试 1/3): HTTPSConnectionPool(host='image.huyajs.com', port=443): Read timed out.
2026-02-04 17:03:46,983 - ERROR - 请求失败 (尝试 1/3): HTTPSConnectionPool(host='huyazy.com', port=443): Read timed out. (read timeout=10)
2026-02-04 17:04:22,469 - ERROR - 请求失败 (尝试 1/3): HTTPSConnectionPool(host='huyazy.com', port=443): Read timed out. (read timeout=10)
2026-02-04 17:04:37,541 - ERROR - 请求失败 (尝试 2/3): HTTPSConnectionPool(host='huyazy.com', port=443): Read timed out. (read timeout=10)
2026-02-04 17:04:52,601 - ERROR - 请求失败 (尝试 3/3): HTTPSConnectionPool(host='huyazy.com', port=443): Read timed out. (read timeout=10)
2026-02-04 17:04:52,601 - ERROR - 未找到 M3U8 链接: https://huyazy.com/index.php/vod/detail/id/99094.html?ac=detail
2026-02-04 17:05:07,158 - ERROR - 请求失败 (尝试 1/3): HTTPSConnectionPool(host='huyazy.com', port=443): Read timed out. (read timeout=10)
2026-02-04 17:05:27,249 - ERROR - 请求失败 (尝试 1/3): HTTPSConnectionPool(host='huyazy.com', port=443): Read timed out. (read timeout=10)
2026-02-04 17:05:42,307 - ERROR - 请求失败 (尝试 2/3): HTTPSConnectionPool(host='huyazy.com', port=443): Read timed out. (read timeout=10)
2026-02-04 17:05:57,367 - ERROR - 请求失败 (尝试 3/3): HTTPSConnectionPool(host='huyazy.com', port=443): Read timed out. (read timeout=10)
2026-02-04 17:05:57,367 - ERROR - 未找到 M3U8 链接: https://huyazy.com/index.php/vod/detail/id/92750.html?ac=detail
2026-02-04 17:06:09,737 - ERROR - 请求失败 (尝试 1/3): HTTPSConnectionPool(host='huyazy.com', port=443): Read timed out. (read timeout=10)
2026-02-04 17:06:24,796 - ERROR - 请求失败 (尝试 2/3): HTTPSConnectionPool(host='huyazy.com', port=443): Read timed out. (read timeout=10)
2026-02-04 17:06:39,857 - ERROR - 请求失败 (尝试 3/3): HTTPSConnectionPool(host='huyazy.com', port=443): Read timed out. (read timeout=10)
2026-02-04 17:06:39,857 - ERROR - 未找到 M3U8 链接: https://huyazy.com/index.php/vod/detail/id/92415.html?ac=detail
2026-02-04 17:06:53,496 - ERROR - 请求失败 (尝试 1/3): HTTPSConnectionPool(host='huyazy.com', port=443): Read timed out. (read timeout=10)
2026-02-04 17:07:16,660 - ERROR - 请求失败 (尝试 1/3): HTTPSConnectionPool(host='huyazy.com', port=443): Read timed out. (read timeout=10)
2026-02-04 17:07:31,723 - ERROR - 请求失败 (尝试 2/3): HTTPSConnectionPool(host='huyazy.com', port=443): Read timed out. (read timeout=10)
2026-02-04 17:07:46,781 - ERROR - 请求失败 (尝试 3/3): HTTPSConnectionPool(host='huyazy.com', port=443): Read timed out. (read timeout=10)
2026-02-04 17:07:46,781 - ERROR - 未找到 M3U8 链接: https://huyazy.com/index.php/vod/detail/id/98634.html?ac=detail
2026-02-04 17:08:01,245 - ERROR - 请求失败 (尝试 1/3): HTTPSConnectionPool(host='huyazy.com', port=443): Read timed out. (read timeout=10)
2026-02-04 17:08:16,298 - ERROR - 请求失败 (尝试 2/3): HTTPSConnectionPool(host='huyazy.com', port=443): Read timed out. (read timeout=10)
2026-02-04 17:08:31,358 - ERROR - 请求失败 (尝试 3/3): HTTPSConnectionPool(host='huyazy.com', port=443): Read timed out. (read timeout=10)
2026-02-04 17:08:31,358 - ERROR - 未找到 M3U8 链接: https://huyazy.com/index.php/vod/detail/id/93829.html?ac=detail
2026-02-04 17:08:43,977 - ERROR - 请求失败 (尝试 1/3): HTTPSConnectionPool(host='huyazy.com', port=443): Read timed out. (read timeout=10)
2026-02-04 17:08:59,038 - ERROR - 请求失败 (尝试 2/3): HTTPSConnectionPool(host='huyazy.com', port=443): Read timed out. (read timeout=10)
2026-02-04 17:09:14,096 - ERROR - 请求失败 (尝试 3/3): HTTPSConnectionPool(host='huyazy.com', port=443): Read timed out. (read timeout=10)
2026-02-04 17:09:14,096 - ERROR - 未找到 M3U8 链接: https://huyazy.com/index.php/vod/detail/id/99042.html?ac=detail
2026-02-04 17:09:26,809 - ERROR - 请求失败 (尝试 1/3): HTTPSConnectionPool(host='huyazy.com', port=443): Read timed out. (read timeout=10)
2026-02-04 17:09:57,323 - ERROR - 请求失败 (尝试 1/3): HTTPSConnectionPool(host='huyazy.com', port=443): Read timed out. (read timeout=10)
2026-02-04 17:10:12,381 - ERROR - 请求失败 (尝试 2/3): HTTPSConnectionPool(host='huyazy.com', port=443): Read timed out. (read timeout=10)
2026-02-04 17:10:44,936 - ERROR - 请求失败 (尝试 1/3): HTTPSConnectionPool(host='huyazy.com', port=443): Read timed out. (read timeout=10)
2026-02-04 17:10:59,995 - ERROR - 请求失败 (尝试 2/3): HTTPSConnectionPool(host='huyazy.com', port=443): Read timed out. (read timeout=10)
2026-02-04 17:11:36,899 - ERROR - 请求失败 (尝试 1/3): HTTPSConnectionPool(host='huyazy.com', port=443): Read timed out. (read timeout=10)
2026-02-04 17:11:51,949 - ERROR - 请求失败 (尝试 2/3): HTTPSConnectionPool(host='huyazy.com', port=443): Read timed out. (read timeout=10)
2026-02-04 17:12:07,020 - ERROR - 请求失败 (尝试 3/3): HTTPSConnectionPool(host='huyazy.com', port=443): Read timed out. (read timeout=10)
2026-02-04 17:12:07,020 - ERROR - 未找到 M3U8 链接: https://huyazy.com/index.php/vod/detail/id/93793.html?ac=detail
2026-02-04 17:12:20,325 - ERROR - 请求失败 (尝试 1/3): HTTPSConnectionPool(host='huyazy.com', port=443): Read timed out. (read timeout=10)
2026-02-04 17:12:47,761 - ERROR - 请求失败 (尝试 1/3): HTTPSConnectionPool(host='huyazy.com', port=443): Read timed out. (read timeout=10)
2026-02-04 17:13:18,179 - ERROR - 请求失败 (尝试 1/3): HTTPSConnectionPool(host='image.huyajs.com', port=443): Read timed out.
2026-02-04 17:14:32,579 - ERROR - 请求失败 (尝试 1/3): HTTPSConnectionPool(host='image.huyajs.com', port=443): Read timed out. (read timeout=10)
2026-02-04 17:14:57,322 - ERROR - 请求失败 (尝试 1/3): HTTPSConnectionPool(host='image.huyajs.com', port=443): Read timed out. (read timeout=10)
2026-02-04 17:16:00,629 - ERROR - 请求失败 (尝试 1/3): HTTPSConnectionPool(host='huyazy.com', port=443): Read timed out. (read timeout=10)
2026-02-04 17:17:17,391 - ERROR - 请求失败 (尝试 1/3): HTTPSConnectionPool(host='huyazy.com', port=443): Read timed out. (read timeout=10)
2026-02-04 17:17:47,474 - ERROR - 请求失败 (尝试 1/3): HTTPSConnectionPool(host='image.huyajs.com', port=443): Read timed out. (read timeout=10)
2026-02-04 17:18:13,037 - ERROR - 请求失败 (尝试 1/3): HTTPSConnectionPool(host='huyazy.com', port=443): Read timed out. (read timeout=10)
2026-02-04 17:18:40,531 - ERROR - 请求失败 (尝试 1/3): HTTPSConnectionPool(host='huyazy.com', port=443): Read timed out. (read timeout=10)
2026-02-04 17:19:23,843 - ERROR - 请求失败 (尝试 1/3): HTTPSConnectionPool(host='huyazy.com', port=443): Read timed out. (read timeout=10)
2026-02-04 17:19:38,991 - ERROR - 请求失败 (尝试 2/3): HTTPSConnectionPool(host='huyazy.com', port=443): Read timed out. (read timeout=10)
2026-02-04 17:19:59,289 - ERROR - 请求失败 (尝试 1/3): HTTPSConnectionPool(host='image.huyajs.com', port=443): Read timed out. (read timeout=10)
2026-02-04 17:20:29,452 - ERROR - 请求失败 (尝试 1/3): HTTPSConnectionPool(host='huyazy.com', port=443): Read timed out. (read timeout=10)
2026-02-04 17:20:44,502 - ERROR - 请求失败 (尝试 2/3): HTTPSConnectionPool(host='huyazy.com', port=443): Read timed out. (read timeout=10)
2026-02-04 17:21:16,312 - ERROR - 请求失败 (尝试 1/3): HTTPSConnectionPool(host='image.huyajs.com', port=443): Read timed out.
2026-02-04 17:21:43,515 - ERROR - 请求失败 (尝试 1/3): HTTPSConnectionPool(host='huyazy.com', port=443): Read timed out. (read timeout=10)
2026-02-04 17:22:19,069 - ERROR - 请求失败 (尝试 1/3): HTTPSConnectionPool(host='huyazy.com', port=443): Read timed out. (read timeout=10)
2026-02-04 17:22:50,655 - ERROR - 请求失败 (尝试 1/3): HTTPSConnectionPool(host='image.huyajs.com', port=443): Read timed out.
2026-02-04 17:23:15,567 - ERROR - 请求失败 (尝试 1/3): HTTPSConnectionPool(host='huyazy.com', port=443): Read timed out. (read timeout=10)
2026-02-04 17:23:39,182 - ERROR - 请求失败 (尝试 1/3): HTTPSConnectionPool(host='image.huyajs.com', port=443): Read timed out. (read timeout=10)
2026-02-04 17:24:46,060 - ERROR - 请求失败 (尝试 1/3): HTTPSConnectionPool(host='huyazy.com', port=443): Read timed out. (read timeout=10)
2026-02-04 17:25:34,469 - ERROR - 请求失败 (尝试 1/3): HTTPSConnectionPool(host='huyazy.com', port=443): Read timed out. (read timeout=10)
2026-02-04 17:26:10,822 - ERROR - 请求失败 (尝试 1/3): HTTPSConnectionPool(host='huyazy.com', port=443): Read timed out. (read timeout=10)
2026-02-04 17:26:51,602 - ERROR - 请求失败 (尝试 1/3): HTTPSConnectionPool(host='huyazy.com', port=443): Read timed out. (read timeout=10)
2026-02-04 17:27:21,945 - ERROR - 请求失败 (尝试 1/3): HTTPSConnectionPool(host='huyazy.com', port=443): Read timed out. (read timeout=10)
2026-02-04 17:27:43,469 - ERROR - 请求失败 (尝试 1/3): HTTPSConnectionPool(host='huyazy.com', port=443): Read timed out. (read timeout=10)
2026-02-04 17:27:58,516 - ERROR - 请求失败 (尝试 2/3): HTTPSConnectionPool(host='huyazy.com', port=443): Read timed out. (read timeout=10)
2026-02-04 17:30:05,444 - ERROR - 请求失败 (尝试 1/3): HTTPSConnectionPool(host='huyazy.com', port=443): Read timed out. (read timeout=10)
2026-02-04 17:30:33,255 - ERROR - 请求失败 (尝试 1/3): HTTPSConnectionPool(host='huyazy.com', port=443): Read timed out. (read timeout=10)
2026-02-05 17:00:49,008 - ERROR - 请求失败 (尝试 1/3): HTTPSConnectionPool(host='huyazy.com', port=443): Read timed out. (read timeout=10)
2026-02-05 17:01:07,960 - ERROR - 请求失败 (尝试 1/3): HTTPSConnectionPool(host='huyazy.com', port=443): Read timed out. (read timeout=10)
2026-02-05 17:01:44,106 - ERROR - 请求失败 (尝试 1/3): HTTPSConnectionPool(host='huyazy.com', port=443): Read timed out. (read timeout=10)
2026-02-05 17:02:06,952 - ERROR - 请求失败 (尝试 1/3): HTTPSConnectionPool(host='huyazy.com', port=443): Read timed out. (read timeout=10)
2026-02-13 17:03:00,704 - ERROR - 请求失败 (尝试 1/3): HTTPSConnectionPool(host='huyazy.com', port=443): Read timed out. (read timeout=10)
2026-02-23 17:12:40,403 - ERROR - 请求失败 (尝试 1/3): HTTPSConnectionPool(host='huyazy.com', port=443): Read timed out. (read timeout=10)
2026-02-24 17:12:26,412 - ERROR - 请求失败 (尝试 1/3): HTTPSConnectionPool(host='huyazy.com', port=443): Read timed out. (read timeout=10)
2026-02-24 17:12:58,995 - ERROR - 请求失败 (尝试 1/3): HTTPSConnectionPool(host='huyazy.com', port=443): Read timed out. (read timeout=10)
2026-02-24 17:13:17,006 - ERROR - 请求失败 (尝试 1/3): HTTPSConnectionPool(host='huyazy.com', port=443): Read timed out. (read timeout=10)
2026-02-24 17:13:41,651 - ERROR - 请求失败 (尝试 1/3): HTTPSConnectionPool(host='huyazy.com', port=443): Read timed out. (read timeout=10)
2026-02-24 17:14:19,517 - ERROR - 请求失败 (尝试 1/3): HTTPSConnectionPool(host='huyazy.com', port=443): Read timed out. (read timeout=10)
2026-02-24 17:14:51,978 - ERROR - 请求失败 (尝试 1/3): HTTPSConnectionPool(host='huyazy.com', port=443): Read timed out. (read timeout=10)
2026-02-24 17:15:11,922 - ERROR - 请求失败 (尝试 1/3): HTTPSConnectionPool(host='huyazy.com', port=443): Read timed out. (read timeout=10)
2026-02-24 17:15:42,624 - ERROR - 请求失败 (尝试 1/3): HTTPSConnectionPool(host='huyazy.com', port=443): Read timed out. (read timeout=10)
2026-02-24 17:16:08,563 - ERROR - 请求失败 (尝试 1/3): HTTPSConnectionPool(host='huyazy.com', port=443): Read timed out. (read timeout=10)
2026-02-24 17:16:39,523 - ERROR - 请求失败 (尝试 1/3): HTTPSConnectionPool(host='huyazy.com', port=443): Read timed out. (read timeout=10)
2026-02-24 17:17:02,481 - ERROR - 请求失败 (尝试 1/3): HTTPSConnectionPool(host='huyazy.com', port=443): Read timed out. (read timeout=10)
2026-02-24 17:17:17,544 - ERROR - 请求失败 (尝试 2/3): HTTPSConnectionPool(host='huyazy.com', port=443): Read timed out. (read timeout=10)
2026-02-26 17:06:29,314 - ERROR - 请求失败 (尝试 1/3): HTTPSConnectionPool(host='huyazy.com', port=443): Read timed out. (read timeout=10)
2026-02-26 17:06:49,888 - ERROR - 请求失败 (尝试 1/3): HTTPSConnectionPool(host='huyazy.com', port=443): Read timed out. (read timeout=10)
2026-02-26 17:07:04,961 - ERROR - 请求失败 (尝试 2/3): HTTPSConnectionPool(host='huyazy.com', port=443): Read timed out. (read timeout=10)
2026-02-26 17:07:35,251 - ERROR - 请求失败 (尝试 1/3): HTTPSConnectionPool(host='huyazy.com', port=443): Read timed out. (read timeout=10)
2026-02-26 17:07:50,335 - ERROR - 请求失败 (尝试 2/3): HTTPSConnectionPool(host='huyazy.com', port=443): Read timed out. (read timeout=10)
2026-02-26 17:08:05,401 - ERROR - 请求失败 (尝试 3/3): HTTPSConnectionPool(host='huyazy.com', port=443): Read timed out. (read timeout=10)
2026-02-26 17:08:05,401 - ERROR - 未找到 M3U8 链接: https://huyazy.com/index.php/vod/detail/id/100667.html?ac=detail
2026-02-26 17:08:20,180 - ERROR - 请求失败 (尝试 1/3): HTTPSConnectionPool(host='huyazy.com', port=443): Read timed out. (read timeout=10)
2026-02-26 17:08:35,254 - ERROR - 请求失败 (尝试 2/3): HTTPSConnectionPool(host='huyazy.com', port=443): Read timed out. (read timeout=10)
2026-02-26 17:08:50,326 - ERROR - 请求失败 (尝试 3/3): HTTPSConnectionPool(host='huyazy.com', port=443): Read timed out. (read timeout=10)
2026-02-26 17:08:50,326 - ERROR - 未找到 M3U8 链接: https://huyazy.com/index.php/vod/detail/id/100267.html?ac=detail
2026-02-26 17:09:08,627 - ERROR - 请求失败 (尝试 1/3): HTTPSConnectionPool(host='huyazy.com', port=443): Read timed out. (read timeout=10)
2026-02-26 17:09:26,896 - ERROR - 请求失败 (尝试 1/3): HTTPSConnectionPool(host='huyazy.com', port=443): Read timed out. (read timeout=10)
2026-02-26 17:09:57,582 - ERROR - 请求失败 (尝试 1/3): HTTPSConnectionPool(host='huyazy.com', port=443): Read timed out. (read timeout=10)
2026-02-26 17:10:17,355 - ERROR - 请求失败 (尝试 1/3): HTTPSConnectionPool(host='huyazy.com', port=443): Read timed out. (read timeout=10)
2026-02-26 17:10:39,737 - ERROR - 请求失败 (尝试 1/3): HTTPSConnectionPool(host='huyazy.com', port=443): Read timed out. (read timeout=10)
2026-02-26 17:11:00,005 - ERROR - 请求失败 (尝试 1/3): HTTPSConnectionPool(host='huyazy.com', port=443): Read timed out. (read timeout=10)
2026-02-26 17:11:24,001 - ERROR - 请求失败 (尝试 1/3): HTTPSConnectionPool(host='huyazy.com', port=443): Read timed out. (read timeout=10)
2026-02-26 17:14:30,770 - ERROR - 请求失败 (尝试 1/3): HTTPSConnectionPool(host='huyazy.com', port=443): Read timed out. (read timeout=10)
2026-02-26 17:14:49,513 - ERROR - 请求失败 (尝试 1/3): HTTPSConnectionPool(host='huyazy.com', port=443): Read timed out. (read timeout=10)
2026-03-05 18:10:42,218 - ERROR - 请求失败 (尝试 1/3): HTTPSConnectionPool(host='huyazy.com', port=443): Read timed out. (read timeout=10)
2026-03-05 18:11:23,660 - ERROR - 请求失败 (尝试 1/3): HTTPSConnectionPool(host='huyazy.com', port=443): Read timed out. (read timeout=10)
2026-03-05 18:11:50,919 - ERROR - 请求失败 (尝试 1/3): HTTPSConnectionPool(host='huyazy.com', port=443): Read timed out. (read timeout=10)
2026-03-05 18:12:11,240 - ERROR - 请求失败 (尝试 1/3): HTTPSConnectionPool(host='huyazy.com', port=443): Read timed out. (read timeout=10)
2026-03-05 18:12:30,613 - ERROR - 请求失败 (尝试 1/3): HTTPSConnectionPool(host='huyazy.com', port=443): Read timed out. (read timeout=10)
2026-03-05 18:12:53,896 - ERROR - 请求失败 (尝试 1/3): HTTPSConnectionPool(host='huyazy.com', port=443): Read timed out. (read timeout=10)
2026-03-05 18:13:21,188 - ERROR - 请求失败 (尝试 1/3): HTTPSConnectionPool(host='huyazy.com', port=443): Read timed out. (read timeout=10)
2026-03-05 18:13:41,029 - ERROR - 请求失败 (尝试 1/3): HTTPSConnectionPool(host='huyazy.com', port=443): Read timed out. (read timeout=10)
2026-03-05 18:14:04,694 - ERROR - 请求失败 (尝试 1/3): HTTPSConnectionPool(host='huyazy.com', port=443): Read timed out. (read timeout=10)
2026-03-05 18:14:23,954 - ERROR - 请求失败 (尝试 1/3): HTTPSConnectionPool(host='huyazy.com', port=443): Read timed out. (read timeout=10)
2026-03-05 18:14:51,189 - ERROR - 请求失败 (尝试 1/3): HTTPSConnectionPool(host='huyazy.com', port=443): Read timed out. (read timeout=10)
2026-03-05 18:15:16,207 - ERROR - 请求失败 (尝试 1/3): HTTPSConnectionPool(host='huyazy.com', port=443): Read timed out. (read timeout=10)
2026-03-05 18:15:35,713 - ERROR - 请求失败 (尝试 1/3): HTTPSConnectionPool(host='huyazy.com', port=443): Read timed out. (read timeout=10)
2026-03-05 18:16:04,147 - ERROR - 请求失败 (尝试 1/3): HTTPSConnectionPool(host='huyazy.com', port=443): Read timed out. (read timeout=10)
2026-03-05 18:16:37,873 - ERROR - 请求失败 (尝试 1/3): HTTPSConnectionPool(host='huyazy.com', port=443): Read timed out. (read timeout=10)
2026-03-05 18:17:06,335 - ERROR - 请求失败 (尝试 1/3): HTTPSConnectionPool(host='huyazy.com', port=443): Read timed out. (read timeout=10)
2026-03-05 18:17:29,081 - ERROR - 请求失败 (尝试 1/3): HTTPSConnectionPool(host='huyazy.com', port=443): Read timed out. (read timeout=10)
2026-03-05 18:17:47,590 - ERROR - 请求失败 (尝试 1/3): HTTPSConnectionPool(host='huyazy.com', port=443): Read timed out. (read timeout=10)
2026-03-05 18:18:07,270 - ERROR - 请求失败 (尝试 1/3): HTTPSConnectionPool(host='huyazy.com', port=443): Read timed out. (read timeout=10)
2026-03-05 18:18:52,591 - ERROR - 请求失败 (尝试 1/3): HTTPSConnectionPool(host='huyazy.com', port=443): Read timed out. (read timeout=10)
2026-03-05 18:19:12,017 - ERROR - 请求失败 (尝试 1/3): HTTPSConnectionPool(host='huyazy.com', port=443): Read timed out. (read timeout=10)
2026-03-30 17:05:04,314 - ERROR - 请求失败 (尝试 1/3): HTTPSConnectionPool(host='huyazy.com', port=443): Read timed out. (read timeout=10)
2026-03-30 17:05:22,343 - ERROR - 请求失败 (尝试 1/3): HTTPSConnectionPool(host='huyazy.com', port=443): Read timed out. (read timeout=10)
2026-03-30 17:05:41,271 - ERROR - 请求失败 (尝试 1/3): HTTPSConnectionPool(host='huyazy.com', port=443): Read timed out. (read timeout=10)
2026-03-30 17:06:00,471 - ERROR - 请求失败 (尝试 1/3): HTTPSConnectionPool(host='huyazy.com', port=443): Read timed out. (read timeout=10)
2026-03-30 17:06:15,536 - ERROR - 请求失败 (尝试 2/3): HTTPSConnectionPool(host='huyazy.com', port=443): Read timed out. (read timeout=10)
2026-03-30 17:06:34,377 - ERROR - 请求失败 (尝试 1/3): HTTPSConnectionPool(host='huyazy.com', port=443): Read timed out. (read timeout=10)
2026-03-30 17:06:54,117 - ERROR - 请求失败 (尝试 1/3): HTTPSConnectionPool(host='huyazy.com', port=443): Read timed out. (read timeout=10)
2026-03-30 17:07:09,182 - ERROR - 请求失败 (尝试 2/3): HTTPSConnectionPool(host='huyazy.com', port=443): Read timed out. (read timeout=10)
2026-03-30 17:07:29,730 - ERROR - 请求失败 (尝试 1/3): HTTPSConnectionPool(host='huyazy.com', port=443): Read timed out. (read timeout=10)
2026-03-30 17:07:44,807 - ERROR - 请求失败 (尝试 2/3): HTTPSConnectionPool(host='huyazy.com', port=443): Read timed out. (read timeout=10)
2026-03-30 17:07:59,868 - ERROR - 请求失败 (尝试 3/3): HTTPSConnectionPool(host='huyazy.com', port=443): Read timed out. (read timeout=10)
2026-03-30 17:07:59,868 - ERROR - 未找到 M3U8 链接: https://huyazy.com/index.php/vod/detail/id/104488.html?ac=detail
2026-03-30 17:08:12,967 - ERROR - 请求失败 (尝试 1/3): HTTPSConnectionPool(host='huyazy.com', port=443): Read timed out. (read timeout=10)
2026-03-30 17:08:32,810 - ERROR - 请求失败 (尝试 1/3): HTTPSConnectionPool(host='huyazy.com', port=443): Read timed out. (read timeout=10)
2026-03-30 17:08:52,891 - ERROR - 请求失败 (尝试 1/3): HTTPSConnectionPool(host='huyazy.com', port=443): Read timed out. (read timeout=10)
2026-03-30 17:09:17,833 - ERROR - 请求失败 (尝试 1/3): HTTPSConnectionPool(host='huyazy.com', port=443): Read timed out. (read timeout=10)
2026-03-30 17:09:37,935 - ERROR - 请求失败 (尝试 1/3): HTTPSConnectionPool(host='huyazy.com', port=443): Read timed out. (read timeout=10)
2026-03-30 17:10:07,665 - ERROR - 请求失败 (尝试 1/3): HTTPSConnectionPool(host='huyazy.com', port=443): Read timed out. (read timeout=10)
2026-03-30 17:10:34,563 - ERROR - 请求失败 (尝试 1/3): HTTPSConnectionPool(host='huyazy.com', port=443): Read timed out. (read timeout=10)
2026-03-30 17:10:53,305 - ERROR - 请求失败 (尝试 1/3): HTTPSConnectionPool(host='huyazy.com', port=443): Read timed out. (read timeout=10)
2026-03-30 17:11:11,387 - ERROR - 请求失败 (尝试 1/3): HTTPSConnectionPool(host='huyazy.com', port=443): Read timed out. (read timeout=10)
2026-03-30 17:14:50,289 - ERROR - 请求失败 (尝试 1/3): HTTPSConnectionPool(host='huyazy.com', port=443): Read timed out. (read timeout=10)
2026-03-30 17:15:13,660 - ERROR - 请求失败 (尝试 1/3): HTTPSConnectionPool(host='huyazy.com', port=443): Read timed out. (read timeout=10)
2026-03-30 17:15:32,199 - ERROR - 请求失败 (尝试 1/3): HTTPSConnectionPool(host='huyazy.com', port=443): Read timed out. (read timeout=10)
2026-03-30 17:15:52,212 - ERROR - 请求失败 (尝试 1/3): HTTPSConnectionPool(host='huyazy.com', port=443): Read timed out. (read timeout=10)
2026-03-30 17:16:14,735 - ERROR - 请求失败 (尝试 1/3): HTTPSConnectionPool(host='huyazy.com', port=443): Read timed out. (read timeout=10)
2026-03-30 17:16:34,174 - ERROR - 请求失败 (尝试 1/3): HTTPSConnectionPool(host='huyazy.com', port=443): Read timed out. (read timeout=10)
2026-03-30 17:17:18,081 - ERROR - 请求失败 (尝试 1/3): HTTPSConnectionPool(host='huyazy.com', port=443): Read timed out. (read timeout=10)
2026-03-30 17:17:33,138 - ERROR - 请求失败 (尝试 2/3): HTTPSConnectionPool(host='huyazy.com', port=443): Read timed out. (read timeout=10)
2026-03-30 17:17:56,647 - ERROR - 请求失败 (尝试 1/3): HTTPSConnectionPool(host='huyazy.com', port=443): Read timed out. (read timeout=10)
2026-03-30 17:18:16,323 - ERROR - 请求失败 (尝试 1/3): HTTPSConnectionPool(host='huyazy.com', port=443): Read timed out. (read timeout=10)
2026-03-30 17:18:36,549 - ERROR - 请求失败 (尝试 1/3): HTTPSConnectionPool(host='huyazy.com', port=443): Read timed out. (read timeout=10)
2026-03-30 17:19:00,941 - ERROR - 请求失败 (尝试 1/3): HTTPSConnectionPool(host='huyazy.com', port=443): Read timed out. (read timeout=10)
2026-03-30 17:19:21,566 - ERROR - 请求失败 (尝试 1/3): HTTPSConnectionPool(host='huyazy.com', port=443): Read timed out. (read timeout=10)
2026-03-30 17:19:41,087 - ERROR - 请求失败 (尝试 1/3): HTTPSConnectionPool(host='huyazy.com', port=443): Read timed out. (read timeout=10)
2026-03-30 17:20:10,206 - ERROR - 请求失败 (尝试 1/3): HTTPSConnectionPool(host='huyazy.com', port=443): Read timed out. (read timeout=10)
2026-04-23 17:38:50,000 - ERROR - 请求失败 (尝试 1/3): 403 Client Error: Forbidden for url: https://huyazy.com/index.php/vod/type/id/20/page/1.html?ac=detail
2026-04-23 17:38:55,056 - ERROR - 请求失败 (尝试 2/3): 403 Client Error: Forbidden for url: https://huyazy.com/index.php/vod/type/id/20/page/1.html?ac=detail
2026-04-23 17:39:00,111 - ERROR - 请求失败 (尝试 3/3): 403 Client Error: Forbidden for url: https://huyazy.com/index.php/vod/type/id/20/page/1.html?ac=detail
2026-04-23 17:39:00,162 - ERROR - 请求失败 (尝试 1/3): 403 Client Error: Forbidden for url: https://huyazy.com/index.php/vod/type/id/20/page/2.html?ac=detail
2026-04-23 17:39:05,216 - ERROR - 请求失败 (尝试 2/3): 403 Client Error: Forbidden for url: https://huyazy.com/index.php/vod/type/id/20/page/2.html?ac=detail
2026-04-23 17:39:10,269 - ERROR - 请求失败 (尝试 3/3): 403 Client Error: Forbidden for url: https://huyazy.com/index.php/vod/type/id/20/page/2.html?ac=detail
2026-04-24 17:06:23,586 - ERROR - 请求失败 (尝试 1/3): 403 Client Error: Forbidden for url: https://huyazy.com/index.php/vod/type/id/20/page/1.html?ac=detail
2026-04-24 17:06:28,644 - ERROR - 请求失败 (尝试 2/3): 403 Client Error: Forbidden for url: https://huyazy.com/index.php/vod/type/id/20/page/1.html?ac=detail
2026-04-24 17:06:33,701 - ERROR - 请求失败 (尝试 3/3): 403 Client Error: Forbidden for url: https://huyazy.com/index.php/vod/type/id/20/page/1.html?ac=detail
2026-04-24 17:06:33,773 - ERROR - 请求失败 (尝试 1/3): 403 Client Error: Forbidden for url: https://huyazy.com/index.php/vod/type/id/20/page/2.html?ac=detail
2026-04-24 17:06:38,827 - ERROR - 请求失败 (尝试 2/3): 403 Client Error: Forbidden for url: https://huyazy.com/index.php/vod/type/id/20/page/2.html?ac=detail
2026-04-24 17:06:43,883 - ERROR - 请求失败 (尝试 3/3): 403 Client Error: Forbidden for url: https://huyazy.com/index.php/vod/type/id/20/page/2.html?ac=detail
2026-04-25 16:53:29,934 - ERROR - 请求失败 (尝试 1/3): 403 Client Error: Forbidden for url: https://huyazy.com/index.php/vod/type/id/20/page/1.html?ac=detail
2026-04-25 16:53:34,973 - ERROR - 请求失败 (尝试 2/3): 403 Client Error: Forbidden for url: https://huyazy.com/index.php/vod/type/id/20/page/1.html?ac=detail
2026-04-25 16:53:40,012 - ERROR - 请求失败 (尝试 3/3): 403 Client Error: Forbidden for url: https://huyazy.com/index.php/vod/type/id/20/page/1.html?ac=detail
2026-04-25 16:53:40,048 - ERROR - 请求失败 (尝试 1/3): 403 Client Error: Forbidden for url: https://huyazy.com/index.php/vod/type/id/20/page/2.html?ac=detail
2026-04-25 16:53:45,084 - ERROR - 请求失败 (尝试 2/3): 403 Client Error: Forbidden for url: https://huyazy.com/index.php/vod/type/id/20/page/2.html?ac=detail
2026-04-25 16:53:50,122 - ERROR - 请求失败 (尝试 3/3): 403 Client Error: Forbidden for url: https://huyazy.com/index.php/vod/type/id/20/page/2.html?ac=detail
2026-04-26 16:54:14,173 - ERROR - 请求失败 (尝试 1/3): 403 Client Error: Forbidden for url: https://huyazy.com/index.php/vod/type/id/20/page/1.html?ac=detail
2026-04-26 16:54:19,207 - ERROR - 请求失败 (尝试 2/3): 403 Client Error: Forbidden for url: https://huyazy.com/index.php/vod/type/id/20/page/1.html?ac=detail
2026-04-26 16:54:24,243 - ERROR - 请求失败 (尝试 3/3): 403 Client Error: Forbidden for url: https://huyazy.com/index.php/vod/type/id/20/page/1.html?ac=detail
2026-04-26 16:54:24,275 - ERROR - 请求失败 (尝试 1/3): 403 Client Error: Forbidden for url: https://huyazy.com/index.php/vod/type/id/20/page/2.html?ac=detail
2026-04-26 16:54:29,308 - ERROR - 请求失败 (尝试 2/3): 403 Client Error: Forbidden for url: https://huyazy.com/index.php/vod/type/id/20/page/2.html?ac=detail
2026-04-26 16:54:34,345 - ERROR - 请求失败 (尝试 3/3): 403 Client Error: Forbidden for url: https://huyazy.com/index.php/vod/type/id/20/page/2.html?ac=detail
2026-04-27 17:36:41,949 - ERROR - 请求失败 (尝试 1/3): 403 Client Error: Forbidden for url: https://huyazy.com/index.php/vod/type/id/20/page/1.html?ac=detail
2026-04-27 17:36:47,011 - ERROR - 请求失败 (尝试 2/3): 403 Client Error: Forbidden for url: https://huyazy.com/index.php/vod/type/id/20/page/1.html?ac=detail
2026-04-27 17:36:52,075 - ERROR - 请求失败 (尝试 3/3): 403 Client Error: Forbidden for url: https://huyazy.com/index.php/vod/type/id/20/page/1.html?ac=detail
2026-04-27 17:36:52,117 - ERROR - 请求失败 (尝试 1/3): 403 Client Error: Forbidden for url: https://huyazy.com/index.php/vod/type/id/20/page/2.html?ac=detail
2026-04-27 17:36:57,170 - ERROR - 请求失败 (尝试 2/3): 403 Client Error: Forbidden for url: https://huyazy.com/index.php/vod/type/id/20/page/2.html?ac=detail
2026-04-27 17:37:02,209 - ERROR - 请求失败 (尝试 3/3): 403 Client Error: Forbidden for url: https://huyazy.com/index.php/vod/type/id/20/page/2.html?ac=detail
2026-05-07 17:54:02,558 - ERROR - 请求失败 (尝试 1/3): 403 Client Error: Forbidden for url: https://huyazy.com/index.php/vod/type/id/20/page/1.html?ac=detail
2026-05-07 17:54:07,609 - ERROR - 请求失败 (尝试 2/3): 403 Client Error: Forbidden for url: https://huyazy.com/index.php/vod/type/id/20/page/1.html?ac=detail
2026-05-07 17:54:12,654 - ERROR - 请求失败 (尝试 3/3): 403 Client Error: Forbidden for url: https://huyazy.com/index.php/vod/type/id/20/page/1.html?ac=detail
2026-05-07 17:54:12,700 - ERROR - 请求失败 (尝试 1/3): 403 Client Error: Forbidden for url: https://huyazy.com/index.php/vod/type/id/20/page/2.html?ac=detail
2026-05-07 17:54:17,755 - ERROR - 请求失败 (尝试 2/3): 403 Client Error: Forbidden for url: https://huyazy.com/index.php/vod/type/id/20/page/2.html?ac=detail
2026-05-07 17:54:22,804 - ERROR - 请求失败 (尝试 3/3): 403 Client Error: Forbidden for url: https://huyazy.com/index.php/vod/type/id/20/page/2.html?ac=detail
2026-06-10 18:40:10,679 - ERROR - 请求失败 (尝试 1/3): HTTPSConnectionPool(host='huyazy.com', port=443): Read timed out. (read timeout=10)
2026-06-25 18:23:58,406 - ERROR - 请求失败 (尝试 1/3): HTTPSConnectionPool(host='huyazy.com', port=443): Read timed out. (read timeout=10)
2026-06-25 18:24:13,473 - ERROR - 请求失败 (尝试 2/3): HTTPSConnectionPool(host='huyazy.com', port=443): Read timed out. (read timeout=10)
2026-06-25 18:24:36,325 - ERROR - 请求失败 (尝试 1/3): HTTPSConnectionPool(host='huyazy.com', port=443): Read timed out. (read timeout=10)
2026-06-25 18:25:03,048 - ERROR - 请求失败 (尝试 1/3): HTTPSConnectionPool(host='huyazy.com', port=443): Read timed out. (read timeout=10)
2026-06-25 18:25:59,465 - ERROR - 请求失败 (尝试 1/3): HTTPSConnectionPool(host='huyazy.com', port=443): Read timed out. (read timeout=10)
2026-06-25 18:26:14,519 - ERROR - 请求失败 (尝试 2/3): HTTPSConnectionPool(host='huyazy.com', port=443): Read timed out. (read timeout=10)
2026-06-25 18:26:29,585 - ERROR - 请求失败 (尝试 3/3): HTTPSConnectionPool(host='huyazy.com', port=443): Read timed out. (read timeout=10)
2026-06-25 18:26:29,585 - ERROR - 未找到 M3U8 链接: https://huyazy.com/index.php/vod/detail/id/108431.html?ac=detail
2026-06-25 18:26:42,776 - ERROR - 请求失败 (尝试 1/3): HTTPSConnectionPool(host='huyazy.com', port=443): Read timed out. (read timeout=10)
2026-08-08 16:41:38,333 - ERROR - 请求失败 (尝试 1/3): 403 Client Error: Forbidden for url: https://image.huyajs.com/cover/75a9541ac7c83d368cc3edb3391e5f35.jpg
2026-08-08 16:41:43,421 - ERROR - 请求失败 (尝试 2/3): 403 Client Error: Forbidden for url: https://image.huyajs.com/cover/75a9541ac7c83d368cc3edb3391e5f35.jpg
2026-08-08 16:41:48,479 - ERROR - 请求失败 (尝试 3/3): 403 Client Error: Forbidden for url: https://image.huyajs.com/cover/75a9541ac7c83d368cc3edb3391e5f35.jpg
2026-08-08 16:41:48,480 - ERROR - 封面图片下载失败: 封面图片下载失败
2026-08-08 16:41:53,205 - ERROR - 请求失败 (尝试 1/3): 403 Client Error: Forbidden for url: https://image.huyajs.com/cover/c333b687b265fafb41d9c90a0e07a2d2.jpg
2026-08-08 16:41:58,316 - ERROR - 请求失败 (尝试 2/3): 403 Client Error: Forbidden for url: https://image.huyajs.com/cover/c333b687b265fafb41d9c90a0e07a2d2.jpg
2026-08-08 16:42:03,424 - ERROR - 请求失败 (尝试 3/3): 403 Client Error: Forbidden for url: https://image.huyajs.com/cover/c333b687b265fafb41d9c90a0e07a2d2.jpg
2026-08-08 16:42:03,425 - ERROR - 封面图片下载失败: 封面图片下载失败
2026-08-08 16:42:05,800 - ERROR - 请求失败 (尝试 1/3): 403 Client Error: Forbidden for url: https://image.huyajs.com/cover/96504deb1005a2eb231907d2e8ddd0b2.jpg
2026-08-08 16:42:10,861 - ERROR - 请求失败 (尝试 2/3): 403 Client Error: Forbidden for url: https://image.huyajs.com/cover/96504deb1005a2eb231907d2e8ddd0b2.jpg
2026-08-08 16:42:15,924 - ERROR - 请求失败 (尝试 3/3): 403 Client Error: Forbidden for url: https://image.huyajs.com/cover/96504deb1005a2eb231907d2e8ddd0b2.jpg
2026-08-08 16:42:15,924 - ERROR - 封面图片下载失败: 封面图片下载失败
2026-08-08 16:42:20,899 - ERROR - 请求失败 (尝试 1/3): 403 Client Error: Forbidden for url: https://image.huyajs.com/cover/8b9d2e03edc1530098198b351e72a38e.jpg
2026-08-08 16:42:25,958 - ERROR - 请求失败 (尝试 2/3): 403 Client Error: Forbidden for url: https://image.huyajs.com/cover/8b9d2e03edc1530098198b351e72a38e.jpg
2026-08-08 16:42:31,027 - ERROR - 请求失败 (尝试 3/3): 403 Client Error: Forbidden for url: https://image.huyajs.com/cover/8b9d2e03edc1530098198b351e72a38e.jpg
2026-08-08 16:42:31,028 - ERROR - 封面图片下载失败: 封面图片下载失败
2026-08-08 16:42:34,363 - ERROR - 请求失败 (尝试 1/3): 403 Client Error: Forbidden for url: https://image.huyajs.com/cover/62ea9dda624dbb9d13d0394a6b5a14fa.jpg
2026-08-08 16:42:39,422 - ERROR - 请求失败 (尝试 2/3): 403 Client Error: Forbidden for url: https://image.huyajs.com/cover/62ea9dda624dbb9d13d0394a6b5a14fa.jpg
2026-08-08 16:42:44,482 - ERROR - 请求失败 (尝试 3/3): 403 Client Error: Forbidden for url: https://image.huyajs.com/cover/62ea9dda624dbb9d13d0394a6b5a14fa.jpg
2026-08-08 16:42:44,482 - ERROR - 封面图片下载失败: 封面图片下载失败
2026-08-08 16:42:48,215 - ERROR - 请求失败 (尝试 1/3): 403 Client Error: Forbidden for url: https://image.huyajs.com/cover/d3b9a2ba19e12dc6c1fdcc3501f05e77.jpg
2026-08-08 16:42:53,334 - ERROR - 请求失败 (尝试 2/3): 403 Client Error: Forbidden for url: https://image.huyajs.com/cover/d3b9a2ba19e12dc6c1fdcc3501f05e77.jpg
2026-08-08 16:42:58,482 - ERROR - 请求失败 (尝试 3/3): 403 Client Error: Forbidden for url: https://image.huyajs.com/cover/d3b9a2ba19e12dc6c1fdcc3501f05e77.jpg
2026-08-08 16:42:58,482 - ERROR - 封面图片下载失败: 封面图片下载失败
2026-08-08 16:43:02,211 - ERROR - 请求失败 (尝试 1/3): 403 Client Error: Forbidden for url: https://image.huyajs.com/cover/79c7a8afe35c0143784423f63775943a.jpg
2026-08-08 16:43:07,329 - ERROR - 请求失败 (尝试 2/3): 403 Client Error: Forbidden for url: https://image.huyajs.com/cover/79c7a8afe35c0143784423f63775943a.jpg
2026-08-08 16:43:12,509 - ERROR - 请求失败 (尝试 3/3): 403 Client Error: Forbidden for url: https://image.huyajs.com/cover/79c7a8afe35c0143784423f63775943a.jpg
2026-08-08 16:43:12,510 - ERROR - 封面图片下载失败: 封面图片下载失败
2026-08-08 16:43:15,963 - ERROR - 请求失败 (尝试 1/3): 403 Client Error: Forbidden for url: https://image.huyajs.com/cover/2217b2679bbacb3a1fef897036972bdc.jpg
2026-08-08 16:43:21,021 - ERROR - 请求失败 (尝试 2/3): 403 Client Error: Forbidden for url: https://image.huyajs.com/cover/2217b2679bbacb3a1fef897036972bdc.jpg
2026-08-08 16:43:26,142 - ERROR - 请求失败 (尝试 3/3): 403 Client Error: Forbidden for url: https://image.huyajs.com/cover/2217b2679bbacb3a1fef897036972bdc.jpg
2026-08-08 16:43:26,143 - ERROR - 封面图片下载失败: 封面图片下载失败
2026-08-08 16:43:30,920 - ERROR - 请求失败 (尝试 1/3): 403 Client Error: Forbidden for url: https://image.huyajs.com/cover/33c17db61e23420b1736001ca644bd4a.jpg
2026-08-08 16:43:36,123 - ERROR - 请求失败 (尝试 2/3): 403 Client Error: Forbidden for url: https://image.huyajs.com/cover/33c17db61e23420b1736001ca644bd4a.jpg
2026-08-08 16:43:41,183 - ERROR - 请求失败 (尝试 3/3): 403 Client Error: Forbidden for url: https://image.huyajs.com/cover/33c17db61e23420b1736001ca644bd4a.jpg
2026-08-08 16:43:41,184 - ERROR - 封面图片下载失败: 封面图片下载失败
2026-08-08 16:43:45,831 - ERROR - 请求失败 (尝试 1/3): 403 Client Error: Forbidden for url: https://image.huyajs.com/cover/591f2379af4591d7d39f213651d55b70.jpg
2026-08-08 16:43:50,941 - ERROR - 请求失败 (尝试 2/3): 403 Client Error: Forbidden for url: https://image.huyajs.com/cover/591f2379af4591d7d39f213651d55b70.jpg
2026-08-08 16:43:55,999 - ERROR - 请求失败 (尝试 3/3): 403 Client Error: Forbidden for url: https://image.huyajs.com/cover/591f2379af4591d7d39f213651d55b70.jpg
2026-08-08 16:43:56,000 - ERROR - 封面图片下载失败: 封面图片下载失败
2026-08-08 16:43:59,504 - ERROR - 请求失败 (尝试 1/3): 403 Client Error: Forbidden for url: https://image.huyajs.com/cover/8ab9281e398e30981abc80330f07d7b8.jpg
2026-08-08 16:44:04,565 - ERROR - 请求失败 (尝试 2/3): 403 Client Error: Forbidden for url: https://image.huyajs.com/cover/8ab9281e398e30981abc80330f07d7b8.jpg
2026-08-08 16:44:09,624 - ERROR - 请求失败 (尝试 3/3): 403 Client Error: Forbidden for url: https://image.huyajs.com/cover/8ab9281e398e30981abc80330f07d7b8.jpg
2026-08-08 16:44:09,625 - ERROR - 封面图片下载失败: 封面图片下载失败
2026-08-08 16:44:14,168 - ERROR - 请求失败 (尝试 1/3): 403 Client Error: Forbidden for url: https://image.huyajs.com/cover/3ff13f44e638abfed1971e52cba77b09.jpg
2026-08-08 16:44:19,230 - ERROR - 请求失败 (尝试 2/3): 403 Client Error: Forbidden for url: https://image.huyajs.com/cover/3ff13f44e638abfed1971e52cba77b09.jpg
2026-08-08 16:44:24,288 - ERROR - 请求失败 (尝试 3/3): 403 Client Error: Forbidden for url: https://image.huyajs.com/cover/3ff13f44e638abfed1971e52cba77b09.jpg
2026-08-08 16:44:24,289 - ERROR - 封面图片下载失败: 封面图片下载失败
2026-08-08 16:44:29,170 - ERROR - 请求失败 (尝试 1/3): 403 Client Error: Forbidden for url: https://image.huyajs.com/cover/25fa2d39a0143f1f30c36eece145a526.jpg
2026-08-08 16:44:34,237 - ERROR - 请求失败 (尝试 2/3): 403 Client Error: Forbidden for url: https://image.huyajs.com/cover/25fa2d39a0143f1f30c36eece145a526.jpg
2026-08-08 16:44:39,302 - ERROR - 请求失败 (尝试 3/3): 403 Client Error: Forbidden for url: https://image.huyajs.com/cover/25fa2d39a0143f1f30c36eece145a526.jpg
2026-08-08 16:44:39,303 - ERROR - 封面图片下载失败: 封面图片下载失败
2026-08-08 16:44:43,394 - ERROR - 请求失败 (尝试 1/3): 403 Client Error: Forbidden for url: https://image.huyajs.com/cover/fb9e85915d3ce0f50ac84a6c40d2d677.jpg
2026-08-08 16:44:48,456 - ERROR - 请求失败 (尝试 2/3): 403 Client Error: Forbidden for url: https://image.huyajs.com/cover/fb9e85915d3ce0f50ac84a6c40d2d677.jpg
2026-08-08 16:44:53,515 - ERROR - 请求失败 (尝试 3/3): 403 Client Error: Forbidden for url: https://image.huyajs.com/cover/fb9e85915d3ce0f50ac84a6c40d2d677.jpg
2026-08-08 16:44:53,516 - ERROR - 封面图片下载失败: 封面图片下载失败
2026-08-08 16:44:56,955 - ERROR - 请求失败 (尝试 1/3): 403 Client Error: Forbidden for url: https://image.huyajs.com/cover/9dc9bcad082c9053f5cb09f2cc7feec0.jpg
2026-08-08 16:45:02,016 - ERROR - 请求失败 (尝试 2/3): 403 Client Error: Forbidden for url: https://image.huyajs.com/cover/9dc9bcad082c9053f5cb09f2cc7feec0.jpg
2026-08-08 16:45:07,074 - ERROR - 请求失败 (尝试 3/3): 403 Client Error: Forbidden for url: https://image.huyajs.com/cover/9dc9bcad082c9053f5cb09f2cc7feec0.jpg
2026-08-08 16:45:07,074 - ERROR - 封面图片下载失败: 封面图片下载失败
2026-08-08 16:45:11,928 - ERROR - 请求失败 (尝试 1/3): 403 Client Error: Forbidden for url: https://image.huyajs.com/cover/f5b55ce43aa86c97a8fbfaa9afe9fe95.jpg
2026-08-08 16:45:16,991 - ERROR - 请求失败 (尝试 2/3): 403 Client Error: Forbidden for url: https://image.huyajs.com/cover/f5b55ce43aa86c97a8fbfaa9afe9fe95.jpg
2026-08-08 16:45:22,050 - ERROR - 请求失败 (尝试 3/3): 403 Client Error: Forbidden for url: https://image.huyajs.com/cover/f5b55ce43aa86c97a8fbfaa9afe9fe95.jpg
2026-08-08 16:45:22,051 - ERROR - 封面图片下载失败: 封面图片下载失败
2026-08-08 16:45:25,867 - ERROR - 请求失败 (尝试 1/3): 403 Client Error: Forbidden for url: https://image.huyajs.com/cover/28561118039535f0d908957c92c24993.jpg
2026-08-08 16:45:30,930 - ERROR - 请求失败 (尝试 2/3): 403 Client Error: Forbidden for url: https://image.huyajs.com/cover/28561118039535f0d908957c92c24993.jpg
2026-08-08 16:45:35,990 - ERROR - 请求失败 (尝试 3/3): 403 Client Error: Forbidden for url: https://image.huyajs.com/cover/28561118039535f0d908957c92c24993.jpg
2026-08-08 16:45:35,991 - ERROR - 封面图片下载失败: 封面图片下载失败
2026-08-08 16:45:40,558 - ERROR - 请求失败 (尝试 1/3): 403 Client Error: Forbidden for url: https://image.huyajs.com/cover/772cd096cad6ce88360ade41b86ea637.jpg
2026-08-08 16:45:45,620 - ERROR - 请求失败 (尝试 2/3): 403 Client Error: Forbidden for url: https://image.huyajs.com/cover/772cd096cad6ce88360ade41b86ea637.jpg
2026-08-08 16:45:50,686 - ERROR - 请求失败 (尝试 3/3): 403 Client Error: Forbidden for url: https://image.huyajs.com/cover/772cd096cad6ce88360ade41b86ea637.jpg
2026-08-08 16:45:50,687 - ERROR - 封面图片下载失败: 封面图片下载失败
2026-08-08 16:45:54,754 - ERROR - 请求失败 (尝试 1/3): 403 Client Error: Forbidden for url: https://image.huyajs.com/cover/d25fdd6b1fe1ae5c96fb2cd009d8e414.jpg
2026-08-08 16:45:59,815 - ERROR - 请求失败 (尝试 2/3): 403 Client Error: Forbidden for url: https://image.huyajs.com/cover/d25fdd6b1fe1ae5c96fb2cd009d8e414.jpg
2026-08-08 16:46:04,969 - ERROR - 请求失败 (尝试 3/3): 403 Client Error: Forbidden for url: https://image.huyajs.com/cover/d25fdd6b1fe1ae5c96fb2cd009d8e414.jpg
2026-08-08 16:46:04,970 - ERROR - 封面图片下载失败: 封面图片下载失败
2026-08-08 16:46:09,969 - ERROR - 请求失败 (尝试 1/3): 403 Client Error: Forbidden for url: https://image.huyajs.com/cover/650c398bdddf916e77d6e7b7f7ff3804.jpg
2026-08-08 16:46:15,034 - ERROR - 请求失败 (尝试 2/3): 403 Client Error: Forbidden for url: https://image.huyajs.com/cover/650c398bdddf916e77d6e7b7f7ff3804.jpg
2026-08-08 16:46:20,095 - ERROR - 请求失败 (尝试 3/3): 403 Client Error: Forbidden for url: https://image.huyajs.com/cover/650c398bdddf916e77d6e7b7f7ff3804.jpg
2026-08-08 16:46:20,096 - ERROR - 封面图片下载失败: 封面图片下载失败
2026-08-08 16:46:23,231 - ERROR - 请求失败 (尝试 1/3): 403 Client Error: Forbidden for url: https://image.huyajs.com/cover/a121f8252c92069e780c966a2c023ddf.jpg
2026-08-08 16:46:28,290 - ERROR - 请求失败 (尝试 2/3): 403 Client Error: Forbidden for url: https://image.huyajs.com/cover/a121f8252c92069e780c966a2c023ddf.jpg
2026-08-08 16:46:33,349 - ERROR - 请求失败 (尝试 3/3): 403 Client Error: Forbidden for url: https://image.huyajs.com/cover/a121f8252c92069e780c966a2c023ddf.jpg
2026-08-08 16:46:33,349 - ERROR - 封面图片下载失败: 封面图片下载失败
2026-08-08 16:46:38,200 - ERROR - 请求失败 (尝试 1/3): 403 Client Error: Forbidden for url: https://image.huyajs.com/cover/1597b2f580e51b10d5cfb66594e45a36.jpg
2026-08-08 16:46:43,260 - ERROR - 请求失败 (尝试 2/3): 403 Client Error: Forbidden for url: https://image.huyajs.com/cover/1597b2f580e51b10d5cfb66594e45a36.jpg
2026-08-08 16:46:48,318 - ERROR - 请求失败 (尝试 3/3): 403 Client Error: Forbidden for url: https://image.huyajs.com/cover/1597b2f580e51b10d5cfb66594e45a36.jpg
2026-08-08 16:46:48,319 - ERROR - 封面图片下载失败: 封面图片下载失败
2026-08-08 16:46:51,028 - ERROR - 请求失败 (尝试 1/3): 403 Client Error: Forbidden for url: https://image.huyajs.com/cover/be6ef6ee1ef700ad4a85bb34b622093b.jpg
2026-08-08 16:46:56,114 - ERROR - 请求失败 (尝试 2/3): 403 Client Error: Forbidden for url: https://image.huyajs.com/cover/be6ef6ee1ef700ad4a85bb34b622093b.jpg
2026-08-08 16:47:01,225 - ERROR - 请求失败 (尝试 3/3): 403 Client Error: Forbidden for url: https://image.huyajs.com/cover/be6ef6ee1ef700ad4a85bb34b622093b.jpg
2026-08-08 16:47:01,226 - ERROR - 封面图片下载失败: 封面图片下载失败
2026-08-08 16:47:06,445 - ERROR - 请求失败 (尝试 1/3): 403 Client Error: Forbidden for url: https://image.huyajs.com/cover/140686ed13c7d43cf6be84713f9cfe5e.jpg
2026-08-08 16:47:11,504 - ERROR - 请求失败 (尝试 2/3): 403 Client Error: Forbidden for url: https://image.huyajs.com/cover/140686ed13c7d43cf6be84713f9cfe5e.jpg
2026-08-08 16:47:16,683 - ERROR - 请求失败 (尝试 3/3): 403 Client Error: Forbidden for url: https://image.huyajs.com/cover/140686ed13c7d43cf6be84713f9cfe5e.jpg
2026-08-08 16:47:16,684 - ERROR - 封面图片下载失败: 封面图片下载失败
2026-08-08 16:47:19,887 - ERROR - 请求失败 (尝试 1/3): 403 Client Error: Forbidden for url: https://image.huyajs.com/cover/c12cdd698b4f689d32234d7e3c115edf.jpg
2026-08-08 16:47:24,997 - ERROR - 请求失败 (尝试 2/3): 403 Client Error: Forbidden for url: https://image.huyajs.com/cover/c12cdd698b4f689d32234d7e3c115edf.jpg
2026-08-08 16:47:30,058 - ERROR - 请求失败 (尝试 3/3): 403 Client Error: Forbidden for url: https://image.huyajs.com/cover/c12cdd698b4f689d32234d7e3c115edf.jpg
2026-08-08 16:47:30,059 - ERROR - 封面图片下载失败: 封面图片下载失败
2026-08-08 16:47:33,932 - ERROR - 请求失败 (尝试 1/3): 403 Client Error: Forbidden for url: https://image.huyajs.com/cover/7428caa95fa1b134a1f90f1d1e40fe0d.jpg
2026-08-08 16:47:38,990 - ERROR - 请求失败 (尝试 2/3): 403 Client Error: Forbidden for url: https://image.huyajs.com/cover/7428caa95fa1b134a1f90f1d1e40fe0d.jpg
2026-08-08 16:47:44,051 - ERROR - 请求失败 (尝试 3/3): 403 Client Error: Forbidden for url: https://image.huyajs.com/cover/7428caa95fa1b134a1f90f1d1e40fe0d.jpg
2026-08-08 16:47:44,052 - ERROR - 封面图片下载失败: 封面图片下载失败
2026-08-08 16:47:48,254 - ERROR - 请求失败 (尝试 1/3): 403 Client Error: Forbidden for url: https://image.huyajs.com/cover/b59aeeac92e7485ae1be75fccd0d5d8f.jpg
2026-08-08 16:47:53,312 - ERROR - 请求失败 (尝试 2/3): 403 Client Error: Forbidden for url: https://image.huyajs.com/cover/b59aeeac92e7485ae1be75fccd0d5d8f.jpg
2026-08-08 16:47:58,375 - ERROR - 请求失败 (尝试 3/3): 403 Client Error: Forbidden for url: https://image.huyajs.com/cover/b59aeeac92e7485ae1be75fccd0d5d8f.jpg
2026-08-08 16:47:58,376 - ERROR - 封面图片下载失败: 封面图片下载失败
2026-08-08 16:48:02,732 - ERROR - 请求失败 (尝试 1/3): 403 Client Error: Forbidden for url: https://image.huyajs.com/cover/ca89691c7b585a53904f67da2d0eef8b.jpg
2026-08-08 16:48:07,851 - ERROR - 请求失败 (尝试 2/3): 403 Client Error: Forbidden for url: https://image.huyajs.com/cover/ca89691c7b585a53904f67da2d0eef8b.jpg
2026-08-08 16:48:12,979 - ERROR - 请求失败 (尝试 3/3): 403 Client Error: Forbidden for url: https://image.huyajs.com/cover/ca89691c7b585a53904f67da2d0eef8b.jpg
2026-08-08 16:48:12,980 - ERROR - 封面图片下载失败: 封面图片下载失败
2026-08-08 16:48:16,917 - ERROR - 请求失败 (尝试 1/3): 403 Client Error: Forbidden for url: https://image.huyajs.com/cover/554d977f680d6324bed352e1028dbcb8.jpg
2026-08-08 16:48:21,976 - ERROR - 请求失败 (尝试 2/3): 403 Client Error: Forbidden for url: https://image.huyajs.com/cover/554d977f680d6324bed352e1028dbcb8.jpg
2026-08-08 16:48:27,035 - ERROR - 请求失败 (尝试 3/3): 403 Client Error: Forbidden for url: https://image.huyajs.com/cover/554d977f680d6324bed352e1028dbcb8.jpg
2026-08-08 16:48:27,036 - ERROR - 封面图片下载失败: 封面图片下载失败
2026-08-08 16:48:30,882 - ERROR - 请求失败 (尝试 1/3): 403 Client Error: Forbidden for url: https://image.huyajs.com/cover/cdf41086347bdb01ab77338010d600df.jpg
2026-08-08 16:48:35,947 - ERROR - 请求失败 (尝试 2/3): 403 Client Error: Forbidden for url: https://image.huyajs.com/cover/cdf41086347bdb01ab77338010d600df.jpg
2026-08-08 16:48:41,005 - ERROR - 请求失败 (尝试 3/3): 403 Client Error: Forbidden for url: https://image.huyajs.com/cover/cdf41086347bdb01ab77338010d600df.jpg
2026-08-08 16:48:41,005 - ERROR - 封面图片下载失败: 封面图片下载失败
2026-08-08 16:48:43,484 - ERROR - 请求失败 (尝试 1/3): 403 Client Error: Forbidden for url: https://image.huyajs.com/cover/e800ecc9c98f58b9c1430e17630c4eac.jpg
2026-08-08 16:48:48,543 - ERROR - 请求失败 (尝试 2/3): 403 Client Error: Forbidden for url: https://image.huyajs.com/cover/e800ecc9c98f58b9c1430e17630c4eac.jpg
2026-08-08 16:48:53,610 - ERROR - 请求失败 (尝试 3/3): 403 Client Error: Forbidden for url: https://image.huyajs.com/cover/e800ecc9c98f58b9c1430e17630c4eac.jpg
2026-08-08 16:48:53,610 - ERROR - 封面图片下载失败: 封面图片下载失败
2026-08-08 16:48:58,631 - ERROR - 请求失败 (尝试 1/3): 403 Client Error: Forbidden for url: https://image.huyajs.com/cover/19c1e35bfe46ff3a45d8c6f112082293.jpg
2026-08-08 16:49:03,689 - ERROR - 请求失败 (尝试 2/3): 403 Client Error: Forbidden for url: https://image.huyajs.com/cover/19c1e35bfe46ff3a45d8c6f112082293.jpg
2026-08-08 16:49:08,835 - ERROR - 请求失败 (尝试 3/3): 403 Client Error: Forbidden for url: https://image.huyajs.com/cover/19c1e35bfe46ff3a45d8c6f112082293.jpg
2026-08-08 16:49:08,835 - ERROR - 封面图片下载失败: 封面图片下载失败
2026-08-08 16:49:13,083 - ERROR - 请求失败 (尝试 1/3): 403 Client Error: Forbidden for url: https://image.huyajs.com/cover/c753a28f7391c0a9b53479292ad688a0.jpg
2026-08-08 16:49:18,142 - ERROR - 请求失败 (尝试 2/3): 403 Client Error: Forbidden for url: https://image.huyajs.com/cover/c753a28f7391c0a9b53479292ad688a0.jpg
2026-08-08 16:49:23,202 - ERROR - 请求失败 (尝试 3/3): 403 Client Error: Forbidden for url: https://image.huyajs.com/cover/c753a28f7391c0a9b53479292ad688a0.jpg
2026-08-08 16:49:23,203 - ERROR - 封面图片下载失败: 封面图片下载失败
2026-08-08 16:49:28,089 - ERROR - 请求失败 (尝试 1/3): 403 Client Error: Forbidden for url: https://image.huyajs.com/cover/36bdb8b5ddd187bdcf22051678f457ea.jpg
2026-08-08 16:49:33,147 - ERROR - 请求失败 (尝试 2/3): 403 Client Error: Forbidden for url: https://image.huyajs.com/cover/36bdb8b5ddd187bdcf22051678f457ea.jpg
2026-08-08 16:49:38,208 - ERROR - 请求失败 (尝试 3/3): 403 Client Error: Forbidden for url: https://image.huyajs.com/cover/36bdb8b5ddd187bdcf22051678f457ea.jpg
2026-08-08 16:49:38,208 - ERROR - 封面图片下载失败: 封面图片下载失败
2026-08-08 16:49:43,230 - ERROR - 请求失败 (尝试 1/3): 403 Client Error: Forbidden for url: https://image.huyajs.com/cover/1ca2f82e3d208d4d56db7bcd9d6c20ce.jpg
2026-08-08 16:49:48,289 - ERROR - 请求失败 (尝试 2/3): 403 Client Error: Forbidden for url: https://image.huyajs.com/cover/1ca2f82e3d208d4d56db7bcd9d6c20ce.jpg
2026-08-08 16:49:53,352 - ERROR - 请求失败 (尝试 3/3): 403 Client Error: Forbidden for url: https://image.huyajs.com/cover/1ca2f82e3d208d4d56db7bcd9d6c20ce.jpg
2026-08-08 16:49:53,353 - ERROR - 封面图片下载失败: 封面图片下载失败
2026-08-08 16:49:56,129 - ERROR - 请求失败 (尝试 1/3): 403 Client Error: Forbidden for url: https://image.huyajs.com/cover/347d11cad4711bf3d6af09d8b7965731.jpg
2026-08-08 16:50:01,187 - ERROR - 请求失败 (尝试 2/3): 403 Client Error: Forbidden for url: https://image.huyajs.com/cover/347d11cad4711bf3d6af09d8b7965731.jpg
2026-08-08 16:50:06,250 - ERROR - 请求失败 (尝试 3/3): 403 Client Error: Forbidden for url: https://image.huyajs.com/cover/347d11cad4711bf3d6af09d8b7965731.jpg
2026-08-08 16:50:06,251 - ERROR - 封面图片下载失败: 封面图片下载失败
2026-08-08 16:50:10,261 - ERROR - 请求失败 (尝试 1/3): 403 Client Error: Forbidden for url: https://image.huyajs.com/cover/df16fccc1c750aa8c4b8c37a11e6ebd1.jpg
2026-08-08 16:50:15,324 - ERROR - 请求失败 (尝试 2/3): 403 Client Error: Forbidden for url: https://image.huyajs.com/cover/df16fccc1c750aa8c4b8c37a11e6ebd1.jpg
2026-08-08 16:50:20,382 - ERROR - 请求失败 (尝试 3/3): 403 Client Error: Forbidden for url: https://image.huyajs.com/cover/df16fccc1c750aa8c4b8c37a11e6ebd1.jpg
2026-08-08 16:50:20,383 - ERROR - 封面图片下载失败: 封面图片下载失败
2026-08-08 16:50:23,374 - ERROR - 请求失败 (尝试 1/3): 403 Client Error: Forbidden for url: https://image.huyajs.com/cover/050bd0acb494ffbb263b315e0d6ba67f.jpg
2026-08-08 16:50:28,434 - ERROR - 请求失败 (尝试 2/3): 403 Client Error: Forbidden for url: https://image.huyajs.com/cover/050bd0acb494ffbb263b315e0d6ba67f.jpg
2026-08-08 16:50:33,495 - ERROR - 请求失败 (尝试 3/3): 403 Client Error: Forbidden for url: https://image.huyajs.com/cover/050bd0acb494ffbb263b315e0d6ba67f.jpg
2026-08-08 16:50:33,496 - ERROR - 封面图片下载失败: 封面图片下载失败
2026-08-08 16:50:36,967 - ERROR - 请求失败 (尝试 1/3): 403 Client Error: Forbidden for url: https://image.huyajs.com/cover/406e049b2f3585064598b37495da8e2a.jpg
2026-08-08 16:50:42,028 - ERROR - 请求失败 (尝试 2/3): 403 Client Error: Forbidden for url: https://image.huyajs.com/cover/406e049b2f3585064598b37495da8e2a.jpg
2026-08-08 16:50:47,088 - ERROR - 请求失败 (尝试 3/3): 403 Client Error: Forbidden for url: https://image.huyajs.com/cover/406e049b2f3585064598b37495da8e2a.jpg
2026-08-08 16:50:47,089 - ERROR - 封面图片下载失败: 封面图片下载失败
2026-08-08 16:50:52,048 - ERROR - 请求失败 (尝试 1/3): 403 Client Error: Forbidden for url: https://image.huyajs.com/cover/5cf6d7132f8151dc1ac3e0399d2e9666.jpg
2026-08-08 16:50:57,134 - ERROR - 请求失败 (尝试 2/3): 403 Client Error: Forbidden for url: https://image.huyajs.com/cover/5cf6d7132f8151dc1ac3e0399d2e9666.jpg
2026-08-08 16:51:02,343 - ERROR - 请求失败 (尝试 3/3): 403 Client Error: Forbidden for url: https://image.huyajs.com/cover/5cf6d7132f8151dc1ac3e0399d2e9666.jpg
2026-08-08 16:51:02,344 - ERROR - 封面图片下载失败: 封面图片下载失败
2026-08-08 16:51:06,504 - ERROR - 请求失败 (尝试 1/3): 403 Client Error: Forbidden for url: https://image.huyajs.com/cover/870d620af7e0483aa9a46935dc1217a5.jpg
2026-08-08 16:51:11,588 - ERROR - 请求失败 (尝试 2/3): 403 Client Error: Forbidden for url: https://image.huyajs.com/cover/870d620af7e0483aa9a46935dc1217a5.jpg
2026-08-08 16:51:16,771 - ERROR - 请求失败 (尝试 3/3): 403 Client Error: Forbidden for url: https://image.huyajs.com/cover/870d620af7e0483aa9a46935dc1217a5.jpg
2026-08-08 16:51:16,772 - ERROR - 封面图片下载失败: 封面图片下载失败
2026-08-08 16:51:20,815 - ERROR - 请求失败 (尝试 1/3): 403 Client Error: Forbidden for url: https://image.huyajs.com/cover/91766eac45d676121c0227644f8e9d76.jpg
2026-08-08 16:51:25,922 - ERROR - 请求失败 (尝试 2/3): 403 Client Error: Forbidden for url: https://image.huyajs.com/cover/91766eac45d676121c0227644f8e9d76.jpg
2026-08-08 16:51:30,982 - ERROR - 请求失败 (尝试 3/3): 403 Client Error: Forbidden for url: https://image.huyajs.com/cover/91766eac45d676121c0227644f8e9d76.jpg
2026-08-08 16:51:30,983 - ERROR - 封面图片下载失败: 封面图片下载失败
2026-08-08 16:51:35,290 - ERROR - 请求失败 (尝试 1/3): 403 Client Error: Forbidden for url: https://image.huyajs.com/cover/071d1bbc0a06a811594d249a85c8400a.jpg
2026-08-08 16:51:40,364 - ERROR - 请求失败 (尝试 2/3): 403 Client Error: Forbidden for url: https://image.huyajs.com/cover/071d1bbc0a06a811594d249a85c8400a.jpg
2026-08-08 16:51:45,424 - ERROR - 请求失败 (尝试 3/3): 403 Client Error: Forbidden for url: https://image.huyajs.com/cover/071d1bbc0a06a811594d249a85c8400a.jpg
2026-08-08 16:51:45,425 - ERROR - 封面图片下载失败: 封面图片下载失败
2026-08-08 16:51:48,819 - ERROR - 请求失败 (尝试 1/3): 403 Client Error: Forbidden for url: https://image.huyajs.com/cover/eebf8bc2ea9d987dd367a77d0ed094ab.jpg
2026-08-08 16:51:53,997 - ERROR - 请求失败 (尝试 2/3): 403 Client Error: Forbidden for url: https://image.huyajs.com/cover/eebf8bc2ea9d987dd367a77d0ed094ab.jpg
2026-08-08 16:51:59,068 - ERROR - 请求失败 (尝试 3/3): 403 Client Error: Forbidden for url: https://image.huyajs.com/cover/eebf8bc2ea9d987dd367a77d0ed094ab.jpg
2026-08-08 16:51:59,068 - ERROR - 封面图片下载失败: 封面图片下载失败
2026-08-08 16:52:03,091 - ERROR - 请求失败 (尝试 1/3): 403 Client Error: Forbidden for url: https://image.huyajs.com/cover/b6ae4caca334f55ca4b819d3dbf9b288.jpg
2026-08-08 16:52:08,209 - ERROR - 请求失败 (尝试 2/3): 403 Client Error: Forbidden for url: https://image.huyajs.com/cover/b6ae4caca334f55ca4b819d3dbf9b288.jpg
2026-08-08 16:52:13,269 - ERROR - 请求失败 (尝试 3/3): 403 Client Error: Forbidden for url: https://image.huyajs.com/cover/b6ae4caca334f55ca4b819d3dbf9b288.jpg
2026-08-08 16:52:13,270 - ERROR - 封面图片下载失败: 封面图片下载失败
2026-08-08 16:52:18,074 - ERROR - 请求失败 (尝试 1/3): 403 Client Error: Forbidden for url: https://image.huyajs.com/cover/d8a43f1701d4f456c9740f735a1917ff.jpg
2026-08-08 16:52:23,134 - ERROR - 请求失败 (尝试 2/3): 403 Client Error: Forbidden for url: https://image.huyajs.com/cover/d8a43f1701d4f456c9740f735a1917ff.jpg
2026-08-08 16:52:28,202 - ERROR - 请求失败 (尝试 3/3): 403 Client Error: Forbidden for url: https://image.huyajs.com/cover/d8a43f1701d4f456c9740f735a1917ff.jpg
2026-08-08 16:52:28,202 - ERROR - 封面图片下载失败: 封面图片下载失败
2026-08-08 16:52:31,676 - ERROR - 请求失败 (尝试 1/3): 403 Client Error: Forbidden for url: https://image.huyajs.com/cover/edb9cc6c9428b01b21cea542fdd03d12.jpg
2026-08-08 16:52:36,736 - ERROR - 请求失败 (尝试 2/3): 403 Client Error: Forbidden for url: https://image.huyajs.com/cover/edb9cc6c9428b01b21cea542fdd03d12.jpg
2026-08-08 16:52:41,796 - ERROR - 请求失败 (尝试 3/3): 403 Client Error: Forbidden for url: https://image.huyajs.com/cover/edb9cc6c9428b01b21cea542fdd03d12.jpg
2026-08-08 16:52:41,797 - ERROR - 封面图片下载失败: 封面图片下载失败
2026-08-08 16:52:46,124 - ERROR - 请求失败 (尝试 1/3): 403 Client Error: Forbidden for url: https://image.huyajs.com/cover/58a924e24b3cb4abfb77f1077d07fefd.jpg
2026-08-08 16:52:51,196 - ERROR - 请求失败 (尝试 2/3): 403 Client Error: Forbidden for url: https://image.huyajs.com/cover/58a924e24b3cb4abfb77f1077d07fefd.jpg
2026-08-08 16:52:56,255 - ERROR - 请求失败 (尝试 3/3): 403 Client Error: Forbidden for url: https://image.huyajs.com/cover/58a924e24b3cb4abfb77f1077d07fefd.jpg
2026-08-08 16:52:56,255 - ERROR - 封面图片下载失败: 封面图片下载失败
2026-08-08 16:52:59,307 - ERROR - 请求失败 (尝试 1/3): 403 Client Error: Forbidden for url: https://image.huyajs.com/cover/e35257bc79b3631fa4a2970e65cf6089.jpg
2026-08-08 16:53:04,369 - ERROR - 请求失败 (尝试 2/3): 403 Client Error: Forbidden for url: https://image.huyajs.com/cover/e35257bc79b3631fa4a2970e65cf6089.jpg
2026-08-08 16:53:09,429 - ERROR - 请求失败 (尝试 3/3): 403 Client Error: Forbidden for url: https://image.huyajs.com/cover/e35257bc79b3631fa4a2970e65cf6089.jpg
2026-08-08 16:53:09,430 - ERROR - 封面图片下载失败: 封面图片下载失败
2026-08-08 16:53:14,153 - ERROR - 请求失败 (尝试 1/3): 403 Client Error: Forbidden for url: https://image.huyajs.com/cover/0795811eafec27e813e51718d15f078f.jpg
2026-08-08 16:53:19,268 - ERROR - 请求失败 (尝试 2/3): 403 Client Error: Forbidden for url: https://image.huyajs.com/cover/0795811eafec27e813e51718d15f078f.jpg
2026-08-08 16:53:24,326 - ERROR - 请求失败 (尝试 3/3): 403 Client Error: Forbidden for url: https://image.huyajs.com/cover/0795811eafec27e813e51718d15f078f.jpg
2026-08-08 16:53:24,327 - ERROR - 封面图片下载失败: 封面图片下载失败
2026-08-08 16:53:29,686 - ERROR - 请求失败 (尝试 1/3): 403 Client Error: Forbidden for url: https://image.huyajs.com/cover/0806d0c2ea73f27c3d5ee67d5e65664e.jpg
2026-08-08 16:53:34,745 - ERROR - 请求失败 (尝试 2/3): 403 Client Error: Forbidden for url: https://image.huyajs.com/cover/0806d0c2ea73f27c3d5ee67d5e65664e.jpg
2026-08-08 16:53:39,807 - ERROR - 请求失败 (尝试 3/3): 403 Client Error: Forbidden for url: https://image.huyajs.com/cover/0806d0c2ea73f27c3d5ee67d5e65664e.jpg
2026-08-08 16:53:39,808 - ERROR - 封面图片下载失败: 封面图片下载失败
2026-08-08 16:53:42,715 - ERROR - 请求失败 (尝试 1/3): 403 Client Error: Forbidden for url: https://image.huyajs.com/cover/073a11d55bb09d6aa790aa4128caa84f.jpg
2026-08-08 16:53:47,775 - ERROR - 请求失败 (尝试 2/3): 403 Client Error: Forbidden for url: https://image.huyajs.com/cover/073a11d55bb09d6aa790aa4128caa84f.jpg
2026-08-08 16:53:52,835 - ERROR - 请求失败 (尝试 3/3): 403 Client Error: Forbidden for url: https://image.huyajs.com/cover/073a11d55bb09d6aa790aa4128caa84f.jpg
2026-08-08 16:53:52,836 - ERROR - 封面图片下载失败: 封面图片下载失败
2026-08-08 16:53:56,922 - ERROR - 请求失败 (尝试 1/3): 403 Client Error: Forbidden for url: https://image.huyajs.com/cover/eed4261e5e5351b59bcde460da4212ec.jpg
2026-08-08 16:54:01,980 - ERROR - 请求失败 (尝试 2/3): 403 Client Error: Forbidden for url: https://image.huyajs.com/cover/eed4261e5e5351b59bcde460da4212ec.jpg
2026-08-08 16:54:07,050 - ERROR - 请求失败 (尝试 3/3): 403 Client Error: Forbidden for url: https://image.huyajs.com/cover/eed4261e5e5351b59bcde460da4212ec.jpg
2026-08-08 16:54:07,050 - ERROR - 封面图片下载失败: 封面图片下载失败
2026-08-08 16:54:09,561 - ERROR - 请求失败 (尝试 1/3): 403 Client Error: Forbidden for url: https://image.huyajs.com/cover/5f30e87eabe128060887597fb1d95530.jpg
2026-08-08 16:54:14,620 - ERROR - 请求失败 (尝试 2/3): 403 Client Error: Forbidden for url: https://image.huyajs.com/cover/5f30e87eabe128060887597fb1d95530.jpg
2026-08-08 16:54:19,680 - ERROR - 请求失败 (尝试 3/3): 403 Client Error: Forbidden for url: https://image.huyajs.com/cover/5f30e87eabe128060887597fb1d95530.jpg
2026-08-08 16:54:19,681 - ERROR - 封面图片下载失败: 封面图片下载失败
2026-08-08 16:54:23,356 - ERROR - 请求失败 (尝试 1/3): 403 Client Error: Forbidden for url: https://image.huyajs.com/cover/eae9700a714e425f73995764be569cb3.jpg
2026-08-08 16:54:28,414 - ERROR - 请求失败 (尝试 2/3): 403 Client Error: Forbidden for url: https://image.huyajs.com/cover/eae9700a714e425f73995764be569cb3.jpg
2026-08-08 16:54:33,474 - ERROR - 请求失败 (尝试 3/3): 403 Client Error: Forbidden for url: https://image.huyajs.com/cover/eae9700a714e425f73995764be569cb3.jpg
2026-08-08 16:54:33,475 - ERROR - 封面图片下载失败: 封面图片下载失败
2026-08-08 16:54:37,371 - ERROR - 请求失败 (尝试 1/3): 403 Client Error: Forbidden for url: https://image.huyajs.com/cover/c20a18a67fa88d65cd0d855b2f515720.jpg
2026-08-08 16:54:42,430 - ERROR - 请求失败 (尝试 2/3): 403 Client Error: Forbidden for url: https://image.huyajs.com/cover/c20a18a67fa88d65cd0d855b2f515720.jpg
2026-08-08 16:54:47,497 - ERROR - 请求失败 (尝试 3/3): 403 Client Error: Forbidden for url: https://image.huyajs.com/cover/c20a18a67fa88d65cd0d855b2f515720.jpg
2026-08-08 16:54:47,497 - ERROR - 封面图片下载失败: 封面图片下载失败
2026-08-08 16:54:51,527 - ERROR - 请求失败 (尝试 1/3): 403 Client Error: Forbidden for url: https://image.huyajs.com/cover/d08cf0b8392e9b7844013017175ecf18.jpg
2026-08-08 16:54:56,588 - ERROR - 请求失败 (尝试 2/3): 403 Client Error: Forbidden for url: https://image.huyajs.com/cover/d08cf0b8392e9b7844013017175ecf18.jpg
2026-08-08 16:55:01,765 - ERROR - 请求失败 (尝试 3/3): 403 Client Error: Forbidden for url: https://image.huyajs.com/cover/d08cf0b8392e9b7844013017175ecf18.jpg
2026-08-08 16:55:01,766 - ERROR - 封面图片下载失败: 封面图片下载失败
2026-08-08 16:55:06,445 - ERROR - 请求失败 (尝试 1/3): 403 Client Error: Forbidden for url: https://image.huyajs.com/cover/b05a96ec38be7e68e21dc58631759f26.jpg
2026-08-08 16:55:11,676 - ERROR - 请求失败 (尝试 2/3): 403 Client Error: Forbidden for url: https://image.huyajs.com/cover/b05a96ec38be7e68e21dc58631759f26.jpg
2026-08-08 16:55:16,743 - ERROR - 请求失败 (尝试 3/3): 403 Client Error: Forbidden for url: https://image.huyajs.com/cover/b05a96ec38be7e68e21dc58631759f26.jpg
2026-08-08 16:55:16,744 - ERROR - 封面图片下载失败: 封面图片下载失败
2026-08-08 16:55:19,817 - ERROR - 请求失败 (尝试 1/3): 403 Client Error: Forbidden for url: https://image.huyajs.com/cover/4dc63c87782bdc9c13799f8d7dada965.jpg
2026-08-08 16:55:24,900 - ERROR - 请求失败 (尝试 2/3): 403 Client Error: Forbidden for url: https://image.huyajs.com/cover/4dc63c87782bdc9c13799f8d7dada965.jpg
2026-08-08 16:55:30,022 - ERROR - 请求失败 (尝试 3/3): 403 Client Error: Forbidden for url: https://image.huyajs.com/cover/4dc63c87782bdc9c13799f8d7dada965.jpg
2026-08-08 16:55:30,023 - ERROR - 封面图片下载失败: 封面图片下载失败
2026-08-08 16:55:35,058 - ERROR - 请求失败 (尝试 1/3): 403 Client Error: Forbidden for url: https://image.huyajs.com/cover/f8e7058faaf5e5d718498b5d628ce2da.jpg
2026-08-08 16:55:40,217 - ERROR - 请求失败 (尝试 2/3): 403 Client Error: Forbidden for url: https://image.huyajs.com/cover/f8e7058faaf5e5d718498b5d628ce2da.jpg
2026-08-08 16:55:45,278 - ERROR - 请求失败 (尝试 3/3): 403 Client Error: Forbidden for url: https://image.huyajs.com/cover/f8e7058faaf5e5d718498b5d628ce2da.jpg
2026-08-08 16:55:45,279 - ERROR - 封面图片下载失败: 封面图片下载失败
2026-08-08 16:55:50,237 - ERROR - 请求失败 (尝试 1/3): 403 Client Error: Forbidden for url: https://image.huyajs.com/cover/b9a76307ca86e35edfdd7e15ddb9569f.jpg
2026-08-08 16:55:55,538 - ERROR - 请求失败 (尝试 2/3): 403 Client Error: Forbidden for url: https://image.huyajs.com/cover/b9a76307ca86e35edfdd7e15ddb9569f.jpg
2026-08-08 16:56:00,781 - ERROR - 请求失败 (尝试 3/3): 403 Client Error: Forbidden for url: https://image.huyajs.com/cover/b9a76307ca86e35edfdd7e15ddb9569f.jpg
2026-08-08 16:56:00,782 - ERROR - 封面图片下载失败: 封面图片下载失败
2026-08-08 16:56:04,334 - ERROR - 请求失败 (尝试 1/3): 403 Client Error: Forbidden for url: https://image.huyajs.com/cover/e295a431ddd717f943cb97aa55bd70ab.jpg
2026-08-08 16:56:09,391 - ERROR - 请求失败 (尝试 2/3): 403 Client Error: Forbidden for url: https://image.huyajs.com/cover/e295a431ddd717f943cb97aa55bd70ab.jpg
2026-08-08 16:56:14,454 - ERROR - 请求失败 (尝试 3/3): 403 Client Error: Forbidden for url: https://image.huyajs.com/cover/e295a431ddd717f943cb97aa55bd70ab.jpg
2026-08-08 16:56:14,455 - ERROR - 封面图片下载失败: 封面图片下载失败
2026-08-08 16:56:19,646 - ERROR - 请求失败 (尝试 1/3): 403 Client Error: Forbidden for url: https://image.huyajs.com/cover/8b9b350777d6743ec6d046753ee32cc4.jpg
2026-08-08 16:56:24,704 - ERROR - 请求失败 (尝试 2/3): 403 Client Error: Forbidden for url: https://image.huyajs.com/cover/8b9b350777d6743ec6d046753ee32cc4.jpg
2026-08-08 16:56:29,763 - ERROR - 请求失败 (尝试 3/3): 403 Client Error: Forbidden for url: https://image.huyajs.com/cover/8b9b350777d6743ec6d046753ee32cc4.jpg
2026-08-08 16:56:29,764 - ERROR - 封面图片下载失败: 封面图片下载失败
2026-08-08 16:56:33,743 - ERROR - 请求失败 (尝试 1/3): 403 Client Error: Forbidden for url: https://image.huyajs.com/cover/cbdaa8474ed189e0cd095be9409f0cba.jpg
2026-08-08 16:56:38,802 - ERROR - 请求失败 (尝试 2/3): 403 Client Error: Forbidden for url: https://image.huyajs.com/cover/cbdaa8474ed189e0cd095be9409f0cba.jpg
2026-08-08 16:56:43,873 - ERROR - 请求失败 (尝试 3/3): 403 Client Error: Forbidden for url: https://image.huyajs.com/cover/cbdaa8474ed189e0cd095be9409f0cba.jpg
2026-08-08 16:56:43,874 - ERROR - 封面图片下载失败: 封面图片下载失败
2026-08-08 16:56:48,859 - ERROR - 请求失败 (尝试 1/3): 403 Client Error: Forbidden for url: https://image.huyajs.com/cover/789404ac770b5fb98dd29642c392f6b2.jpg
2026-08-08 16:56:53,926 - ERROR - 请求失败 (尝试 2/3): 403 Client Error: Forbidden for url: https://image.huyajs.com/cover/789404ac770b5fb98dd29642c392f6b2.jpg
2026-08-08 16:56:58,989 - ERROR - 请求失败 (尝试 3/3): 403 Client Error: Forbidden for url: https://image.huyajs.com/cover/789404ac770b5fb98dd29642c392f6b2.jpg
2026-08-08 16:56:58,990 - ERROR - 封面图片下载失败: 封面图片下载失败
2026-08-08 16:57:03,013 - ERROR - 请求失败 (尝试 1/3): 403 Client Error: Forbidden for url: https://image.huyajs.com/cover/469be49b163123ca7207bd149abe8c62.jpg
2026-08-08 16:57:08,072 - ERROR - 请求失败 (尝试 2/3): 403 Client Error: Forbidden for url: https://image.huyajs.com/cover/469be49b163123ca7207bd149abe8c62.jpg
2026-08-08 16:57:13,132 - ERROR - 请求失败 (尝试 3/3): 403 Client Error: Forbidden for url: https://image.huyajs.com/cover/469be49b163123ca7207bd149abe8c62.jpg
2026-08-08 16:57:13,133 - ERROR - 封面图片下载失败: 封面图片下载失败
2026-08-08 16:57:17,535 - ERROR - 请求失败 (尝试 1/3): 403 Client Error: Forbidden for url: https://image.huyajs.com/cover/6c302e3dd5b5928173e07b7f98b11235.jpg
2026-08-08 16:57:22,597 - ERROR - 请求失败 (尝试 2/3): 403 Client Error: Forbidden for url: https://image.huyajs.com/cover/6c302e3dd5b5928173e07b7f98b11235.jpg
2026-08-08 16:57:27,660 - ERROR - 请求失败 (尝试 3/3): 403 Client Error: Forbidden for url: https://image.huyajs.com/cover/6c302e3dd5b5928173e07b7f98b11235.jpg
2026-08-08 16:57:27,661 - ERROR - 封面图片下载失败: 封面图片下载失败
2026-08-08 16:57:31,296 - ERROR - 请求失败 (尝试 1/3): 403 Client Error: Forbidden for url: https://image.huyajs.com/cover/a694e39489181d003379af2ae51c08c4.jpg
2026-08-08 16:57:36,358 - ERROR - 请求失败 (尝试 2/3): 403 Client Error: Forbidden for url: https://image.huyajs.com/cover/a694e39489181d003379af2ae51c08c4.jpg
2026-08-08 16:57:41,477 - ERROR - 请求失败 (尝试 3/3): 403 Client Error: Forbidden for url: https://image.huyajs.com/cover/a694e39489181d003379af2ae51c08c4.jpg
2026-08-08 16:57:41,478 - ERROR - 封面图片下载失败: 封面图片下载失败
2026-08-08 16:57:43,977 - ERROR - 请求失败 (尝试 1/3): 403 Client Error: Forbidden for url: https://image.huyajs.com/cover/98314ec40dc36aeb701e872e809140c2.jpg
2026-08-08 16:57:49,037 - ERROR - 请求失败 (尝试 2/3): 403 Client Error: Forbidden for url: https://image.huyajs.com/cover/98314ec40dc36aeb701e872e809140c2.jpg
2026-08-08 16:57:54,097 - ERROR - 请求失败 (尝试 3/3): 403 Client Error: Forbidden for url: https://image.huyajs.com/cover/98314ec40dc36aeb701e872e809140c2.jpg
2026-08-08 16:57:54,098 - ERROR - 封面图片下载失败: 封面图片下载失败
2026-08-08 16:57:58,228 - ERROR - 请求失败 (尝试 1/3): 403 Client Error: Forbidden for url: https://image.huyajs.com/cover/33e4f407f026ac0634abd8010afc129f.jpg
2026-08-08 16:58:03,288 - ERROR - 请求失败 (尝试 2/3): 403 Client Error: Forbidden for url: https://image.huyajs.com/cover/33e4f407f026ac0634abd8010afc129f.jpg
2026-08-08 16:58:08,349 - ERROR - 请求失败 (尝试 3/3): 403 Client Error: Forbidden for url: https://image.huyajs.com/cover/33e4f407f026ac0634abd8010afc129f.jpg
2026-08-08 16:58:08,350 - ERROR - 封面图片下载失败: 封面图片下载失败
2026-08-08 16:58:12,544 - ERROR - 请求失败 (尝试 1/3): 403 Client Error: Forbidden for url: https://image.huyajs.com/cover/ff62d823f3384e67165e9427c9388280.jpg
2026-08-08 16:58:17,604 - ERROR - 请求失败 (尝试 2/3): 403 Client Error: Forbidden for url: https://image.huyajs.com/cover/ff62d823f3384e67165e9427c9388280.jpg
2026-08-08 16:58:22,670 - ERROR - 请求失败 (尝试 3/3): 403 Client Error: Forbidden for url: https://image.huyajs.com/cover/ff62d823f3384e67165e9427c9388280.jpg
2026-08-08 16:58:22,671 - ERROR - 封面图片下载失败: 封面图片下载失败
2026-08-08 16:58:27,808 - ERROR - 请求失败 (尝试 1/3): 403 Client Error: Forbidden for url: https://image.huyajs.com/cover/f4a58c21d66c3ab9a542ad7d7e686bb8.jpg
2026-08-08 16:58:32,866 - ERROR - 请求失败 (尝试 2/3): 403 Client Error: Forbidden for url: https://image.huyajs.com/cover/f4a58c21d66c3ab9a542ad7d7e686bb8.jpg
2026-08-08 16:58:37,925 - ERROR - 请求失败 (尝试 3/3): 403 Client Error: Forbidden for url: https://image.huyajs.com/cover/f4a58c21d66c3ab9a542ad7d7e686bb8.jpg
2026-08-08 16:58:37,926 - ERROR - 封面图片下载失败: 封面图片下载失败
2026-08-08 16:58:42,008 - ERROR - 请求失败 (尝试 1/3): 403 Client Error: Forbidden for url: https://image.huyajs.com/cover/cbaba14d14950b912f5778796ebe12ae.jpg
2026-08-08 16:58:47,066 - ERROR - 请求失败 (尝试 2/3): 403 Client Error: Forbidden for url: https://image.huyajs.com/cover/cbaba14d14950b912f5778796ebe12ae.jpg
2026-08-08 16:58:52,126 - ERROR - 请求失败 (尝试 3/3): 403 Client Error: Forbidden for url: https://image.huyajs.com/cover/cbaba14d14950b912f5778796ebe12ae.jpg
2026-08-08 16:58:52,127 - ERROR - 封面图片下载失败: 封面图片下载失败
2026-08-08 16:58:54,821 - ERROR - 请求失败 (尝试 1/3): 403 Client Error: Forbidden for url: https://image.huyajs.com/cover/0b5eac970c9600629ed8eece57ee3a56.jpg
2026-08-08 16:58:59,883 - ERROR - 请求失败 (尝试 2/3): 403 Client Error: Forbidden for url: https://image.huyajs.com/cover/0b5eac970c9600629ed8eece57ee3a56.jpg
2026-08-08 16:59:05,016 - ERROR - 请求失败 (尝试 3/3): 403 Client Error: Forbidden for url: https://image.huyajs.com/cover/0b5eac970c9600629ed8eece57ee3a56.jpg
2026-08-08 16:59:05,017 - ERROR - 封面图片下载失败: 封面图片下载失败
2026-08-08 16:59:08,013 - ERROR - 请求失败 (尝试 1/3): 403 Client Error: Forbidden for url: https://image.huyajs.com/cover/31e18b9e1cb807da18969c1c6bdb35f7.jpg
2026-08-08 16:59:13,071 - ERROR - 请求失败 (尝试 2/3): 403 Client Error: Forbidden for url: https://image.huyajs.com/cover/31e18b9e1cb807da18969c1c6bdb35f7.jpg
2026-08-08 16:59:18,133 - ERROR - 请求失败 (尝试 3/3): 403 Client Error: Forbidden for url: https://image.huyajs.com/cover/31e18b9e1cb807da18969c1c6bdb35f7.jpg
2026-08-08 16:59:18,134 - ERROR - 封面图片下载失败: 封面图片下载失败
2026-08-08 16:59:22,130 - ERROR - 请求失败 (尝试 1/3): 403 Client Error: Forbidden for url: https://image.huyajs.com/cover/09e9b8565a4b1ba02912e6050fa0839f.jpg
2026-08-08 16:59:27,190 - ERROR - 请求失败 (尝试 2/3): 403 Client Error: Forbidden for url: https://image.huyajs.com/cover/09e9b8565a4b1ba02912e6050fa0839f.jpg
2026-08-08 16:59:32,399 - ERROR - 请求失败 (尝试 3/3): 403 Client Error: Forbidden for url: https://image.huyajs.com/cover/09e9b8565a4b1ba02912e6050fa0839f.jpg
2026-08-08 16:59:32,400 - ERROR - 封面图片下载失败: 封面图片下载失败
2026-08-08 16:59:36,833 - ERROR - 请求失败 (尝试 1/3): 403 Client Error: Forbidden for url: https://image.huyajs.com/cover/090ffea4baf99f279a34affcd9421379.jpg
2026-08-08 16:59:41,894 - ERROR - 请求失败 (尝试 2/3): 403 Client Error: Forbidden for url: https://image.huyajs.com/cover/090ffea4baf99f279a34affcd9421379.jpg
2026-08-08 16:59:46,954 - ERROR - 请求失败 (尝试 3/3): 403 Client Error: Forbidden for url: https://image.huyajs.com/cover/090ffea4baf99f279a34affcd9421379.jpg
2026-08-08 16:59:46,955 - ERROR - 封面图片下载失败: 封面图片下载失败
2026-08-08 16:59:49,745 - ERROR - 请求失败 (尝试 1/3): 403 Client Error: Forbidden for url: https://image.huyajs.com/cover/008bf13a8f7be64451ccbe21fb672c96.jpg
2026-08-08 16:59:54,952 - ERROR - 请求失败 (尝试 2/3): 403 Client Error: Forbidden for url: https://image.huyajs.com/cover/008bf13a8f7be64451ccbe21fb672c96.jpg
2026-08-08 17:00:00,131 - ERROR - 请求失败 (尝试 3/3): 403 Client Error: Forbidden for url: https://image.huyajs.com/cover/008bf13a8f7be64451ccbe21fb672c96.jpg
2026-08-08 17:00:00,131 - ERROR - 封面图片下载失败: 封面图片下载失败
2026-08-08 17:00:03,635 - ERROR - 请求失败 (尝试 1/3): 403 Client Error: Forbidden for url: https://image.huyajs.com/cover/d1856159683d6fdbc4d264c3012d8797.jpg
2026-08-08 17:00:08,693 - ERROR - 请求失败 (尝试 2/3): 403 Client Error: Forbidden for url: https://image.huyajs.com/cover/d1856159683d6fdbc4d264c3012d8797.jpg
2026-08-08 17:00:13,847 - ERROR - 请求失败 (尝试 3/3): 403 Client Error: Forbidden for url: https://image.huyajs.com/cover/d1856159683d6fdbc4d264c3012d8797.jpg
2026-08-08 17:00:13,848 - ERROR - 封面图片下载失败: 封面图片下载失败
2026-08-08 17:00:18,731 - ERROR - 请求失败 (尝试 1/3): 403 Client Error: Forbidden for url: https://image.huyajs.com/cover/48646e3ac5ed3ef7bb2a82b1b72e4186.jpg
2026-08-08 17:00:23,790 - ERROR - 请求失败 (尝试 2/3): 403 Client Error: Forbidden for url: https://image.huyajs.com/cover/48646e3ac5ed3ef7bb2a82b1b72e4186.jpg
2026-08-08 17:00:28,855 - ERROR - 请求失败 (尝试 3/3): 403 Client Error: Forbidden for url: https://image.huyajs.com/cover/48646e3ac5ed3ef7bb2a82b1b72e4186.jpg
2026-08-08 17:00:28,856 - ERROR - 封面图片下载失败: 封面图片下载失败
2026-08-08 17:00:33,460 - ERROR - 请求失败 (尝试 1/3): 403 Client Error: Forbidden for url: https://image.huyajs.com/cover/cc1272e80edbb3891f343d5a45b53995.jpg
2026-08-08 17:00:38,690 - ERROR - 请求失败 (尝试 2/3): 403 Client Error: Forbidden for url: https://image.huyajs.com/cover/cc1272e80edbb3891f343d5a45b53995.jpg
2026-08-08 17:00:43,748 - ERROR - 请求失败 (尝试 3/3): 403 Client Error: Forbidden for url: https://image.huyajs.com/cover/cc1272e80edbb3891f343d5a45b53995.jpg
2026-08-08 17:00:43,749 - ERROR - 封面图片下载失败: 封面图片下载失败
2026-08-08 17:00:48,449 - ERROR - 请求失败 (尝试 1/3): 403 Client Error: Forbidden for url: https://image.huyajs.com/cover/633e8b23304a7316d31be05def309a93.jpg
2026-08-08 17:00:53,509 - ERROR - 请求失败 (尝试 2/3): 403 Client Error: Forbidden for url: https://image.huyajs.com/cover/633e8b23304a7316d31be05def309a93.jpg
2026-08-08 17:00:58,571 - ERROR - 请求失败 (尝试 3/3): 403 Client Error: Forbidden for url: https://image.huyajs.com/cover/633e8b23304a7316d31be05def309a93.jpg
2026-08-08 17:00:58,572 - ERROR - 封面图片下载失败: 封面图片下载失败
2026-08-08 17:01:01,174 - ERROR - 请求失败 (尝试 1/3): 403 Client Error: Forbidden for url: https://image.huyajs.com/cover/54cf54fbd0cc876f60ad3fb6ed7b8f4a.jpg
2026-08-08 17:01:06,234 - ERROR - 请求失败 (尝试 2/3): 403 Client Error: Forbidden for url: https://image.huyajs.com/cover/54cf54fbd0cc876f60ad3fb6ed7b8f4a.jpg
2026-08-08 17:01:11,293 - ERROR - 请求失败 (尝试 3/3): 403 Client Error: Forbidden for url: https://image.huyajs.com/cover/54cf54fbd0cc876f60ad3fb6ed7b8f4a.jpg
2026-08-08 17:01:11,294 - ERROR - 封面图片下载失败: 封面图片下载失败
2026-08-08 17:01:16,266 - ERROR - 请求失败 (尝试 1/3): 403 Client Error: Forbidden for url: https://image.huyajs.com/cover/3cd02137888156e172b67126263e1d40.jpg
2026-08-08 17:01:21,325 - ERROR - 请求失败 (尝试 2/3): 403 Client Error: Forbidden for url: https://image.huyajs.com/cover/3cd02137888156e172b67126263e1d40.jpg
2026-08-08 17:01:26,409 - ERROR - 请求失败 (尝试 3/3): 403 Client Error: Forbidden for url: https://image.huyajs.com/cover/3cd02137888156e172b67126263e1d40.jpg
2026-08-08 17:01:26,409 - ERROR - 封面图片下载失败: 封面图片下载失败
2026-08-08 17:01:31,188 - ERROR - 请求失败 (尝试 1/3): 403 Client Error: Forbidden for url: https://image.huyajs.com/cover/60de3e1320094e0eae205daec43f283f.jpg
2026-08-08 17:01:36,247 - ERROR - 请求失败 (尝试 2/3): 403 Client Error: Forbidden for url: https://image.huyajs.com/cover/60de3e1320094e0eae205daec43f283f.jpg
2026-08-08 17:01:41,416 - ERROR - 请求失败 (尝试 3/3): 403 Client Error: Forbidden for url: https://image.huyajs.com/cover/60de3e1320094e0eae205daec43f283f.jpg
2026-08-08 17:01:41,417 - ERROR - 封面图片下载失败: 封面图片下载失败
2026-08-08 17:01:46,521 - ERROR - 请求失败 (尝试 1/3): 403 Client Error: Forbidden for url: https://image.huyajs.com/cover/29b99b6a16c3aa0cdba5cefc0a508cde.jpg
2026-08-08 17:01:51,582 - ERROR - 请求失败 (尝试 2/3): 403 Client Error: Forbidden for url: https://image.huyajs.com/cover/29b99b6a16c3aa0cdba5cefc0a508cde.jpg
2026-08-08 17:01:56,641 - ERROR - 请求失败 (尝试 3/3): 403 Client Error: Forbidden for url: https://image.huyajs.com/cover/29b99b6a16c3aa0cdba5cefc0a508cde.jpg
2026-08-08 17:01:56,642 - ERROR - 封面图片下载失败: 封面图片下载失败
2026-08-08 17:02:00,432 - ERROR - 请求失败 (尝试 1/3): 403 Client Error: Forbidden for url: https://image.huyajs.com/cover/24c718831b46f19e2230cca070990102.jpg
2026-08-08 17:02:05,490 - ERROR - 请求失败 (尝试 2/3): 403 Client Error: Forbidden for url: https://image.huyajs.com/cover/24c718831b46f19e2230cca070990102.jpg
2026-08-08 17:02:10,550 - ERROR - 请求失败 (尝试 3/3): 403 Client Error: Forbidden for url: https://image.huyajs.com/cover/24c718831b46f19e2230cca070990102.jpg
2026-08-08 17:02:10,551 - ERROR - 封面图片下载失败: 封面图片下载失败
2026-08-08 17:02:15,742 - ERROR - 请求失败 (尝试 1/3): 403 Client Error: Forbidden for url: https://image.huyajs.com/cover/a748b0f805a85bf57453a02848543abd.jpg
2026-08-08 17:02:20,800 - ERROR - 请求失败 (尝试 2/3): 403 Client Error: Forbidden for url: https://image.huyajs.com/cover/a748b0f805a85bf57453a02848543abd.jpg
2026-08-08 17:02:25,860 - ERROR - 请求失败 (尝试 3/3): 403 Client Error: Forbidden for url: https://image.huyajs.com/cover/a748b0f805a85bf57453a02848543abd.jpg
2026-08-08 17:02:25,861 - ERROR - 封面图片下载失败: 封面图片下载失败
2026-08-08 17:02:30,689 - ERROR - 请求失败 (尝试 1/3): 403 Client Error: Forbidden for url: https://image.huyajs.com/cover/e3cf5953ccf1924fb2beba3c3517ae3c.jpg
2026-08-08 17:02:35,748 - ERROR - 请求失败 (尝试 2/3): 403 Client Error: Forbidden for url: https://image.huyajs.com/cover/e3cf5953ccf1924fb2beba3c3517ae3c.jpg
2026-08-08 17:02:40,809 - ERROR - 请求失败 (尝试 3/3): 403 Client Error: Forbidden for url: https://image.huyajs.com/cover/e3cf5953ccf1924fb2beba3c3517ae3c.jpg
2026-08-08 17:02:40,810 - ERROR - 封面图片下载失败: 封面图片下载失败
2026-08-08 17:02:44,700 - ERROR - 请求失败 (尝试 1/3): 403 Client Error: Forbidden for url: https://image.huyajs.com/cover/b7481497ac4d62e47bd9fb8e6aa6b45a.jpg
2026-08-08 17:02:49,760 - ERROR - 请求失败 (尝试 2/3): 403 Client Error: Forbidden for url: https://image.huyajs.com/cover/b7481497ac4d62e47bd9fb8e6aa6b45a.jpg
2026-08-08 17:02:54,824 - ERROR - 请求失败 (尝试 3/3): 403 Client Error: Forbidden for url: https://image.huyajs.com/cover/b7481497ac4d62e47bd9fb8e6aa6b45a.jpg
2026-08-08 17:02:54,825 - ERROR - 封面图片下载失败: 封面图片下载失败
2026-08-08 17:02:59,327 - ERROR - 请求失败 (尝试 1/3): 403 Client Error: Forbidden for url: https://image.huyajs.com/cover/6b8171ffa4f379957777ad08f82f95d1.jpg
2026-08-08 17:03:04,387 - ERROR - 请求失败 (尝试 2/3): 403 Client Error: Forbidden for url: https://image.huyajs.com/cover/6b8171ffa4f379957777ad08f82f95d1.jpg
2026-08-08 17:03:09,522 - ERROR - 请求失败 (尝试 3/3): 403 Client Error: Forbidden for url: https://image.huyajs.com/cover/6b8171ffa4f379957777ad08f82f95d1.jpg
2026-08-08 17:03:09,523 - ERROR - 封面图片下载失败: 封面图片下载失败
2026-08-08 17:03:14,100 - ERROR - 请求失败 (尝试 1/3): 403 Client Error: Forbidden for url: https://image.huyajs.com/cover/46f24b3ca19d1be372338d68297d4b3e.jpg
2026-08-08 17:03:19,210 - ERROR - 请求失败 (尝试 2/3): 403 Client Error: Forbidden for url: https://image.huyajs.com/cover/46f24b3ca19d1be372338d68297d4b3e.jpg
2026-08-08 17:03:24,416 - ERROR - 请求失败 (尝试 3/3): 403 Client Error: Forbidden for url: https://image.huyajs.com/cover/46f24b3ca19d1be372338d68297d4b3e.jpg
2026-08-08 17:03:24,417 - ERROR - 封面图片下载失败: 封面图片下载失败
2026-08-08 17:03:29,652 - ERROR - 请求失败 (尝试 1/3): 403 Client Error: Forbidden for url: https://image.huyajs.com/cover/c27cb23505909f5be3ee46fa7a10646a.jpg
2026-08-08 17:03:34,763 - ERROR - 请求失败 (尝试 2/3): 403 Client Error: Forbidden for url: https://image.huyajs.com/cover/c27cb23505909f5be3ee46fa7a10646a.jpg
2026-08-08 17:03:40,012 - ERROR - 请求失败 (尝试 3/3): 403 Client Error: Forbidden for url: https://image.huyajs.com/cover/c27cb23505909f5be3ee46fa7a10646a.jpg
2026-08-08 17:03:40,013 - ERROR - 封面图片下载失败: 封面图片下载失败
2026-08-08 17:03:44,928 - ERROR - 请求失败 (尝试 1/3): 403 Client Error: Forbidden for url: https://image.huyajs.com/cover/a26b91adb4e9b4f4af9f596c73319ce6.jpg
2026-08-08 17:03:49,986 - ERROR - 请求失败 (尝试 2/3): 403 Client Error: Forbidden for url: https://image.huyajs.com/cover/a26b91adb4e9b4f4af9f596c73319ce6.jpg
2026-08-08 17:03:55,190 - ERROR - 请求失败 (尝试 3/3): 403 Client Error: Forbidden for url: https://image.huyajs.com/cover/a26b91adb4e9b4f4af9f596c73319ce6.jpg
2026-08-08 17:03:55,191 - ERROR - 封面图片下载失败: 封面图片下载失败
2026-08-08 17:04:00,410 - ERROR - 请求失败 (尝试 1/3): 403 Client Error: Forbidden for url: https://image.huyajs.com/cover/e8a48c5f43f63a2f1a4ca23175b76436.jpg
2026-08-08 17:04:05,472 - ERROR - 请求失败 (尝试 2/3): 403 Client Error: Forbidden for url: https://image.huyajs.com/cover/e8a48c5f43f63a2f1a4ca23175b76436.jpg
2026-08-08 17:04:10,536 - ERROR - 请求失败 (尝试 3/3): 403 Client Error: Forbidden for url: https://image.huyajs.com/cover/e8a48c5f43f63a2f1a4ca23175b76436.jpg
2026-08-08 17:04:10,537 - ERROR - 封面图片下载失败: 封面图片下载失败
2026-08-08 17:04:14,080 - ERROR - 请求失败 (尝试 1/3): 403 Client Error: Forbidden for url: https://image.huyajs.com/cover/ba48e3bddfd8b7160acdedcad3055780.jpg
2026-08-08 17:04:19,140 - ERROR - 请求失败 (尝试 2/3): 403 Client Error: Forbidden for url: https://image.huyajs.com/cover/ba48e3bddfd8b7160acdedcad3055780.jpg
2026-08-08 17:04:24,198 - ERROR - 请求失败 (尝试 3/3): 403 Client Error: Forbidden for url: https://image.huyajs.com/cover/ba48e3bddfd8b7160acdedcad3055780.jpg
2026-08-08 17:04:24,199 - ERROR - 封面图片下载失败: 封面图片下载失败
2026-08-08 17:04:29,083 - ERROR - 请求失败 (尝试 1/3): 403 Client Error: Forbidden for url: https://image.huyajs.com/cover/24dc76a04ac91090244418763e1e1d2a.jpg
2026-08-08 17:04:34,143 - ERROR - 请求失败 (尝试 2/3): 403 Client Error: Forbidden for url: https://image.huyajs.com/cover/24dc76a04ac91090244418763e1e1d2a.jpg
2026-08-08 17:04:39,202 - ERROR - 请求失败 (尝试 3/3): 403 Client Error: Forbidden for url: https://image.huyajs.com/cover/24dc76a04ac91090244418763e1e1d2a.jpg
2026-08-08 17:04:39,203 - ERROR - 封面图片下载失败: 封面图片下载失败
2026-08-08 17:04:42,810 - ERROR - 请求失败 (尝试 1/3): 403 Client Error: Forbidden for url: https://image.huyajs.com/cover/6293b86288dc2a0ba9e05086222f4e87.jpg
2026-08-08 17:04:47,870 - ERROR - 请求失败 (尝试 2/3): 403 Client Error: Forbidden for url: https://image.huyajs.com/cover/6293b86288dc2a0ba9e05086222f4e87.jpg
2026-08-08 17:04:52,929 - ERROR - 请求失败 (尝试 3/3): 403 Client Error: Forbidden for url: https://image.huyajs.com/cover/6293b86288dc2a0ba9e05086222f4e87.jpg
2026-08-08 17:04:52,930 - ERROR - 封面图片下载失败: 封面图片下载失败
2026-08-08 17:04:57,038 - ERROR - 请求失败 (尝试 1/3): 403 Client Error: Forbidden for url: https://image.huyajs.com/cover/983cf4f0684d41c583823f2446e52bf7.jpg
2026-08-08 17:05:02,097 - ERROR - 请求失败 (尝试 2/3): 403 Client Error: Forbidden for url: https://image.huyajs.com/cover/983cf4f0684d41c583823f2446e52bf7.jpg
2026-08-08 17:05:07,158 - ERROR - 请求失败 (尝试 3/3): 403 Client Error: Forbidden for url: https://image.huyajs.com/cover/983cf4f0684d41c583823f2446e52bf7.jpg
2026-08-08 17:05:07,159 - ERROR - 封面图片下载失败: 封面图片下载失败
2026-08-08 17:05:12,319 - ERROR - 请求失败 (尝试 1/3): 403 Client Error: Forbidden for url: https://image.huyajs.com/cover/b7481497ac4d62e47bd9fb8e6aa6b45a.jpg
2026-08-08 17:05:17,380 - ERROR - 请求失败 (尝试 2/3): 403 Client Error: Forbidden for url: https://image.huyajs.com/cover/b7481497ac4d62e47bd9fb8e6aa6b45a.jpg
2026-08-08 17:05:22,441 - ERROR - 请求失败 (尝试 3/3): 403 Client Error: Forbidden for url: https://image.huyajs.com/cover/b7481497ac4d62e47bd9fb8e6aa6b45a.jpg
2026-08-08 17:05:22,442 - ERROR - 封面图片下载失败: 封面图片下载失败
2026-10-02 20:35:15,587 - ERROR - 请求失败 (尝试 1/3): 403 Client Error: Forbidden for url: https://image.huyajs.com/cover/eb5cd76927e1363add49f86da6cab437.jpg
2026-10-02 20:35:20,821 - ERROR - 请求失败 (尝试 2/3): 403 Client Error: Forbidden for url: https://image.huyajs.com/cover/eb5cd76927e1363add49f86da6cab437.jpg
2026-10-02 20:35:26,004 - ERROR - 请求失败 (尝试 3/3): 403 Client Error: Forbidden for url: https://image.huyajs.com/cover/eb5cd76927e1363add49f86da6cab437.jpg
2026-10-02 20:35:26,005 - ERROR - 封面图片下载失败: 封面图片下载失败
2026-10-02 20:35:30,784 - ERROR - 请求失败 (尝试 1/3): 403 Client Error: Forbidden for url: https://image.huyajs.com/cover/bfaeb0ee5a41baa95b88e78c0a03bcb6.jpg
2026-10-02 20:35:36,134 - ERROR - 请求失败 (尝试 2/3): 403 Client Error: Forbidden for url: https://image.huyajs.com/cover/bfaeb0ee5a41baa95b88e78c0a03bcb6.jpg
2026-10-02 20:35:41,314 - ERROR - 请求失败 (尝试 3/3): 403 Client Error: Forbidden for url: https://image.huyajs.com/cover/bfaeb0ee5a41baa95b88e78c0a03bcb6.jpg
2026-10-02 20:35:41,315 - ERROR - 封面图片下载失败: 封面图片下载失败
2026-10-02 20:35:44,208 - ERROR - 请求失败 (尝试 1/3): 403 Client Error: Forbidden for url: https://image.huyajs.com/cover/ee3fe9a00ceb01b5fbeee331b31dc23d.jpg
2026-10-02 20:35:49,445 - ERROR - 请求失败 (尝试 2/3): 403 Client Error: Forbidden for url: https://image.huyajs.com/cover/ee3fe9a00ceb01b5fbeee331b31dc23d.jpg
2026-10-02 20:35:54,629 - ERROR - 请求失败 (尝试 3/3): 403 Client Error: Forbidden for url: https://image.huyajs.com/cover/ee3fe9a00ceb01b5fbeee331b31dc23d.jpg
2026-10-02 20:35:54,630 - ERROR - 封面图片下载失败: 封面图片下载失败
2026-10-02 20:35:57,307 - ERROR - 请求失败 (尝试 1/3): 403 Client Error: Forbidden for url: https://image.huyajs.com/cover/7d35406dc4780516573e05300e0be62e.jpg
2026-10-02 20:36:02,567 - ERROR - 请求失败 (尝试 2/3): 403 Client Error: Forbidden for url: https://image.huyajs.com/cover/7d35406dc4780516573e05300e0be62e.jpg
2026-10-02 20:36:07,763 - ERROR - 请求失败 (尝试 3/3): 403 Client Error: Forbidden for url: https://image.huyajs.com/cover/7d35406dc4780516573e05300e0be62e.jpg
2026-10-02 20:36:07,764 - ERROR - 封面图片下载失败: 封面图片下载失败
2026-10-02 20:36:10,632 - ERROR - 请求失败 (尝试 1/3): 403 Client Error: Forbidden for url: https://image.huyajs.com/cover/8daee3f0920e09d1d974db673eec47ec.jpg
2026-10-02 20:36:15,893 - ERROR - 请求失败 (尝试 2/3): 403 Client Error: Forbidden for url: https://image.huyajs.com/cover/8daee3f0920e09d1d974db673eec47ec.jpg
2026-10-02 20:36:21,120 - ERROR - 请求失败 (尝试 3/3): 403 Client Error: Forbidden for url: https://image.huyajs.com/cover/8daee3f0920e09d1d974db673eec47ec.jpg
2026-10-02 20:36:21,121 - ERROR - 封面图片下载失败: 封面图片下载失败
2026-10-02 20:36:24,616 - ERROR - 请求失败 (尝试 1/3): 403 Client Error: Forbidden for url: https://image.huyajs.com/cover/7884526f146dccf95b3ccf58c82a7374.jpg
2026-10-02 20:36:29,805 - ERROR - 请求失败 (尝试 2/3): 403 Client Error: Forbidden for url: https://image.huyajs.com/cover/7884526f146dccf95b3ccf58c82a7374.jpg
2026-10-02 20:36:35,079 - ERROR - 请求失败 (尝试 3/3): 403 Client Error: Forbidden for url: https://image.huyajs.com/cover/7884526f146dccf95b3ccf58c82a7374.jpg
2026-10-02 20:36:35,080 - ERROR - 封面图片下载失败: 封面图片下载失败
2026-10-02 20:36:38,706 - ERROR - 请求失败 (尝试 1/3): 403 Client Error: Forbidden for url: https://image.huyajs.com/cover/9ba04fa727ba41652caaa26f04cf497e.jpg
2026-10-02 20:36:43,905 - ERROR - 请求失败 (尝试 2/3): 403 Client Error: Forbidden for url: https://image.huyajs.com/cover/9ba04fa727ba41652caaa26f04cf497e.jpg
2026-10-02 20:36:49,085 - ERROR - 请求失败 (尝试 3/3): 403 Client Error: Forbidden for url: https://image.huyajs.com/cover/9ba04fa727ba41652caaa26f04cf497e.jpg
2026-10-02 20:36:49,086 - ERROR - 封面图片下载失败: 封面图片下载失败
2026-10-02 20:36:53,285 - ERROR - 请求失败 (尝试 1/3): 403 Client Error: Forbidden for url: https://image.huyajs.com/cover/0ab7fc247d391d461677393dadaf9b78.jpg
2026-10-02 20:36:58,469 - ERROR - 请求失败 (尝试 2/3): 403 Client Error: Forbidden for url: https://image.huyajs.com/cover/0ab7fc247d391d461677393dadaf9b78.jpg
2026-10-02 20:37:03,973 - ERROR - 请求失败 (尝试 3/3): 403 Client Error: Forbidden for url: https://image.huyajs.com/cover/0ab7fc247d391d461677393dadaf9b78.jpg
2026-10-02 20:37:03,974 - ERROR - 封面图片下载失败: 封面图片下载失败
2026-10-02 20:37:08,110 - ERROR - 请求失败 (尝试 1/3): 403 Client Error: Forbidden for url: https://image.huyajs.com/cover/748dd3b7086b2bb4e4984e40dd03f817.jpg
2026-10-02 20:37:13,299 - ERROR - 请求失败 (尝试 2/3): 403 Client Error: Forbidden for url: https://image.huyajs.com/cover/748dd3b7086b2bb4e4984e40dd03f817.jpg
2026-10-02 20:37:18,491 - ERROR - 请求失败 (尝试 3/3): 403 Client Error: Forbidden for url: https://image.huyajs.com/cover/748dd3b7086b2bb4e4984e40dd03f817.jpg
2026-10-02 20:37:18,492 - ERROR - 封面图片下载失败: 封面图片下载失败
2026-10-02 20:37:23,177 - ERROR - 请求失败 (尝试 1/3): 403 Client Error: Forbidden for url: https://image.huyajs.com/cover/7061e3bbcfd7d67f2830655b448cacf6.jpg
2026-10-02 20:37:28,373 - ERROR - 请求失败 (尝试 2/3): 403 Client Error: Forbidden for url: https://image.huyajs.com/cover/7061e3bbcfd7d67f2830655b448cacf6.jpg
2026-10-02 20:37:33,559 - ERROR - 请求失败 (尝试 3/3): 403 Client Error: Forbidden for url: https://image.huyajs.com/cover/7061e3bbcfd7d67f2830655b448cacf6.jpg
2026-10-02 20:37:33,560 - ERROR - 封面图片下载失败: 封面图片下载失败
2026-10-02 20:37:36,904 - ERROR - 请求失败 (尝试 1/3): 403 Client Error: Forbidden for url: https://image.huyajs.com/cover/4ac9f92e3a113e08be6ea8bb19232ac9.jpg
2026-10-02 20:37:42,084 - ERROR - 请求失败 (尝试 2/3): 403 Client Error: Forbidden for url: https://image.huyajs.com/cover/4ac9f92e3a113e08be6ea8bb19232ac9.jpg
2026-10-02 20:37:47,267 - ERROR - 请求失败 (尝试 3/3): 403 Client Error: Forbidden for url: https://image.huyajs.com/cover/4ac9f92e3a113e08be6ea8bb19232ac9.jpg
2026-10-02 20:37:47,268 - ERROR - 封面图片下载失败: 封面图片下载失败
2026-10-02 20:37:51,250 - ERROR - 请求失败 (尝试 1/3): 403 Client Error: Forbidden for url: https://image.huyajs.com/cover/406e049b2f3585064598b37495da8e2a.jpg
2026-10-02 20:37:56,439 - ERROR - 请求失败 (尝试 2/3): 403 Client Error: Forbidden for url: https://image.huyajs.com/cover/406e049b2f3585064598b37495da8e2a.jpg
2026-10-02 20:38:01,626 - ERROR - 请求失败 (尝试 3/3): 403 Client Error: Forbidden for url: https://image.huyajs.com/cover/406e049b2f3585064598b37495da8e2a.jpg
2026-10-02 20:38:01,627 - ERROR - 封面图片下载失败: 封面图片下载失败
2026-10-02 20:38:06,223 - ERROR - 请求失败 (尝试 1/3): 403 Client Error: Forbidden for url: https://image.huyajs.com/cover/e2f522f1c68c7336f56bb2f9524df188.jpg
2026-10-02 20:38:11,411 - ERROR - 请求失败 (尝试 2/3): 403 Client Error: Forbidden for url: https://image.huyajs.com/cover/e2f522f1c68c7336f56bb2f9524df188.jpg
2026-10-02 20:38:16,595 - ERROR - 请求失败 (尝试 3/3): 403 Client Error: Forbidden for url: https://image.huyajs.com/cover/e2f522f1c68c7336f56bb2f9524df188.jpg
2026-10-02 20:38:16,596 - ERROR - 封面图片下载失败: 封面图片下载失败
2026-10-02 20:38:19,506 - ERROR - 请求失败 (尝试 1/3): 403 Client Error: Forbidden for url: https://image.huyajs.com/cover/4358b34290de9fb2a4b9a1f99df07be2.jpg
2026-10-02 20:38:24,694 - ERROR - 请求失败 (尝试 2/3): 403 Client Error: Forbidden for url: https://image.huyajs.com/cover/4358b34290de9fb2a4b9a1f99df07be2.jpg
2026-10-02 20:38:29,883 - ERROR - 请求失败 (尝试 3/3): 403 Client Error: Forbidden for url: https://image.huyajs.com/cover/4358b34290de9fb2a4b9a1f99df07be2.jpg
2026-10-02 20:38:29,884 - ERROR - 封面图片下载失败: 封面图片下载失败
2026-10-02 20:38:33,991 - ERROR - 请求失败 (尝试 1/3): 403 Client Error: Forbidden for url: https://image.huyajs.com/cover/97a5ec114ef6e396d85595fef1e56e3a.jpg
2026-10-02 20:38:39,184 - ERROR - 请求失败 (尝试 2/3): 403 Client Error: Forbidden for url: https://image.huyajs.com/cover/97a5ec114ef6e396d85595fef1e56e3a.jpg
2026-10-02 20:38:44,367 - ERROR - 请求失败 (尝试 3/3): 403 Client Error: Forbidden for url: https://image.huyajs.com/cover/97a5ec114ef6e396d85595fef1e56e3a.jpg
2026-10-02 20:38:44,368 - ERROR - 封面图片下载失败: 封面图片下载失败
2026-10-02 20:38:47,731 - ERROR - 请求失败 (尝试 1/3): 403 Client Error: Forbidden for url: https://image.huyajs.com/cover/20ca001aa8489fb14825246b581d0793.jpg
2026-10-02 20:38:52,915 - ERROR - 请求失败 (尝试 2/3): 403 Client Error: Forbidden for url: https://image.huyajs.com/cover/20ca001aa8489fb14825246b581d0793.jpg
2026-10-02 20:38:58,102 - ERROR - 请求失败 (尝试 3/3): 403 Client Error: Forbidden for url: https://image.huyajs.com/cover/20ca001aa8489fb14825246b581d0793.jpg
2026-10-02 20:38:58,103 - ERROR - 封面图片下载失败: 封面图片下载失败
2026-10-02 20:39:00,691 - ERROR - 请求失败 (尝试 1/3): 403 Client Error: Forbidden for url: https://image.huyajs.com/cover/047f25ce6a0ad2031887e573c86a5b1a.jpg
2026-10-02 20:39:05,876 - ERROR - 请求失败 (尝试 2/3): 403 Client Error: Forbidden for url: https://image.huyajs.com/cover/047f25ce6a0ad2031887e573c86a5b1a.jpg
2026-10-02 20:39:11,065 - ERROR - 请求失败 (尝试 3/3): 403 Client Error: Forbidden for url: https://image.huyajs.com/cover/047f25ce6a0ad2031887e573c86a5b1a.jpg
2026-10-02 20:39:11,066 - ERROR - 封面图片下载失败: 封面图片下载失败
2026-10-02 20:39:15,926 - ERROR - 请求失败 (尝试 1/3): 403 Client Error: Forbidden for url: https://image.huyajs.com/cover/854b29f0b09d28dc0bf8bd539745e052.jpg
2026-10-02 20:39:21,107 - ERROR - 请求失败 (尝试 2/3): 403 Client Error: Forbidden for url: https://image.huyajs.com/cover/854b29f0b09d28dc0bf8bd539745e052.jpg
2026-10-02 20:39:26,295 - ERROR - 请求失败 (尝试 3/3): 403 Client Error: Forbidden for url: https://image.huyajs.com/cover/854b29f0b09d28dc0bf8bd539745e052.jpg
2026-10-02 20:39:26,296 - ERROR - 封面图片下载失败: 封面图片下载失败
2026-10-02 20:39:29,251 - ERROR - 请求失败 (尝试 1/3): 403 Client Error: Forbidden for url: https://image.huyajs.com/cover/86c0642135bc64806f5105547c052fc9.jpg
2026-10-02 20:39:34,437 - ERROR - 请求失败 (尝试 2/3): 403 Client Error: Forbidden for url: https://image.huyajs.com/cover/86c0642135bc64806f5105547c052fc9.jpg
2026-10-02 20:39:39,620 - ERROR - 请求失败 (尝试 3/3): 403 Client Error: Forbidden for url: https://image.huyajs.com/cover/86c0642135bc64806f5105547c052fc9.jpg
2026-10-02 20:39:39,621 - ERROR - 封面图片下载失败: 封面图片下载失败
2026-10-02 20:39:42,911 - ERROR - 请求失败 (尝试 1/3): 403 Client Error: Forbidden for url: https://image.huyajs.com/cover/243c73c82e8ca80fdc4b642de846d545.jpg
2026-10-02 20:39:48,091 - ERROR - 请求失败 (尝试 2/3): 403 Client Error: Forbidden for url: https://image.huyajs.com/cover/243c73c82e8ca80fdc4b642de846d545.jpg
2026-10-02 20:39:53,277 - ERROR - 请求失败 (尝试 3/3): 403 Client Error: Forbidden for url: https://image.huyajs.com/cover/243c73c82e8ca80fdc4b642de846d545.jpg
2026-10-02 20:39:53,278 - ERROR - 封面图片下载失败: 封面图片下载失败
2026-10-02 20:39:57,822 - ERROR - 请求失败 (尝试 1/3): 403 Client Error: Forbidden for url: https://image.huyajs.com/cover/809837deab4565d26b7fa6ddc5068f9d.jpg
2026-10-02 20:40:03,010 - ERROR - 请求失败 (尝试 2/3): 403 Client Error: Forbidden for url: https://image.huyajs.com/cover/809837deab4565d26b7fa6ddc5068f9d.jpg
2026-10-02 20:40:08,196 - ERROR - 请求失败 (尝试 3/3): 403 Client Error: Forbidden for url: https://image.huyajs.com/cover/809837deab4565d26b7fa6ddc5068f9d.jpg
2026-10-02 20:40:08,197 - ERROR - 封面图片下载失败: 封面图片下载失败
2026-10-02 20:40:11,367 - ERROR - 请求失败 (尝试 1/3): 403 Client Error: Forbidden for url: https://image.huyajs.com/cover/628433a6f94c0cb21931a6322dcff167.jpg
2026-10-02 20:40:16,559 - ERROR - 请求失败 (尝试 2/3): 403 Client Error: Forbidden for url: https://image.huyajs.com/cover/628433a6f94c0cb21931a6322dcff167.jpg
2026-10-02 20:40:21,809 - ERROR - 请求失败 (尝试 3/3): 403 Client Error: Forbidden for url: https://image.huyajs.com/cover/628433a6f94c0cb21931a6322dcff167.jpg
2026-10-02 20:40:21,810 - ERROR - 封面图片下载失败: 封面图片下载失败
2026-10-02 20:40:27,415 - ERROR - 请求失败 (尝试 1/3): 403 Client Error: Forbidden for url: https://image.huyajs.com/cover/d2c6571c425b36af3cc01ffe48c2364a.jpg
2026-10-02 20:40:32,650 - ERROR - 请求失败 (尝试 2/3): 403 Client Error: Forbidden for url: https://image.huyajs.com/cover/d2c6571c425b36af3cc01ffe48c2364a.jpg
2026-10-02 20:40:37,834 - ERROR - 请求失败 (尝试 3/3): 403 Client Error: Forbidden for url: https://image.huyajs.com/cover/d2c6571c425b36af3cc01ffe48c2364a.jpg
2026-10-02 20:40:37,835 - ERROR - 封面图片下载失败: 封面图片下载失败
2026-10-02 20:40:40,348 - ERROR - 请求失败 (尝试 1/3): 403 Client Error: Forbidden for url: https://image.huyajs.com/cover/6834356a80c942d4cae1eda95221cb81.jpg
2026-10-02 20:40:45,624 - ERROR - 请求失败 (尝试 2/3): 403 Client Error: Forbidden for url: https://image.huyajs.com/cover/6834356a80c942d4cae1eda95221cb81.jpg
2026-10-02 20:40:50,881 - ERROR - 请求失败 (尝试 3/3): 403 Client Error: Forbidden for url: https://image.huyajs.com/cover/6834356a80c942d4cae1eda95221cb81.jpg
2026-10-02 20:40:50,882 - ERROR - 封面图片下载失败: 封面图片下载失败
2026-10-02 20:40:55,490 - ERROR - 请求失败 (尝试 1/3): 403 Client Error: Forbidden for url: https://image.huyajs.com/cover/893c9483e4e4645d8dd91342c128cdbe.jpg
2026-10-02 20:41:00,681 - ERROR - 请求失败 (尝试 2/3): 403 Client Error: Forbidden for url: https://image.huyajs.com/cover/893c9483e4e4645d8dd91342c128cdbe.jpg
2026-10-02 20:41:05,868 - ERROR - 请求失败 (尝试 3/3): 403 Client Error: Forbidden for url: https://image.huyajs.com/cover/893c9483e4e4645d8dd91342c128cdbe.jpg
2026-10-02 20:41:05,869 - ERROR - 封面图片下载失败: 封面图片下载失败
2026-10-02 20:41:09,273 - ERROR - 请求失败 (尝试 1/3): 403 Client Error: Forbidden for url: https://image.huyajs.com/cover/0c6375950ad0aa87234bc1aa8ce096df.jpg
2026-10-02 20:41:14,458 - ERROR - 请求失败 (尝试 2/3): 403 Client Error: Forbidden for url: https://image.huyajs.com/cover/0c6375950ad0aa87234bc1aa8ce096df.jpg
2026-10-02 20:41:19,654 - ERROR - 请求失败 (尝试 3/3): 403 Client Error: Forbidden for url: https://image.huyajs.com/cover/0c6375950ad0aa87234bc1aa8ce096df.jpg
2026-10-02 20:41:19,655 - ERROR - 封面图片下载失败: 封面图片下载失败
2026-10-02 20:41:22,526 - ERROR - 请求失败 (尝试 1/3): 403 Client Error: Forbidden for url: https://image.huyajs.com/cover/a5db9511167ff953ebd55f453004abc8.jpg
2026-10-02 20:41:27,783 - ERROR - 请求失败 (尝试 2/3): 403 Client Error: Forbidden for url: https://image.huyajs.com/cover/a5db9511167ff953ebd55f453004abc8.jpg
2026-10-02 20:41:32,979 - ERROR - 请求失败 (尝试 3/3): 403 Client Error: Forbidden for url: https://image.huyajs.com/cover/a5db9511167ff953ebd55f453004abc8.jpg
2026-10-02 20:41:32,980 - ERROR - 封面图片下载失败: 封面图片下载失败
2026-10-02 20:41:35,727 - ERROR - 请求失败 (尝试 1/3): 403 Client Error: Forbidden for url: https://image.huyajs.com/cover/5c4120cbfef514000c734bda5820290c.jpg
2026-10-02 20:41:40,912 - ERROR - 请求失败 (尝试 2/3): 403 Client Error: Forbidden for url: https://image.huyajs.com/cover/5c4120cbfef514000c734bda5820290c.jpg
2026-10-02 20:41:46,101 - ERROR - 请求失败 (尝试 3/3): 403 Client Error: Forbidden for url: https://image.huyajs.com/cover/5c4120cbfef514000c734bda5820290c.jpg
2026-10-02 20:41:46,102 - ERROR - 封面图片下载失败: 封面图片下载失败
2026-10-02 20:41:49,689 - ERROR - 请求失败 (尝试 1/3): 403 Client Error: Forbidden for url: https://image.huyajs.com/cover/2f49a8356e755a4c57432fdac4a3030b.jpg
2026-10-02 20:41:54,920 - ERROR - 请求失败 (尝试 2/3): 403 Client Error: Forbidden for url: https://image.huyajs.com/cover/2f49a8356e755a4c57432fdac4a3030b.jpg
2026-10-02 20:42:00,102 - ERROR - 请求失败 (尝试 3/3): 403 Client Error: Forbidden for url: https://image.huyajs.com/cover/2f49a8356e755a4c57432fdac4a3030b.jpg
2026-10-02 20:42:00,103 - ERROR - 封面图片下载失败: 封面图片下载失败
2026-10-02 20:42:03,673 - ERROR - 请求失败 (尝试 1/3): 403 Client Error: Forbidden for url: https://image.huyajs.com/cover/5ed0be272550e6744f95787740587cee.jpg
2026-10-02 20:42:08,870 - ERROR - 请求失败 (尝试 2/3): 403 Client Error: Forbidden for url: https://image.huyajs.com/cover/5ed0be272550e6744f95787740587cee.jpg
2026-10-02 20:42:14,058 - ERROR - 请求失败 (尝试 3/3): 403 Client Error: Forbidden for url: https://image.huyajs.com/cover/5ed0be272550e6744f95787740587cee.jpg
2026-10-02 20:42:14,059 - ERROR - 封面图片下载失败: 封面图片下载失败
2026-10-02 20:42:17,082 - ERROR - 请求失败 (尝试 1/3): 403 Client Error: Forbidden for url: https://image.huyajs.com/cover/ea1f901d18c2ec1083053ba1e243c737.jpg
2026-10-02 20:42:22,267 - ERROR - 请求失败 (尝试 2/3): 403 Client Error: Forbidden for url: https://image.huyajs.com/cover/ea1f901d18c2ec1083053ba1e243c737.jpg
2026-10-02 20:42:27,449 - ERROR - 请求失败 (尝试 3/3): 403 Client Error: Forbidden for url: https://image.huyajs.com/cover/ea1f901d18c2ec1083053ba1e243c737.jpg
2026-10-02 20:42:27,450 - ERROR - 封面图片下载失败: 封面图片下载失败
2026-10-02 20:42:30,798 - ERROR - 请求失败 (尝试 1/3): 403 Client Error: Forbidden for url: https://image.huyajs.com/cover/ce09cc91b2ae68beb950cde6b1c3ca10.jpg
2026-10-02 20:42:35,980 - ERROR - 请求失败 (尝试 2/3): 403 Client Error: Forbidden for url: https://image.huyajs.com/cover/ce09cc91b2ae68beb950cde6b1c3ca10.jpg
2026-10-02 20:42:41,161 - ERROR - 请求失败 (尝试 3/3): 403 Client Error: Forbidden for url: https://image.huyajs.com/cover/ce09cc91b2ae68beb950cde6b1c3ca10.jpg
2026-10-02 20:42:41,162 - ERROR - 封面图片下载失败: 封面图片下载失败
2026-10-02 20:42:45,957 - ERROR - 请求失败 (尝试 1/3): 403 Client Error: Forbidden for url: https://image.huyajs.com/cover/af51d242a662ad2b921e57ce9d1c4771.jpg
2026-10-02 20:42:51,141 - ERROR - 请求失败 (尝试 2/3): 403 Client Error: Forbidden for url: https://image.huyajs.com/cover/af51d242a662ad2b921e57ce9d1c4771.jpg
2026-10-02 20:42:56,337 - ERROR - 请求失败 (尝试 3/3): 403 Client Error: Forbidden for url: https://image.huyajs.com/cover/af51d242a662ad2b921e57ce9d1c4771.jpg
2026-10-02 20:42:56,338 - ERROR - 封面图片下载失败: 封面图片下载失败
2026-10-02 20:42:59,218 - ERROR - 请求失败 (尝试 1/3): 403 Client Error: Forbidden for url: https://image.huyajs.com/cover/52a2eaa4181d764a87ee4761c15f5afc.jpg
2026-10-02 20:43:04,404 - ERROR - 请求失败 (尝试 2/3): 403 Client Error: Forbidden for url: https://image.huyajs.com/cover/52a2eaa4181d764a87ee4761c15f5afc.jpg
2026-10-02 20:43:09,594 - ERROR - 请求失败 (尝试 3/3): 403 Client Error: Forbidden for url: https://image.huyajs.com/cover/52a2eaa4181d764a87ee4761c15f5afc.jpg
2026-10-02 20:43:09,595 - ERROR - 封面图片下载失败: 封面图片下载失败
2026-10-02 20:43:13,828 - ERROR - 请求失败 (尝试 1/3): 403 Client Error: Forbidden for url: https://image.huyajs.com/cover/0fa31f4000f53c1a80a878e4607dc33c.jpg
2026-10-02 20:43:19,012 - ERROR - 请求失败 (尝试 2/3): 403 Client Error: Forbidden for url: https://image.huyajs.com/cover/0fa31f4000f53c1a80a878e4607dc33c.jpg
2026-10-02 20:43:24,198 - ERROR - 请求失败 (尝试 3/3): 403 Client Error: Forbidden for url: https://image.huyajs.com/cover/0fa31f4000f53c1a80a878e4607dc33c.jpg
2026-10-02 20:43:24,199 - ERROR - 封面图片下载失败: 封面图片下载失败
2026-10-02 20:43:27,010 - ERROR - 请求失败 (尝试 1/3): 403 Client Error: Forbidden for url: https://image.huyajs.com/cover/0ab5272275d1bc8042643ef8d5fca88f.jpg
2026-10-02 20:43:32,191 - ERROR - 请求失败 (尝试 2/3): 403 Client Error: Forbidden for url: https://image.huyajs.com/cover/0ab5272275d1bc8042643ef8d5fca88f.jpg
2026-10-02 20:43:37,374 - ERROR - 请求失败 (尝试 3/3): 403 Client Error: Forbidden for url: https://image.huyajs.com/cover/0ab5272275d1bc8042643ef8d5fca88f.jpg
2026-10-02 20:43:37,375 - ERROR - 封面图片下载失败: 封面图片下载失败
2026-10-02 20:43:41,691 - ERROR - 请求失败 (尝试 1/3): 403 Client Error: Forbidden for url: https://image.huyajs.com/cover/9b94b3d315d4b2938610de45b1265f21.jpg
2026-10-02 20:43:46,877 - ERROR - 请求失败 (尝试 2/3): 403 Client Error: Forbidden for url: https://image.huyajs.com/cover/9b94b3d315d4b2938610de45b1265f21.jpg
2026-10-02 20:43:52,064 - ERROR - 请求失败 (尝试 3/3): 403 Client Error: Forbidden for url: https://image.huyajs.com/cover/9b94b3d315d4b2938610de45b1265f21.jpg
2026-10-02 20:43:52,064 - ERROR - 封面图片下载失败: 封面图片下载失败
2026-10-02 20:43:57,214 - ERROR - 请求失败 (尝试 1/3): 403 Client Error: Forbidden for url: https://image.huyajs.com/cover/a098e41f026d8a5deb0c243f4120a958.jpg
2026-10-02 20:44:02,400 - ERROR - 请求失败 (尝试 2/3): 403 Client Error: Forbidden for url: https://image.huyajs.com/cover/a098e41f026d8a5deb0c243f4120a958.jpg
2026-10-02 20:44:07,591 - ERROR - 请求失败 (尝试 3/3): 403 Client Error: Forbidden for url: https://image.huyajs.com/cover/a098e41f026d8a5deb0c243f4120a958.jpg
2026-10-02 20:44:07,592 - ERROR - 封面图片下载失败: 封面图片下载失败
2026-10-02 20:44:12,664 - ERROR - 请求失败 (尝试 1/3): 403 Client Error: Forbidden for url: https://image.huyajs.com/cover/c843481f52d8eeb5c03a8cbbf48355d7.jpg
2026-10-02 20:44:17,847 - ERROR - 请求失败 (尝试 2/3): 403 Client Error: Forbidden for url: https://image.huyajs.com/cover/c843481f52d8eeb5c03a8cbbf48355d7.jpg
2026-10-02 20:44:23,069 - ERROR - 请求失败 (尝试 3/3): 403 Client Error: Forbidden for url: https://image.huyajs.com/cover/c843481f52d8eeb5c03a8cbbf48355d7.jpg
2026-10-02 20:44:23,070 - ERROR - 封面图片下载失败: 封面图片下载失败
2026-10-02 20:44:28,259 - ERROR - 请求失败 (尝试 1/3): 403 Client Error: Forbidden for url: https://image.huyajs.com/cover/ceb695c65998a34415a6eeb10362c26a.jpg
2026-10-02 20:44:33,469 - ERROR - 请求失败 (尝试 2/3): 403 Client Error: Forbidden for url: https://image.huyajs.com/cover/ceb695c65998a34415a6eeb10362c26a.jpg
2026-10-02 20:44:38,659 - ERROR - 请求失败 (尝试 3/3): 403 Client Error: Forbidden for url: https://image.huyajs.com/cover/ceb695c65998a34415a6eeb10362c26a.jpg
2026-10-02 20:44:38,660 - ERROR - 封面图片下载失败: 封面图片下载失败
2026-10-02 20:44:44,217 - ERROR - 请求失败 (尝试 1/3): 403 Client Error: Forbidden for url: https://image.huyajs.com/cover/238cded6b2966171e52be1ee183fb684.jpg
2026-10-02 20:44:49,400 - ERROR - 请求失败 (尝试 2/3): 403 Client Error: Forbidden for url: https://image.huyajs.com/cover/238cded6b2966171e52be1ee183fb684.jpg
2026-10-02 20:44:54,614 - ERROR - 请求失败 (尝试 3/3): 403 Client Error: Forbidden for url: https://image.huyajs.com/cover/238cded6b2966171e52be1ee183fb684.jpg
2026-10-02 20:44:54,615 - ERROR - 封面图片下载失败: 封面图片下载失败
2026-10-02 20:44:59,546 - ERROR - 请求失败 (尝试 1/3): 403 Client Error: Forbidden for url: https://image.huyajs.com/cover/538bb178cf73205573bf842c265f1a69.jpg
2026-10-02 20:45:04,731 - ERROR - 请求失败 (尝试 2/3): 403 Client Error: Forbidden for url: https://image.huyajs.com/cover/538bb178cf73205573bf842c265f1a69.jpg
2026-10-02 20:45:09,931 - ERROR - 请求失败 (尝试 3/3): 403 Client Error: Forbidden for url: https://image.huyajs.com/cover/538bb178cf73205573bf842c265f1a69.jpg
2026-10-02 20:45:09,932 - ERROR - 封面图片下载失败: 封面图片下载失败
2026-10-02 20:45:14,595 - ERROR - 请求失败 (尝试 1/3): 403 Client Error: Forbidden for url: https://image.huyajs.com/cover/df31a636d493b0e715a5978a1c873f64.jpg
2026-10-02 20:45:19,806 - ERROR - 请求失败 (尝试 2/3): 403 Client Error: Forbidden for url: https://image.huyajs.com/cover/df31a636d493b0e715a5978a1c873f64.jpg
2026-10-02 20:45:24,988 - ERROR - 请求失败 (尝试 3/3): 403 Client Error: Forbidden for url: https://image.huyajs.com/cover/df31a636d493b0e715a5978a1c873f64.jpg
2026-10-02 20:45:24,989 - ERROR - 封面图片下载失败: 封面图片下载失败
2026-10-02 20:45:30,118 - ERROR - 请求失败 (尝试 1/3): 403 Client Error: Forbidden for url: https://image.huyajs.com/cover/22ed291fcf6df13dd6af452b9f42f6da.jpg
2026-10-02 20:45:35,310 - ERROR - 请求失败 (尝试 2/3): 403 Client Error: Forbidden for url: https://image.huyajs.com/cover/22ed291fcf6df13dd6af452b9f42f6da.jpg
2026-10-02 20:45:40,502 - ERROR - 请求失败 (尝试 3/3): 403 Client Error: Forbidden for url: https://image.huyajs.com/cover/22ed291fcf6df13dd6af452b9f42f6da.jpg
2026-10-02 20:45:40,503 - ERROR - 封面图片下载失败: 封面图片下载失败
2026-10-02 20:45:44,863 - ERROR - 请求失败 (尝试 1/3): 403 Client Error: Forbidden for url: https://image.huyajs.com/cover/2a4cb7f84dea5ebd753a04717b80c04a.jpg
2026-10-02 20:45:50,054 - ERROR - 请求失败 (尝试 2/3): 403 Client Error: Forbidden for url: https://image.huyajs.com/cover/2a4cb7f84dea5ebd753a04717b80c04a.jpg
2026-10-02 20:45:55,246 - ERROR - 请求失败 (尝试 3/3): 403 Client Error: Forbidden for url: https://image.huyajs.com/cover/2a4cb7f84dea5ebd753a04717b80c04a.jpg
2026-10-02 20:45:55,247 - ERROR - 封面图片下载失败: 封面图片下载失败
2026-10-02 20:45:59,337 - ERROR - 请求失败 (尝试 1/3): 403 Client Error: Forbidden for url: https://image.huyajs.com/cover/fab55811525be3d6e53a950bf168117b.jpg
2026-10-02 20:46:04,525 - ERROR - 请求失败 (尝试 2/3): 403 Client Error: Forbidden for url: https://image.huyajs.com/cover/fab55811525be3d6e53a950bf168117b.jpg
2026-10-02 20:46:09,707 - ERROR - 请求失败 (尝试 3/3): 403 Client Error: Forbidden for url: https://image.huyajs.com/cover/fab55811525be3d6e53a950bf168117b.jpg
2026-10-02 20:46:09,708 - ERROR - 封面图片下载失败: 封面图片下载失败
2026-10-02 20:46:13,659 - ERROR - 请求失败 (尝试 1/3): 403 Client Error: Forbidden for url: https://image.huyajs.com/cover/1f0815a80baee53ee652513578406913.jpg
2026-10-02 20:46:18,867 - ERROR - 请求失败 (尝试 2/3): 403 Client Error: Forbidden for url: https://image.huyajs.com/cover/1f0815a80baee53ee652513578406913.jpg
2026-10-02 20:46:24,059 - ERROR - 请求失败 (尝试 3/3): 403 Client Error: Forbidden for url: https://image.huyajs.com/cover/1f0815a80baee53ee652513578406913.jpg
2026-10-02 20:46:24,060 - ERROR - 封面图片下载失败: 封面图片下载失败
2026-10-02 20:46:28,385 - ERROR - 请求失败 (尝试 1/3): 403 Client Error: Forbidden for url: https://image.huyajs.com/cover/f8dca9e824c5476762c6acf77aaaecec.jpg
2026-10-02 20:46:33,570 - ERROR - 请求失败 (尝试 2/3): 403 Client Error: Forbidden for url: https://image.huyajs.com/cover/f8dca9e824c5476762c6acf77aaaecec.jpg
2026-10-02 20:46:38,753 - ERROR - 请求失败 (尝试 3/3): 403 Client Error: Forbidden for url: https://image.huyajs.com/cover/f8dca9e824c5476762c6acf77aaaecec.jpg
2026-10-02 20:46:38,754 - ERROR - 封面图片下载失败: 封面图片下载失败
2026-10-02 20:46:42,838 - ERROR - 请求失败 (尝试 1/3): 403 Client Error: Forbidden for url: https://image.huyajs.com/cover/0a9968ea516328d1d65e31258deab042.jpg
2026-10-02 20:46:48,027 - ERROR - 请求失败 (尝试 2/3): 403 Client Error: Forbidden for url: https://image.huyajs.com/cover/0a9968ea516328d1d65e31258deab042.jpg
2026-10-02 20:46:53,208 - ERROR - 请求失败 (尝试 3/3): 403 Client Error: Forbidden for url: https://image.huyajs.com/cover/0a9968ea516328d1d65e31258deab042.jpg
2026-10-02 20:46:53,209 - ERROR - 封面图片下载失败: 封面图片下载失败
2026-10-02 20:46:57,828 - ERROR - 请求失败 (尝试 1/3): 403 Client Error: Forbidden for url: https://image.huyajs.com/cover/bc546801ff7ef8532c95880bb285f5e6.jpg
2026-10-02 20:47:03,014 - ERROR - 请求失败 (尝试 2/3): 403 Client Error: Forbidden for url: https://image.huyajs.com/cover/bc546801ff7ef8532c95880bb285f5e6.jpg
2026-10-02 20:47:08,226 - ERROR - 请求失败 (尝试 3/3): 403 Client Error: Forbidden for url: https://image.huyajs.com/cover/bc546801ff7ef8532c95880bb285f5e6.jpg
2026-10-02 20:47:08,227 - ERROR - 封面图片下载失败: 封面图片下载失败
2026-10-02 20:47:11,822 - ERROR - 请求失败 (尝试 1/3): 403 Client Error: Forbidden for url: https://image.huyajs.com/cover/01a0eb84f0ea44688ac2ab93391a399d.jpg
2026-10-02 20:47:17,011 - ERROR - 请求失败 (尝试 2/3): 403 Client Error: Forbidden for url: https://image.huyajs.com/cover/01a0eb84f0ea44688ac2ab93391a399d.jpg
2026-10-02 20:47:22,193 - ERROR - 请求失败 (尝试 3/3): 403 Client Error: Forbidden for url: https://image.huyajs.com/cover/01a0eb84f0ea44688ac2ab93391a399d.jpg
2026-10-02 20:47:22,194 - ERROR - 封面图片下载失败: 封面图片下载失败
2026-10-02 20:47:27,441 - ERROR - 请求失败 (尝试 1/3): 403 Client Error: Forbidden for url: https://image.huyajs.com/cover/94a17b32720e835ec9f9ff71445f2426.jpg
2026-10-02 20:47:32,632 - ERROR - 请求失败 (尝试 2/3): 403 Client Error: Forbidden for url: https://image.huyajs.com/cover/94a17b32720e835ec9f9ff71445f2426.jpg
2026-10-02 20:47:37,832 - ERROR - 请求失败 (尝试 3/3): 403 Client Error: Forbidden for url: https://image.huyajs.com/cover/94a17b32720e835ec9f9ff71445f2426.jpg
2026-10-02 20:47:37,833 - ERROR - 封面图片下载失败: 封面图片下载失败
2026-10-02 20:47:42,247 - ERROR - 请求失败 (尝试 1/3): 403 Client Error: Forbidden for url: https://image.huyajs.com/cover/cd079b9952539e6d4872144c5b10a079.jpg
2026-10-02 20:47:47,435 - ERROR - 请求失败 (尝试 2/3): 403 Client Error: Forbidden for url: https://image.huyajs.com/cover/cd079b9952539e6d4872144c5b10a079.jpg
2026-10-02 20:47:52,619 - ERROR - 请求失败 (尝试 3/3): 403 Client Error: Forbidden for url: https://image.huyajs.com/cover/cd079b9952539e6d4872144c5b10a079.jpg
2026-10-02 20:47:52,621 - ERROR - 封面图片下载失败: 封面图片下载失败
2026-10-02 20:47:57,718 - ERROR - 请求失败 (尝试 1/3): 403 Client Error: Forbidden for url: https://image.huyajs.com/cover/65ebc567c732bd4b59a1a1e15b9481d0.jpg
2026-10-02 20:48:02,900 - ERROR - 请求失败 (尝试 2/3): 403 Client Error: Forbidden for url: https://image.huyajs.com/cover/65ebc567c732bd4b59a1a1e15b9481d0.jpg
2026-10-02 20:48:08,084 - ERROR - 请求失败 (尝试 3/3): 403 Client Error: Forbidden for url: https://image.huyajs.com/cover/65ebc567c732bd4b59a1a1e15b9481d0.jpg
2026-10-02 20:48:08,085 - ERROR - 封面图片下载失败: 封面图片下载失败
2026-10-02 20:48:13,428 - ERROR - 请求失败 (尝试 1/3): 403 Client Error: Forbidden for url: https://image.huyajs.com/cover/a7efee65c6b77c9a43e7aa59587f6c7e.jpg
2026-10-02 20:48:18,615 - ERROR - 请求失败 (尝试 2/3): 403 Client Error: Forbidden for url: https://image.huyajs.com/cover/a7efee65c6b77c9a43e7aa59587f6c7e.jpg
2026-10-02 20:48:23,798 - ERROR - 请求失败 (尝试 3/3): 403 Client Error: Forbidden for url: https://image.huyajs.com/cover/a7efee65c6b77c9a43e7aa59587f6c7e.jpg
2026-10-02 20:48:23,799 - ERROR - 封面图片下载失败: 封面图片下载失败
2026-10-02 20:48:28,155 - ERROR - 请求失败 (尝试 1/3): 403 Client Error: Forbidden for url: https://image.huyajs.com/cover/109bcf8ddba64394d5a909f2482b1cc6.jpg
2026-10-02 20:48:33,416 - ERROR - 请求失败 (尝试 2/3): 403 Client Error: Forbidden for url: https://image.huyajs.com/cover/109bcf8ddba64394d5a909f2482b1cc6.jpg
2026-10-02 20:48:38,657 - ERROR - 请求失败 (尝试 3/3): 403 Client Error: Forbidden for url: https://image.huyajs.com/cover/109bcf8ddba64394d5a909f2482b1cc6.jpg
2026-10-02 20:48:38,658 - ERROR - 封面图片下载失败: 封面图片下载失败
2026-10-02 20:48:42,786 - ERROR - 请求失败 (尝试 1/3): 403 Client Error: Forbidden for url: https://image.huyajs.com/cover/95bd44ba2753b364af4bbf0775854a38.jpg
2026-10-02 20:48:47,978 - ERROR - 请求失败 (尝试 2/3): 403 Client Error: Forbidden for url: https://image.huyajs.com/cover/95bd44ba2753b364af4bbf0775854a38.jpg
2026-10-02 20:48:53,166 - ERROR - 请求失败 (尝试 3/3): 403 Client Error: Forbidden for url: https://image.huyajs.com/cover/95bd44ba2753b364af4bbf0775854a38.jpg
2026-10-02 20:48:53,167 - ERROR - 封面图片下载失败: 封面图片下载失败
2026-10-02 20:48:57,067 - ERROR - 请求失败 (尝试 1/3): 403 Client Error: Forbidden for url: https://image.huyajs.com/cover/ddb4b83228bdc8d8de5e1540894a8d4e.jpg
2026-10-02 20:49:02,301 - ERROR - 请求失败 (尝试 2/3): 403 Client Error: Forbidden for url: https://image.huyajs.com/cover/ddb4b83228bdc8d8de5e1540894a8d4e.jpg
2026-10-02 20:49:07,503 - ERROR - 请求失败 (尝试 3/3): 403 Client Error: Forbidden for url: https://image.huyajs.com/cover/ddb4b83228bdc8d8de5e1540894a8d4e.jpg
2026-10-02 20:49:07,504 - ERROR - 封面图片下载失败: 封面图片下载失败
2026-10-02 20:49:12,301 - ERROR - 请求失败 (尝试 1/3): 403 Client Error: Forbidden for url: https://image.huyajs.com/cover/c375be6b5cae946ef86524a792993b9f.jpg
2026-10-02 20:49:17,489 - ERROR - 请求失败 (尝试 2/3): 403 Client Error: Forbidden for url: https://image.huyajs.com/cover/c375be6b5cae946ef86524a792993b9f.jpg
2026-10-02 20:49:22,676 - ERROR - 请求失败 (尝试 3/3): 403 Client Error: Forbidden for url: https://image.huyajs.com/cover/c375be6b5cae946ef86524a792993b9f.jpg
2026-10-02 20:49:22,677 - ERROR - 封面图片下载失败: 封面图片下载失败
2026-10-02 20:49:26,245 - ERROR - 请求失败 (尝试 1/3): 403 Client Error: Forbidden for url: https://image.huyajs.com/cover/e041ba345b66b48f71d220e5d38b8461.jpg
2026-10-02 20:49:31,424 - ERROR - 请求失败 (尝试 2/3): 403 Client Error: Forbidden for url: https://image.huyajs.com/cover/e041ba345b66b48f71d220e5d38b8461.jpg
2026-10-02 20:49:36,610 - ERROR - 请求失败 (尝试 3/3): 403 Client Error: Forbidden for url: https://image.huyajs.com/cover/e041ba345b66b48f71d220e5d38b8461.jpg
2026-10-02 20:49:36,611 - ERROR - 封面图片下载失败: 封面图片下载失败
2026-10-02 20:49:41,701 - ERROR - 请求失败 (尝试 1/3): 403 Client Error: Forbidden for url: https://image.huyajs.com/cover/ea0be06a4ed440e2943912898e4921ef.jpg
2026-10-02 20:49:46,937 - ERROR - 请求失败 (尝试 2/3): 403 Client Error: Forbidden for url: https://image.huyajs.com/cover/ea0be06a4ed440e2943912898e4921ef.jpg
2026-10-02 20:49:52,120 - ERROR - 请求失败 (尝试 3/3): 403 Client Error: Forbidden for url: https://image.huyajs.com/cover/ea0be06a4ed440e2943912898e4921ef.jpg
2026-10-02 20:49:52,121 - ERROR - 封面图片下载失败: 封面图片下载失败
2026-10-02 20:49:57,475 - ERROR - 请求失败 (尝试 1/3): 403 Client Error: Forbidden for url: https://image.huyajs.com/cover/e673128bb7c5849dd421143fc5953d27.jpg
2026-10-02 20:50:02,655 - ERROR - 请求失败 (尝试 2/3): 403 Client Error: Forbidden for url: https://image.huyajs.com/cover/e673128bb7c5849dd421143fc5953d27.jpg
2026-10-02 20:50:07,837 - ERROR - 请求失败 (尝试 3/3): 403 Client Error: Forbidden for url: https://image.huyajs.com/cover/e673128bb7c5849dd421143fc5953d27.jpg
2026-10-02 20:50:07,838 - ERROR - 封面图片下载失败: 封面图片下载失败
2026-10-02 20:50:12,965 - ERROR - 请求失败 (尝试 1/3): 403 Client Error: Forbidden for url: https://image.huyajs.com/cover/bc0cd1f949816958fc696e350b5746de.jpg
2026-10-02 20:50:18,151 - ERROR - 请求失败 (尝试 2/3): 403 Client Error: Forbidden for url: https://image.huyajs.com/cover/bc0cd1f949816958fc696e350b5746de.jpg
2026-10-02 20:50:23,338 - ERROR - 请求失败 (尝试 3/3): 403 Client Error: Forbidden for url: https://image.huyajs.com/cover/bc0cd1f949816958fc696e350b5746de.jpg
2026-10-02 20:50:23,340 - ERROR - 封面图片下载失败: 封面图片下载失败
2026-10-02 20:50:26,039 - ERROR - 请求失败 (尝试 1/3): 403 Client Error: Forbidden for url: https://image.huyajs.com/cover/488d7dfd7733c2fa9a66083461b23e27.jpg
2026-10-02 20:50:31,225 - ERROR - 请求失败 (尝试 2/3): 403 Client Error: Forbidden for url: https://image.huyajs.com/cover/488d7dfd7733c2fa9a66083461b23e27.jpg
2026-10-02 20:50:36,412 - ERROR - 请求失败 (尝试 3/3): 403 Client Error: Forbidden for url: https://image.huyajs.com/cover/488d7dfd7733c2fa9a66083461b23e27.jpg
2026-10-02 20:50:36,413 - ERROR - 封面图片下载失败: 封面图片下载失败
2026-10-02 20:50:41,208 - ERROR - 请求失败 (尝试 1/3): 403 Client Error: Forbidden for url: https://image.huyajs.com/cover/e518e61a383ce6854ad5b3b969c3cd82.jpg
2026-10-02 20:50:46,389 - ERROR - 请求失败 (尝试 2/3): 403 Client Error: Forbidden for url: https://image.huyajs.com/cover/e518e61a383ce6854ad5b3b969c3cd82.jpg
2026-10-02 20:50:51,575 - ERROR - 请求失败 (尝试 3/3): 403 Client Error: Forbidden for url: https://image.huyajs.com/cover/e518e61a383ce6854ad5b3b969c3cd82.jpg
2026-10-02 20:50:51,576 - ERROR - 封面图片下载失败: 封面图片下载失败
2026-10-02 20:50:55,396 - ERROR - 请求失败 (尝试 1/3): 403 Client Error: Forbidden for url: https://image.huyajs.com/cover/ce8266e6d7d35a55842ec644082462c1.jpg
2026-10-02 20:51:00,582 - ERROR - 请求失败 (尝试 2/3): 403 Client Error: Forbidden for url: https://image.huyajs.com/cover/ce8266e6d7d35a55842ec644082462c1.jpg
2026-10-02 20:51:05,768 - ERROR - 请求失败 (尝试 3/3): 403 Client Error: Forbidden for url: https://image.huyajs.com/cover/ce8266e6d7d35a55842ec644082462c1.jpg
2026-10-02 20:51:05,769 - ERROR - 封面图片下载失败: 封面图片下载失败
2026-10-02 20:51:10,536 - ERROR - 请求失败 (尝试 1/3): 403 Client Error: Forbidden for url: https://image.huyajs.com/cover/d68832575869ce6bfe3c9ea485d338a9.jpg
2026-10-02 20:51:15,717 - ERROR - 请求失败 (尝试 2/3): 403 Client Error: Forbidden for url: https://image.huyajs.com/cover/d68832575869ce6bfe3c9ea485d338a9.jpg
2026-10-02 20:51:20,910 - ERROR - 请求失败 (尝试 3/3): 403 Client Error: Forbidden for url: https://image.huyajs.com/cover/d68832575869ce6bfe3c9ea485d338a9.jpg
2026-10-02 20:51:20,911 - ERROR - 封面图片下载失败: 封面图片下载失败
2026-10-02 20:51:25,188 - ERROR - 请求失败 (尝试 1/3): 403 Client Error: Forbidden for url: https://image.huyajs.com/cover/8334a68d1fc0314828381b1f62116911.jpg
2026-10-02 20:51:30,372 - ERROR - 请求失败 (尝试 2/3): 403 Client Error: Forbidden for url: https://image.huyajs.com/cover/8334a68d1fc0314828381b1f62116911.jpg
2026-10-02 20:51:35,565 - ERROR - 请求失败 (尝试 3/3): 403 Client Error: Forbidden for url: https://image.huyajs.com/cover/8334a68d1fc0314828381b1f62116911.jpg
2026-10-02 20:51:35,566 - ERROR - 封面图片下载失败: 封面图片下载失败
2026-10-02 20:51:40,942 - ERROR - 请求失败 (尝试 1/3): 403 Client Error: Forbidden for url: https://image.huyajs.com/cover/7319e4d38d55ca798c701cc00f0d480c.jpg
2026-10-02 20:51:46,123 - ERROR - 请求失败 (尝试 2/3): 403 Client Error: Forbidden for url: https://image.huyajs.com/cover/7319e4d38d55ca798c701cc00f0d480c.jpg
2026-10-02 20:51:51,321 - ERROR - 请求失败 (尝试 3/3): 403 Client Error: Forbidden for url: https://image.huyajs.com/cover/7319e4d38d55ca798c701cc00f0d480c.jpg
2026-10-02 20:51:51,322 - ERROR - 封面图片下载失败: 封面图片下载失败
2026-10-02 20:51:55,480 - ERROR - 请求失败 (尝试 1/3): 403 Client Error: Forbidden for url: https://image.huyajs.com/cover/b97fffc285f450059fa7838ca653ff23.jpg
2026-10-02 20:52:00,668 - ERROR - 请求失败 (尝试 2/3): 403 Client Error: Forbidden for url: https://image.huyajs.com/cover/b97fffc285f450059fa7838ca653ff23.jpg
2026-10-02 20:52:05,857 - ERROR - 请求失败 (尝试 3/3): 403 Client Error: Forbidden for url: https://image.huyajs.com/cover/b97fffc285f450059fa7838ca653ff23.jpg
2026-10-02 20:52:05,858 - ERROR - 封面图片下载失败: 封面图片下载失败
2026-10-02 20:52:10,637 - ERROR - 请求失败 (尝试 1/3): 403 Client Error: Forbidden for url: https://image.huyajs.com/cover/7e4d5db053826a6096a227979ba78f65.jpg
2026-10-02 20:52:15,822 - ERROR - 请求失败 (尝试 2/3): 403 Client Error: Forbidden for url: https://image.huyajs.com/cover/7e4d5db053826a6096a227979ba78f65.jpg
2026-10-02 20:52:21,007 - ERROR - 请求失败 (尝试 3/3): 403 Client Error: Forbidden for url: https://image.huyajs.com/cover/7e4d5db053826a6096a227979ba78f65.jpg
2026-10-02 20:52:21,008 - ERROR - 封面图片下载失败: 封面图片下载失败
2026-10-02 20:52:24,590 - ERROR - 请求失败 (尝试 1/3): 403 Client Error: Forbidden for url: https://image.huyajs.com/cover/a7efee65c6b77c9a43e7aa59587f6c7e.jpg
2026-10-02 20:52:29,871 - ERROR - 请求失败 (尝试 2/3): 403 Client Error: Forbidden for url: https://image.huyajs.com/cover/a7efee65c6b77c9a43e7aa59587f6c7e.jpg
2026-10-02 20:52:35,147 - ERROR - 请求失败 (尝试 3/3): 403 Client Error: Forbidden for url: https://image.huyajs.com/cover/a7efee65c6b77c9a43e7aa59587f6c7e.jpg
2026-10-02 20:52:35,148 - ERROR - 封面图片下载失败: 封面图片下载失败
2026-10-02 20:52:39,096 - ERROR - 请求失败 (尝试 1/3): 403 Client Error: Forbidden for url: https://image.huyajs.com/cover/58b2fb7c6c464b5091c7edadeca5e4ab.jpg
2026-10-02 20:52:44,353 - ERROR - 请求失败 (尝试 2/3): 403 Client Error: Forbidden for url: https://image.huyajs.com/cover/58b2fb7c6c464b5091c7edadeca5e4ab.jpg
2026-10-02 20:52:49,539 - ERROR - 请求失败 (尝试 3/3): 403 Client Error: Forbidden for url: https://image.huyajs.com/cover/58b2fb7c6c464b5091c7edadeca5e4ab.jpg
2026-10-02 20:52:49,540 - ERROR - 封面图片下载失败: 封面图片下载失败
2026-10-02 20:52:54,299 - ERROR - 请求失败 (尝试 1/3): 403 Client Error: Forbidden for url: https://image.huyajs.com/cover/0ca66c2df4b99953c5a0cb25aed87835.jpg
2026-10-02 20:52:59,489 - ERROR - 请求失败 (尝试 2/3): 403 Client Error: Forbidden for url: https://image.huyajs.com/cover/0ca66c2df4b99953c5a0cb25aed87835.jpg
2026-10-02 20:53:04,736 - ERROR - 请求失败 (尝试 3/3): 403 Client Error: Forbidden for url: https://image.huyajs.com/cover/0ca66c2df4b99953c5a0cb25aed87835.jpg
2026-10-02 20:53:04,737 - ERROR - 封面图片下载失败: 封面图片下载失败
2026-10-02 20:53:07,994 - ERROR - 请求失败 (尝试 1/3): 403 Client Error: Forbidden for url: https://image.huyajs.com/cover/6bc2701b54c9a8f4b4d44cf4d40bf1e2.jpg
2026-10-02 20:53:13,175 - ERROR - 请求失败 (尝试 2/3): 403 Client Error: Forbidden for url: https://image.huyajs.com/cover/6bc2701b54c9a8f4b4d44cf4d40bf1e2.jpg
2026-10-02 20:53:18,418 - ERROR - 请求失败 (尝试 3/3): 403 Client Error: Forbidden for url: https://image.huyajs.com/cover/6bc2701b54c9a8f4b4d44cf4d40bf1e2.jpg
2026-10-02 20:53:18,419 - ERROR - 封面图片下载失败: 封面图片下载失败
2026-10-02 20:53:21,229 - ERROR - 请求失败 (尝试 1/3): 403 Client Error: Forbidden for url: https://image.huyajs.com/cover/458954253ac64907b4dfc1e2b00ee48f.jpg
2026-10-02 20:53:26,417 - ERROR - 请求失败 (尝试 2/3): 403 Client Error: Forbidden for url: https://image.huyajs.com/cover/458954253ac64907b4dfc1e2b00ee48f.jpg
2026-10-02 20:53:31,603 - ERROR - 请求失败 (尝试 3/3): 403 Client Error: Forbidden for url: https://image.huyajs.com/cover/458954253ac64907b4dfc1e2b00ee48f.jpg
2026-10-02 20:53:31,604 - ERROR - 封面图片下载失败: 封面图片下载失败
2026-10-02 20:53:34,664 - ERROR - 请求失败 (尝试 1/3): 403 Client Error: Forbidden for url: https://image.huyajs.com/cover/60b36508921f413753f0d68239c9f804.jpg
2026-10-02 20:53:39,849 - ERROR - 请求失败 (尝试 2/3): 403 Client Error: Forbidden for url: https://image.huyajs.com/cover/60b36508921f413753f0d68239c9f804.jpg
2026-10-02 20:53:45,031 - ERROR - 请求失败 (尝试 3/3): 403 Client Error: Forbidden for url: https://image.huyajs.com/cover/60b36508921f413753f0d68239c9f804.jpg
2026-10-02 20:53:45,032 - ERROR - 封面图片下载失败: 封面图片下载失败
2026-10-02 20:53:50,509 - ERROR - 请求失败 (尝试 1/3): 403 Client Error: Forbidden for url: https://image.huyajs.com/cover/2aa7981633ebecf07d8ee07850a5e211.jpg
2026-10-02 20:53:55,698 - ERROR - 请求失败 (尝试 2/3): 403 Client Error: Forbidden for url: https://image.huyajs.com/cover/2aa7981633ebecf07d8ee07850a5e211.jpg
2026-10-02 20:54:00,882 - ERROR - 请求失败 (尝试 3/3): 403 Client Error: Forbidden for url: https://image.huyajs.com/cover/2aa7981633ebecf07d8ee07850a5e211.jpg
2026-10-02 20:54:00,883 - ERROR - 封面图片下载失败: 封面图片下载失败
2026-10-02 20:54:04,979 - ERROR - 请求失败 (尝试 1/3): 403 Client Error: Forbidden for url: https://image.huyajs.com/cover/9919ff0c70f967d2c04de979d880d48a.jpg
2026-10-02 20:54:10,162 - ERROR - 请求失败 (尝试 2/3): 403 Client Error: Forbidden for url: https://image.huyajs.com/cover/9919ff0c70f967d2c04de979d880d48a.jpg
2026-10-02 20:54:15,358 - ERROR - 请求失败 (尝试 3/3): 403 Client Error: Forbidden for url: https://image.huyajs.com/cover/9919ff0c70f967d2c04de979d880d48a.jpg
2026-10-02 20:54:15,359 - ERROR - 封面图片下载失败: 封面图片下载失败
2026-10-02 20:54:19,063 - ERROR - 请求失败 (尝试 1/3): 403 Client Error: Forbidden for url: https://image.huyajs.com/cover/d40074de20e25de472779d74fcfd35af.jpg
2026-10-02 20:54:24,257 - ERROR - 请求失败 (尝试 2/3): 403 Client Error: Forbidden for url: https://image.huyajs.com/cover/d40074de20e25de472779d74fcfd35af.jpg
2026-10-02 20:54:29,440 - ERROR - 请求失败 (尝试 3/3): 403 Client Error: Forbidden for url: https://image.huyajs.com/cover/d40074de20e25de472779d74fcfd35af.jpg
2026-10-02 20:54:29,441 - ERROR - 封面图片下载失败: 封面图片下载失败
2026-10-02 20:54:32,439 - ERROR - 请求失败 (尝试 1/3): 403 Client Error: Forbidden for url: https://image.huyajs.com/cover/da517670b864505593edd83d65325e7a.jpg
2026-10-02 20:54:37,627 - ERROR - 请求失败 (尝试 2/3): 403 Client Error: Forbidden for url: https://image.huyajs.com/cover/da517670b864505593edd83d65325e7a.jpg
2026-10-02 20:54:42,817 - ERROR - 请求失败 (尝试 3/3): 403 Client Error: Forbidden for url: https://image.huyajs.com/cover/da517670b864505593edd83d65325e7a.jpg
2026-10-02 20:54:42,818 - ERROR - 封面图片下载失败: 封面图片下载失败
2026-10-02 20:54:45,637 - ERROR - 请求失败 (尝试 1/3): 403 Client Error: Forbidden for url: https://image.huyajs.com/cover/d9a8966fefca8823a0e85b951a882a80.jpg
2026-10-02 20:54:50,820 - ERROR - 请求失败 (尝试 2/3): 403 Client Error: Forbidden for url: https://image.huyajs.com/cover/d9a8966fefca8823a0e85b951a882a80.jpg
2026-10-02 20:54:56,013 - ERROR - 请求失败 (尝试 3/3): 403 Client Error: Forbidden for url: https://image.huyajs.com/cover/d9a8966fefca8823a0e85b951a882a80.jpg
2026-10-02 20:54:56,014 - ERROR - 封面图片下载失败: 封面图片下载失败
2026-10-02 20:55:00,183 - ERROR - 请求失败 (尝试 1/3): 403 Client Error: Forbidden for url: https://image.huyajs.com/cover/dd483b9b4964c66303908e32bce43481.jpg
2026-10-02 20:55:05,365 - ERROR - 请求失败 (尝试 2/3): 403 Client Error: Forbidden for url: https://image.huyajs.com/cover/dd483b9b4964c66303908e32bce43481.jpg
2026-10-02 20:55:10,554 - ERROR - 请求失败 (尝试 3/3): 403 Client Error: Forbidden for url: https://image.huyajs.com/cover/dd483b9b4964c66303908e32bce43481.jpg
2026-10-02 20:55:10,555 - ERROR - 封面图片下载失败: 封面图片下载失败
2026-10-02 20:55:13,195 - ERROR - 请求失败 (尝试 1/3): 403 Client Error: Forbidden for url: https://image.huyajs.com/cover/8c4ea07ab65173712a9b927b7717bc6e.jpg
2026-10-02 20:55:18,389 - ERROR - 请求失败 (尝试 2/3): 403 Client Error: Forbidden for url: https://image.huyajs.com/cover/8c4ea07ab65173712a9b927b7717bc6e.jpg
2026-10-02 20:55:23,699 - ERROR - 请求失败 (尝试 3/3): 403 Client Error: Forbidden for url: https://image.huyajs.com/cover/8c4ea07ab65173712a9b927b7717bc6e.jpg
2026-10-02 20:55:23,700 - ERROR - 封面图片下载失败: 封面图片下载失败
2026-10-02 20:55:26,862 - ERROR - 请求失败 (尝试 1/3): 403 Client Error: Forbidden for url: https://image.huyajs.com/cover/ce6f2a8a3aac3138c6804a6b2af0c58b.jpg
2026-10-02 20:55:32,063 - ERROR - 请求失败 (尝试 2/3): 403 Client Error: Forbidden for url: https://image.huyajs.com/cover/ce6f2a8a3aac3138c6804a6b2af0c58b.jpg
2026-10-02 20:55:37,249 - ERROR - 请求失败 (尝试 3/3): 403 Client Error: Forbidden for url: https://image.huyajs.com/cover/ce6f2a8a3aac3138c6804a6b2af0c58b.jpg
2026-10-02 20:55:37,250 - ERROR - 封面图片下载失败: 封面图片下载失败
2026-10-02 20:55:42,753 - ERROR - 请求失败 (尝试 1/3): 403 Client Error: Forbidden for url: https://image.huyajs.com/cover/543ea6797b5c0fc1ee01d2eb9d737527.jpg
2026-10-02 20:55:47,935 - ERROR - 请求失败 (尝试 2/3): 403 Client Error: Forbidden for url: https://image.huyajs.com/cover/543ea6797b5c0fc1ee01d2eb9d737527.jpg
2026-10-02 20:55:53,128 - ERROR - 请求失败 (尝试 3/3): 403 Client Error: Forbidden for url: https://image.huyajs.com/cover/543ea6797b5c0fc1ee01d2eb9d737527.jpg
2026-10-02 20:55:53,129 - ERROR - 封面图片下载失败: 封面图片下载失败
2026-10-02 20:55:56,996 - ERROR - 请求失败 (尝试 1/3): 403 Client Error: Forbidden for url: https://image.huyajs.com/cover/b80976c1c6ae15996f3251b74a73fc8d.jpg
2026-10-02 20:56:02,177 - ERROR - 请求失败 (尝试 2/3): 403 Client Error: Forbidden for url: https://image.huyajs.com/cover/b80976c1c6ae15996f3251b74a73fc8d.jpg
2026-10-02 20:56:07,357 - ERROR - 请求失败 (尝试 3/3): 403 Client Error: Forbidden for url: https://image.huyajs.com/cover/b80976c1c6ae15996f3251b74a73fc8d.jpg
2026-10-02 20:56:07,358 - ERROR - 封面图片下载失败: 封面图片下载失败
2026-10-02 20:56:10,675 - ERROR - 请求失败 (尝试 1/3): 403 Client Error: Forbidden for url: https://image.huyajs.com/cover/caf7ce643fd308af10bcd62e73718aad.jpg
2026-10-02 20:56:15,855 - ERROR - 请求失败 (尝试 2/3): 403 Client Error: Forbidden for url: https://image.huyajs.com/cover/caf7ce643fd308af10bcd62e73718aad.jpg
2026-10-02 20:56:21,034 - ERROR - 请求失败 (尝试 3/3): 403 Client Error: Forbidden for url: https://image.huyajs.com/cover/caf7ce643fd308af10bcd62e73718aad.jpg
2026-10-02 20:56:21,035 - ERROR - 封面图片下载失败: 封面图片下载失败
2026-10-02 20:56:24,336 - ERROR - 请求失败 (尝试 1/3): 403 Client Error: Forbidden for url: https://image.huyajs.com/cover/c2eff6732858311bcb38f406692da90f.jpg
2026-10-02 20:56:29,522 - ERROR - 请求失败 (尝试 2/3): 403 Client Error: Forbidden for url: https://image.huyajs.com/cover/c2eff6732858311bcb38f406692da90f.jpg
2026-10-02 20:56:34,764 - ERROR - 请求失败 (尝试 3/3): 403 Client Error: Forbidden for url: https://image.huyajs.com/cover/c2eff6732858311bcb38f406692da90f.jpg
2026-10-02 20:56:34,765 - ERROR - 封面图片下载失败: 封面图片下载失败
2026-10-02 20:56:38,682 - ERROR - 请求失败 (尝试 1/3): 403 Client Error: Forbidden for url: https://image.huyajs.com/cover/c535acb0ac978568f071ec0ff4216379.jpg
2026-10-02 20:56:43,868 - ERROR - 请求失败 (尝试 2/3): 403 Client Error: Forbidden for url: https://image.huyajs.com/cover/c535acb0ac978568f071ec0ff4216379.jpg
2026-10-02 20:56:49,056 - ERROR - 请求失败 (尝试 3/3): 403 Client Error: Forbidden for url: https://image.huyajs.com/cover/c535acb0ac978568f071ec0ff4216379.jpg
2026-10-02 20:56:49,057 - ERROR - 封面图片下载失败: 封面图片下载失败
2026-10-02 20:56:53,372 - ERROR - 请求失败 (尝试 1/3): 403 Client Error: Forbidden for url: https://image.huyajs.com/cover/9dd703a873c91692b9490c638eb8eca5.jpg
2026-10-02 20:56:58,553 - ERROR - 请求失败 (尝试 2/3): 403 Client Error: Forbidden for url: https://image.huyajs.com/cover/9dd703a873c91692b9490c638eb8eca5.jpg
2026-10-02 20:57:03,804 - ERROR - 请求失败 (尝试 3/3): 403 Client Error: Forbidden for url: https://image.huyajs.com/cover/9dd703a873c91692b9490c638eb8eca5.jpg
2026-10-02 20:57:03,805 - ERROR - 封面图片下载失败: 封面图片下载失败
2026-10-02 20:57:07,700 - ERROR - 请求失败 (尝试 1/3): 403 Client Error: Forbidden for url: https://image.huyajs.com/cover/b96355eeee517066c3baf4dd2494a92b.jpg
2026-10-02 20:57:12,887 - ERROR - 请求失败 (尝试 2/3): 403 Client Error: Forbidden for url: https://image.huyajs.com/cover/b96355eeee517066c3baf4dd2494a92b.jpg
2026-10-02 20:57:18,070 - ERROR - 请求失败 (尝试 3/3): 403 Client Error: Forbidden for url: https://image.huyajs.com/cover/b96355eeee517066c3baf4dd2494a92b.jpg
2026-10-02 20:57:18,071 - ERROR - 封面图片下载失败: 封面图片下载失败
2026-10-02 20:57:23,416 - ERROR - 请求失败 (尝试 1/3): 403 Client Error: Forbidden for url: https://image.huyajs.com/cover/943a0898a1066aee0aa86ab106da033e.jpg
2026-10-02 20:57:28,596 - ERROR - 请求失败 (尝试 2/3): 403 Client Error: Forbidden for url: https://image.huyajs.com/cover/943a0898a1066aee0aa86ab106da033e.jpg
2026-10-02 20:57:33,784 - ERROR - 请求失败 (尝试 3/3): 403 Client Error: Forbidden for url: https://image.huyajs.com/cover/943a0898a1066aee0aa86ab106da033e.jpg
2026-10-02 20:57:33,785 - ERROR - 封面图片下载失败: 封面图片下载失败
2026-10-02 20:57:37,027 - ERROR - 请求失败 (尝试 1/3): 403 Client Error: Forbidden for url: https://image.huyajs.com/cover/643ab59e3438fb8bdc6b70dcaf501691.jpg
2026-10-02 20:57:42,594 - ERROR - 请求失败 (尝试 2/3): 403 Client Error: Forbidden for url: https://image.huyajs.com/cover/643ab59e3438fb8bdc6b70dcaf501691.jpg
2026-10-02 20:57:47,788 - ERROR - 请求失败 (尝试 3/3): 403 Client Error: Forbidden for url: https://image.huyajs.com/cover/643ab59e3438fb8bdc6b70dcaf501691.jpg
2026-10-02 20:57:47,789 - ERROR - 封面图片下载失败: 封面图片下载失败
2026-10-02 20:57:51,315 - ERROR - 请求失败 (尝试 1/3): 403 Client Error: Forbidden for url: https://image.huyajs.com/cover/36748cf6225d485b061ff9e581002c55.jpg
2026-10-02 20:57:56,553 - ERROR - 请求失败 (尝试 2/3): 403 Client Error: Forbidden for url: https://image.huyajs.com/cover/36748cf6225d485b061ff9e581002c55.jpg
2026-10-02 20:58:01,740 - ERROR - 请求失败 (尝试 3/3): 403 Client Error: Forbidden for url: https://image.huyajs.com/cover/36748cf6225d485b061ff9e581002c55.jpg
2026-10-02 20:58:01,741 - ERROR - 封面图片下载失败: 封面图片下载失败
2026-10-02 20:58:05,733 - ERROR - 请求失败 (尝试 1/3): 403 Client Error: Forbidden for url: https://image.huyajs.com/cover/f2e80723e6e75a6f8d93f51ea5890558.jpg
2026-10-02 20:58:10,917 - ERROR - 请求失败 (尝试 2/3): 403 Client Error: Forbidden for url: https://image.huyajs.com/cover/f2e80723e6e75a6f8d93f51ea5890558.jpg
2026-10-02 20:58:16,104 - ERROR - 请求失败 (尝试 3/3): 403 Client Error: Forbidden for url: https://image.huyajs.com/cover/f2e80723e6e75a6f8d93f51ea5890558.jpg
2026-10-02 20:58:16,105 - ERROR - 封面图片下载失败: 封面图片下载失败
2026-10-02 20:58:18,905 - ERROR - 请求失败 (尝试 1/3): 403 Client Error: Forbidden for url: https://image.huyajs.com/cover/ce20bd32e492b603ef68eda13c8cc61b.jpg
2026-10-02 20:58:24,106 - ERROR - 请求失败 (尝试 2/3): 403 Client Error: Forbidden for url: https://image.huyajs.com/cover/ce20bd32e492b603ef68eda13c8cc61b.jpg
2026-10-02 20:58:29,293 - ERROR - 请求失败 (尝试 3/3): 403 Client Error: Forbidden for url: https://image.huyajs.com/cover/ce20bd32e492b603ef68eda13c8cc61b.jpg
2026-10-02 20:58:29,293 - ERROR - 封面图片下载失败: 封面图片下载失败
2026-10-02 20:58:33,424 - ERROR - 请求失败 (尝试 1/3): 403 Client Error: Forbidden for url: https://image.huyajs.com/cover/43433a875029aec0f4fdcba833cdfac9.jpg
2026-10-02 20:58:38,606 - ERROR - 请求失败 (尝试 2/3): 403 Client Error: Forbidden for url: https://image.huyajs.com/cover/43433a875029aec0f4fdcba833cdfac9.jpg
2026-10-02 20:58:43,789 - ERROR - 请求失败 (尝试 3/3): 403 Client Error: Forbidden for url: https://image.huyajs.com/cover/43433a875029aec0f4fdcba833cdfac9.jpg
2026-10-02 20:58:43,790 - ERROR - 封面图片下载失败: 封面图片下载失败
2026-10-02 20:58:48,419 - ERROR - 请求失败 (尝试 1/3): 403 Client Error: Forbidden for url: https://image.huyajs.com/cover/86d2641cf8c4473a96c6bbbaaa245f75.jpg
2026-10-02 20:58:53,603 - ERROR - 请求失败 (尝试 2/3): 403 Client Error: Forbidden for url: https://image.huyajs.com/cover/86d2641cf8c4473a96c6bbbaaa245f75.jpg
2026-10-02 20:58:58,796 - ERROR - 请求失败 (尝试 3/3): 403 Client Error: Forbidden for url: https://image.huyajs.com/cover/86d2641cf8c4473a96c6bbbaaa245f75.jpg
2026-10-02 20:58:58,797 - ERROR - 封面图片下载失败: 封面图片下载失败
2026-10-02 20:59:01,672 - ERROR - 请求失败 (尝试 1/3): 403 Client Error: Forbidden for url: https://image.huyajs.com/cover/9fff279c396ab84db6f49570998d45d0.jpg
2026-10-02 20:59:06,854 - ERROR - 请求失败 (尝试 2/3): 403 Client Error: Forbidden for url: https://image.huyajs.com/cover/9fff279c396ab84db6f49570998d45d0.jpg
2026-10-02 20:59:12,040 - ERROR - 请求失败 (尝试 3/3): 403 Client Error: Forbidden for url: https://image.huyajs.com/cover/9fff279c396ab84db6f49570998d45d0.jpg
2026-10-02 20:59:12,040 - ERROR - 封面图片下载失败: 封面图片下载失败
2026-10-09 20:44:03,185 - ERROR - 请求失败 (尝试 1/3): 403 Client Error: Forbidden for url: https://image.huyajs.com/cover/854b29f0b09d28dc0bf8bd539745e052.jpg
2026-10-09 20:44:08,483 - ERROR - 请求失败 (尝试 2/3): 403 Client Error: Forbidden for url: https://image.huyajs.com/cover/854b29f0b09d28dc0bf8bd539745e052.jpg
2026-10-09 20:44:13,670 - ERROR - 请求失败 (尝试 3/3): 403 Client Error: Forbidden for url: https://image.huyajs.com/cover/854b29f0b09d28dc0bf8bd539745e052.jpg
2026-10-09 20:44:13,671 - ERROR - 封面图片下载失败: 封面图片下载失败
2026-10-09 20:44:16,985 - ERROR - 请求失败 (尝试 1/3): 403 Client Error: Forbidden for url: https://image.huyajs.com/cover/219585949537395142e6c8d6bfe1fd46.jpg
2026-10-09 20:44:22,217 - ERROR - 请求失败 (尝试 2/3): 403 Client Error: Forbidden for url: https://image.huyajs.com/cover/219585949537395142e6c8d6bfe1fd46.jpg
2026-10-09 20:44:27,305 - ERROR - 请求失败 (尝试 3/3): 403 Client Error: Forbidden for url: https://image.huyajs.com/cover/219585949537395142e6c8d6bfe1fd46.jpg
2026-10-09 20:44:27,305 - ERROR - 封面图片下载失败: 封面图片下载失败
2026-10-09 20:44:32,218 - ERROR - 请求失败 (尝试 1/3): 403 Client Error: Forbidden for url: https://image.huyajs.com/cover/aa4c275fba7ccd324c4ba65fbb5c917b.jpg
2026-10-09 20:44:37,282 - ERROR - 请求失败 (尝试 2/3): 403 Client Error: Forbidden for url: https://image.huyajs.com/cover/aa4c275fba7ccd324c4ba65fbb5c917b.jpg
2026-10-09 20:44:42,486 - ERROR - 请求失败 (尝试 3/3): 403 Client Error: Forbidden for url: https://image.huyajs.com/cover/aa4c275fba7ccd324c4ba65fbb5c917b.jpg
2026-10-09 20:44:42,487 - ERROR - 封面图片下载失败: 封面图片下载失败
2026-10-09 20:44:45,566 - ERROR - 请求失败 (尝试 1/3): 403 Client Error: Forbidden for url: https://image.huyajs.com/cover/7567bdf262e1a862be7631d3e540cc51.jpg
2026-10-09 20:44:50,630 - ERROR - 请求失败 (尝试 2/3): 403 Client Error: Forbidden for url: https://image.huyajs.com/cover/7567bdf262e1a862be7631d3e540cc51.jpg
2026-10-09 20:44:55,690 - ERROR - 请求失败 (尝试 3/3): 403 Client Error: Forbidden for url: https://image.huyajs.com/cover/7567bdf262e1a862be7631d3e540cc51.jpg
2026-10-09 20:44:55,691 - ERROR - 封面图片下载失败: 封面图片下载失败
2026-10-09 20:44:59,088 - ERROR - 请求失败 (尝试 1/3): 403 Client Error: Forbidden for url: https://image.huyajs.com/cover/1010647d6bb1b5eb9c5fd9379fa127cd.jpg
2026-10-09 20:45:04,152 - ERROR - 请求失败 (尝试 2/3): 403 Client Error: Forbidden for url: https://image.huyajs.com/cover/1010647d6bb1b5eb9c5fd9379fa127cd.jpg
2026-10-09 20:45:09,301 - ERROR - 请求失败 (尝试 3/3): 403 Client Error: Forbidden for url: https://image.huyajs.com/cover/1010647d6bb1b5eb9c5fd9379fa127cd.jpg
2026-10-09 20:45:09,302 - ERROR - 封面图片下载失败: 封面图片下载失败
2026-10-09 20:45:13,697 - ERROR - 请求失败 (尝试 1/3): 403 Client Error: Forbidden for url: https://image.huyajs.com/cover/d9e42e81181e7969544f934fdee4f6cb.jpg
2026-10-09 20:45:18,759 - ERROR - 请求失败 (尝试 2/3): 403 Client Error: Forbidden for url: https://image.huyajs.com/cover/d9e42e81181e7969544f934fdee4f6cb.jpg
2026-10-09 20:45:23,870 - ERROR - 请求失败 (尝试 3/3): 403 Client Error: Forbidden for url: https://image.huyajs.com/cover/d9e42e81181e7969544f934fdee4f6cb.jpg
2026-10-09 20:45:23,871 - ERROR - 封面图片下载失败: 封面图片下载失败
2026-10-09 20:45:28,729 - ERROR - 请求失败 (尝试 1/3): 403 Client Error: Forbidden for url: https://image.huyajs.com/cover/234c04f19f239b6d91cf473d6738deeb.jpg
2026-10-09 20:45:33,909 - ERROR - 请求失败 (尝试 2/3): 403 Client Error: Forbidden for url: https://image.huyajs.com/cover/234c04f19f239b6d91cf473d6738deeb.jpg
2026-10-09 20:45:38,971 - ERROR - 请求失败 (尝试 3/3): 403 Client Error: Forbidden for url: https://image.huyajs.com/cover/234c04f19f239b6d91cf473d6738deeb.jpg
2026-10-09 20:45:38,972 - ERROR - 封面图片下载失败: 封面图片下载失败
2026-10-09 20:45:41,683 - ERROR - 请求失败 (尝试 1/3): 403 Client Error: Forbidden for url: https://image.huyajs.com/cover/538bb178cf73205573bf842c265f1a69.jpg
2026-10-09 20:45:46,748 - ERROR - 请求失败 (尝试 2/3): 403 Client Error: Forbidden for url: https://image.huyajs.com/cover/538bb178cf73205573bf842c265f1a69.jpg
2026-10-09 20:45:51,810 - ERROR - 请求失败 (尝试 3/3): 403 Client Error: Forbidden for url: https://image.huyajs.com/cover/538bb178cf73205573bf842c265f1a69.jpg
2026-10-09 20:45:51,811 - ERROR - 封面图片下载失败: 封面图片下载失败
2026-10-09 20:45:55,046 - ERROR - 请求失败 (尝试 1/3): 403 Client Error: Forbidden for url: https://image.huyajs.com/cover/8c12cc74f82862ac44f73e508295e5ec.jpg
2026-10-09 20:46:00,109 - ERROR - 请求失败 (尝试 2/3): 403 Client Error: Forbidden for url: https://image.huyajs.com/cover/8c12cc74f82862ac44f73e508295e5ec.jpg
2026-10-09 20:46:05,171 - ERROR - 请求失败 (尝试 3/3): 403 Client Error: Forbidden for url: https://image.huyajs.com/cover/8c12cc74f82862ac44f73e508295e5ec.jpg
2026-10-09 20:46:05,172 - ERROR - 封面图片下载失败: 封面图片下载失败
2026-10-09 20:46:08,174 - ERROR - 请求失败 (尝试 1/3): 403 Client Error: Forbidden for url: https://image.huyajs.com/cover/748dd3b7086b2bb4e4984e40dd03f817.jpg
2026-10-09 20:46:13,240 - ERROR - 请求失败 (尝试 2/3): 403 Client Error: Forbidden for url: https://image.huyajs.com/cover/748dd3b7086b2bb4e4984e40dd03f817.jpg
2026-10-09 20:46:18,301 - ERROR - 请求失败 (尝试 3/3): 403 Client Error: Forbidden for url: https://image.huyajs.com/cover/748dd3b7086b2bb4e4984e40dd03f817.jpg
2026-10-09 20:46:18,302 - ERROR - 封面图片下载失败: 封面图片下载失败
2026-10-09 20:46:21,764 - ERROR - 请求失败 (尝试 1/3): 403 Client Error: Forbidden for url: https://image.huyajs.com/cover/a5a2e3d81d8b57ec0fb4647079486678.jpg
2026-10-09 20:46:26,826 - ERROR - 请求失败 (尝试 2/3): 403 Client Error: Forbidden for url: https://image.huyajs.com/cover/a5a2e3d81d8b57ec0fb4647079486678.jpg
2026-10-09 20:46:31,888 - ERROR - 请求失败 (尝试 3/3): 403 Client Error: Forbidden for url: https://image.huyajs.com/cover/a5a2e3d81d8b57ec0fb4647079486678.jpg
2026-10-09 20:46:31,889 - ERROR - 封面图片下载失败: 封面图片下载失败
2026-10-09 20:46:37,182 - ERROR - 请求失败 (尝试 1/3): 403 Client Error: Forbidden for url: https://image.huyajs.com/cover/6f6a5d78eef0f75fd5bc78c22c6a6dff.jpg
2026-10-09 20:46:42,251 - ERROR - 请求失败 (尝试 2/3): 403 Client Error: Forbidden for url: https://image.huyajs.com/cover/6f6a5d78eef0f75fd5bc78c22c6a6dff.jpg
2026-10-09 20:46:47,313 - ERROR - 请求失败 (尝试 3/3): 403 Client Error: Forbidden for url: https://image.huyajs.com/cover/6f6a5d78eef0f75fd5bc78c22c6a6dff.jpg
2026-10-09 20:46:47,314 - ERROR - 封面图片下载失败: 封面图片下载失败
2026-10-09 20:46:50,547 - ERROR - 请求失败 (尝试 1/3): 403 Client Error: Forbidden for url: https://image.huyajs.com/cover/7566e16caca64683927ae8657adbf956.jpg
2026-10-09 20:46:55,609 - ERROR - 请求失败 (尝试 2/3): 403 Client Error: Forbidden for url: https://image.huyajs.com/cover/7566e16caca64683927ae8657adbf956.jpg
2026-10-09 20:47:00,670 - ERROR - 请求失败 (尝试 3/3): 403 Client Error: Forbidden for url: https://image.huyajs.com/cover/7566e16caca64683927ae8657adbf956.jpg
2026-10-09 20:47:00,671 - ERROR - 封面图片下载失败: 封面图片下载失败
2026-10-09 20:47:03,719 - ERROR - 请求失败 (尝试 1/3): 403 Client Error: Forbidden for url: https://image.huyajs.com/cover/dbde2552948c64c834538b8cc56d1eec.jpg
2026-10-09 20:47:08,788 - ERROR - 请求失败 (尝试 2/3): 403 Client Error: Forbidden for url: https://image.huyajs.com/cover/dbde2552948c64c834538b8cc56d1eec.jpg
2026-10-09 20:47:13,849 - ERROR - 请求失败 (尝试 3/3): 403 Client Error: Forbidden for url: https://image.huyajs.com/cover/dbde2552948c64c834538b8cc56d1eec.jpg
2026-10-09 20:47:13,850 - ERROR - 封面图片下载失败: 封面图片下载失败
2026-10-09 20:47:17,409 - ERROR - 请求失败 (尝试 1/3): 403 Client Error: Forbidden for url: https://image.huyajs.com/cover/669e438da787f1f50c0f7045e93c757b.jpg
2026-10-09 20:47:22,470 - ERROR - 请求失败 (尝试 2/3): 403 Client Error: Forbidden for url: https://image.huyajs.com/cover/669e438da787f1f50c0f7045e93c757b.jpg
2026-10-09 20:47:27,532 - ERROR - 请求失败 (尝试 3/3): 403 Client Error: Forbidden for url: https://image.huyajs.com/cover/669e438da787f1f50c0f7045e93c757b.jpg
2026-10-09 20:47:27,533 - ERROR - 封面图片下载失败: 封面图片下载失败
2026-10-09 20:47:32,308 - ERROR - 请求失败 (尝试 1/3): 403 Client Error: Forbidden for url: https://image.huyajs.com/cover/0a3317efd603db3d6a143d9499852a13.jpg
2026-10-09 20:47:37,369 - ERROR - 请求失败 (尝试 2/3): 403 Client Error: Forbidden for url: https://image.huyajs.com/cover/0a3317efd603db3d6a143d9499852a13.jpg
2026-10-09 20:47:42,430 - ERROR - 请求失败 (尝试 3/3): 403 Client Error: Forbidden for url: https://image.huyajs.com/cover/0a3317efd603db3d6a143d9499852a13.jpg
2026-10-09 20:47:42,431 - ERROR - 封面图片下载失败: 封面图片下载失败
2026-10-09 20:47:47,568 - ERROR - 请求失败 (尝试 1/3): 403 Client Error: Forbidden for url: https://image.huyajs.com/cover/ea1f901d18c2ec1083053ba1e243c737.jpg
2026-10-09 20:47:52,636 - ERROR - 请求失败 (尝试 2/3): 403 Client Error: Forbidden for url: https://image.huyajs.com/cover/ea1f901d18c2ec1083053ba1e243c737.jpg
2026-10-09 20:47:57,696 - ERROR - 请求失败 (尝试 3/3): 403 Client Error: Forbidden for url: https://image.huyajs.com/cover/ea1f901d18c2ec1083053ba1e243c737.jpg
2026-10-09 20:47:57,697 - ERROR - 封面图片下载失败: 封面图片下载失败
2026-10-09 20:48:01,791 - ERROR - 请求失败 (尝试 1/3): 403 Client Error: Forbidden for url: https://image.huyajs.com/cover/52a2eaa4181d764a87ee4761c15f5afc.jpg
2026-10-09 20:48:06,852 - ERROR - 请求失败 (尝试 2/3): 403 Client Error: Forbidden for url: https://image.huyajs.com/cover/52a2eaa4181d764a87ee4761c15f5afc.jpg
2026-10-09 20:48:12,032 - ERROR - 请求失败 (尝试 3/3): 403 Client Error: Forbidden for url: https://image.huyajs.com/cover/52a2eaa4181d764a87ee4761c15f5afc.jpg
2026-10-09 20:48:12,033 - ERROR - 封面图片下载失败: 封面图片下载失败
2026-10-09 20:48:17,170 - ERROR - 请求失败 (尝试 1/3): 403 Client Error: Forbidden for url: https://image.huyajs.com/cover/9ba04fa727ba41652caaa26f04cf497e.jpg
2026-10-09 20:48:22,282 - ERROR - 请求失败 (尝试 2/3): 403 Client Error: Forbidden for url: https://image.huyajs.com/cover/9ba04fa727ba41652caaa26f04cf497e.jpg
2026-10-09 20:48:27,371 - ERROR - 请求失败 (尝试 3/3): 403 Client Error: Forbidden for url: https://image.huyajs.com/cover/9ba04fa727ba41652caaa26f04cf497e.jpg
2026-10-09 20:48:27,372 - ERROR - 封面图片下载失败: 封面图片下载失败
2026-10-09 20:48:29,831 - ERROR - 请求失败 (尝试 1/3): 403 Client Error: Forbidden for url: https://image.huyajs.com/cover/9450e3a7d5d7ca30a03c887c841c675f.jpg
2026-10-09 20:48:34,892 - ERROR - 请求失败 (尝试 2/3): 403 Client Error: Forbidden for url: https://image.huyajs.com/cover/9450e3a7d5d7ca30a03c887c841c675f.jpg
2026-10-09 20:48:39,989 - ERROR - 请求失败 (尝试 3/3): 403 Client Error: Forbidden for url: https://image.huyajs.com/cover/9450e3a7d5d7ca30a03c887c841c675f.jpg
2026-10-09 20:48:39,989 - ERROR - 封面图片下载失败: 封面图片下载失败
2026-10-09 20:48:45,164 - ERROR - 请求失败 (尝试 1/3): 403 Client Error: Forbidden for url: https://image.huyajs.com/cover/932878e1dc30bacd71f1a4245b8ba84b.jpg
2026-10-09 20:48:50,225 - ERROR - 请求失败 (尝试 2/3): 403 Client Error: Forbidden for url: https://image.huyajs.com/cover/932878e1dc30bacd71f1a4245b8ba84b.jpg
2026-10-09 20:48:55,311 - ERROR - 请求失败 (尝试 3/3): 403 Client Error: Forbidden for url: https://image.huyajs.com/cover/932878e1dc30bacd71f1a4245b8ba84b.jpg
2026-10-09 20:48:55,312 - ERROR - 封面图片下载失败: 封面图片下载失败
2026-10-09 20:48:57,823 - ERROR - 请求失败 (尝试 1/3): 403 Client Error: Forbidden for url: https://image.huyajs.com/cover/628433a6f94c0cb21931a6322dcff167.jpg
2026-10-09 20:49:04,718 - ERROR - 请求失败 (尝试 2/3): 403 Client Error: Forbidden for url: https://image.huyajs.com/cover/628433a6f94c0cb21931a6322dcff167.jpg
2026-10-09 20:49:09,781 - ERROR - 请求失败 (尝试 3/3): 403 Client Error: Forbidden for url: https://image.huyajs.com/cover/628433a6f94c0cb21931a6322dcff167.jpg
2026-10-09 20:49:09,782 - ERROR - 封面图片下载失败: 封面图片下载失败
2026-10-09 20:49:12,860 - ERROR - 请求失败 (尝试 1/3): 403 Client Error: Forbidden for url: https://image.huyajs.com/cover/c1e40c8ad1582769a2e1d15d3bc01cc4.jpg
2026-10-09 20:49:17,921 - ERROR - 请求失败 (尝试 2/3): 403 Client Error: Forbidden for url: https://image.huyajs.com/cover/c1e40c8ad1582769a2e1d15d3bc01cc4.jpg
2026-10-09 20:49:22,982 - ERROR - 请求失败 (尝试 3/3): 403 Client Error: Forbidden for url: https://image.huyajs.com/cover/c1e40c8ad1582769a2e1d15d3bc01cc4.jpg
2026-10-09 20:49:22,983 - ERROR - 封面图片下载失败: 封面图片下载失败
2026-10-09 20:49:25,669 - ERROR - 请求失败 (尝试 1/3): 403 Client Error: Forbidden for url: https://image.huyajs.com/cover/fde4d164a6f20582854b04bb779f621d.jpg
2026-10-09 20:49:30,848 - ERROR - 请求失败 (尝试 2/3): 403 Client Error: Forbidden for url: https://image.huyajs.com/cover/fde4d164a6f20582854b04bb779f621d.jpg
2026-10-09 20:49:36,124 - ERROR - 请求失败 (尝试 3/3): 403 Client Error: Forbidden for url: https://image.huyajs.com/cover/fde4d164a6f20582854b04bb779f621d.jpg
2026-10-09 20:49:36,125 - ERROR - 封面图片下载失败: 封面图片下载失败
2026-10-09 20:49:38,677 - ERROR - 请求失败 (尝试 1/3): 403 Client Error: Forbidden for url: https://image.huyajs.com/cover/0ab7fc247d391d461677393dadaf9b78.jpg
2026-10-09 20:49:43,739 - ERROR - 请求失败 (尝试 2/3): 403 Client Error: Forbidden for url: https://image.huyajs.com/cover/0ab7fc247d391d461677393dadaf9b78.jpg
2026-10-09 20:49:48,856 - ERROR - 请求失败 (尝试 3/3): 403 Client Error: Forbidden for url: https://image.huyajs.com/cover/0ab7fc247d391d461677393dadaf9b78.jpg
2026-10-09 20:49:48,857 - ERROR - 封面图片下载失败: 封面图片下载失败
2026-10-09 20:49:51,859 - ERROR - 请求失败 (尝试 1/3): 403 Client Error: Forbidden for url: https://image.huyajs.com/cover/b0256d33b594e92bb441d0410396a595.jpg
2026-10-09 20:49:56,920 - ERROR - 请求失败 (尝试 2/3): 403 Client Error: Forbidden for url: https://image.huyajs.com/cover/b0256d33b594e92bb441d0410396a595.jpg
2026-10-09 20:50:01,981 - ERROR - 请求失败 (尝试 3/3): 403 Client Error: Forbidden for url: https://image.huyajs.com/cover/b0256d33b594e92bb441d0410396a595.jpg
2026-10-09 20:50:01,982 - ERROR - 封面图片下载失败: 封面图片下载失败
2026-10-09 20:50:05,350 - ERROR - 请求失败 (尝试 1/3): 403 Client Error: Forbidden for url: https://image.huyajs.com/cover/77e6db8d3de475a59d61faa84117757f.jpg
2026-10-09 20:50:10,414 - ERROR - 请求失败 (尝试 2/3): 403 Client Error: Forbidden for url: https://image.huyajs.com/cover/77e6db8d3de475a59d61faa84117757f.jpg
2026-10-09 20:50:15,476 - ERROR - 请求失败 (尝试 3/3): 403 Client Error: Forbidden for url: https://image.huyajs.com/cover/77e6db8d3de475a59d61faa84117757f.jpg
2026-10-09 20:50:15,477 - ERROR - 封面图片下载失败: 封面图片下载失败
2026-10-09 20:50:19,622 - ERROR - 请求失败 (尝试 1/3): 403 Client Error: Forbidden for url: https://image.huyajs.com/cover/e1d4d5d3d7bf8928c20a10220fb49c43.jpg
2026-10-09 20:50:24,683 - ERROR - 请求失败 (尝试 2/3): 403 Client Error: Forbidden for url: https://image.huyajs.com/cover/e1d4d5d3d7bf8928c20a10220fb49c43.jpg
2026-10-09 20:50:29,928 - ERROR - 请求失败 (尝试 3/3): 403 Client Error: Forbidden for url: https://image.huyajs.com/cover/e1d4d5d3d7bf8928c20a10220fb49c43.jpg
2026-10-09 20:50:29,928 - ERROR - 封面图片下载失败: 封面图片下载失败
2026-10-09 20:50:32,689 - ERROR - 请求失败 (尝试 1/3): 403 Client Error: Forbidden for url: https://image.huyajs.com/cover/e66050095de1cb98055ec276f7b195fb.jpg
2026-10-09 20:50:37,751 - ERROR - 请求失败 (尝试 2/3): 403 Client Error: Forbidden for url: https://image.huyajs.com/cover/e66050095de1cb98055ec276f7b195fb.jpg
2026-10-09 20:50:42,815 - ERROR - 请求失败 (尝试 3/3): 403 Client Error: Forbidden for url: https://image.huyajs.com/cover/e66050095de1cb98055ec276f7b195fb.jpg
2026-10-09 20:50:42,816 - ERROR - 封面图片下载失败: 封面图片下载失败
2026-10-09 20:50:47,103 - ERROR - 请求失败 (尝试 1/3): 403 Client Error: Forbidden for url: https://image.huyajs.com/cover/8657bf812b29cbbe07fd42d09a091087.jpg
2026-10-09 20:50:52,163 - ERROR - 请求失败 (尝试 2/3): 403 Client Error: Forbidden for url: https://image.huyajs.com/cover/8657bf812b29cbbe07fd42d09a091087.jpg
2026-10-09 20:50:57,225 - ERROR - 请求失败 (尝试 3/3): 403 Client Error: Forbidden for url: https://image.huyajs.com/cover/8657bf812b29cbbe07fd42d09a091087.jpg
2026-10-09 20:50:57,226 - ERROR - 封面图片下载失败: 封面图片下载失败
2026-10-09 20:50:59,810 - ERROR - 请求失败 (尝试 1/3): 403 Client Error: Forbidden for url: https://image.huyajs.com/cover/4ac9f92e3a113e08be6ea8bb19232ac9.jpg
2026-10-09 20:51:04,872 - ERROR - 请求失败 (尝试 2/3): 403 Client Error: Forbidden for url: https://image.huyajs.com/cover/4ac9f92e3a113e08be6ea8bb19232ac9.jpg
2026-10-09 20:51:09,933 - ERROR - 请求失败 (尝试 3/3): 403 Client Error: Forbidden for url: https://image.huyajs.com/cover/4ac9f92e3a113e08be6ea8bb19232ac9.jpg
2026-10-09 20:51:09,934 - ERROR - 封面图片下载失败: 封面图片下载失败
2026-10-09 20:51:14,448 - ERROR - 请求失败 (尝试 1/3): 403 Client Error: Forbidden for url: https://image.huyajs.com/cover/0ab5272275d1bc8042643ef8d5fca88f.jpg
2026-10-09 20:51:19,509 - ERROR - 请求失败 (尝试 2/3): 403 Client Error: Forbidden for url: https://image.huyajs.com/cover/0ab5272275d1bc8042643ef8d5fca88f.jpg
2026-10-09 20:51:24,570 - ERROR - 请求失败 (尝试 3/3): 403 Client Error: Forbidden for url: https://image.huyajs.com/cover/0ab5272275d1bc8042643ef8d5fca88f.jpg
2026-10-09 20:51:24,571 - ERROR - 封面图片下载失败: 封面图片下载失败
2026-10-09 20:51:28,318 - ERROR - 请求失败 (尝试 1/3): 403 Client Error: Forbidden for url: https://image.huyajs.com/cover/59cf3cc7fd81843fefe6a959be26aea8.jpg
2026-10-09 20:51:33,382 - ERROR - 请求失败 (尝试 2/3): 403 Client Error: Forbidden for url: https://image.huyajs.com/cover/59cf3cc7fd81843fefe6a959be26aea8.jpg
2026-10-09 20:51:38,443 - ERROR - 请求失败 (尝试 3/3): 403 Client Error: Forbidden for url: https://image.huyajs.com/cover/59cf3cc7fd81843fefe6a959be26aea8.jpg
2026-10-09 20:51:38,444 - ERROR - 封面图片下载失败: 封面图片下载失败
2026-10-09 20:51:41,336 - ERROR - 请求失败 (尝试 1/3): 403 Client Error: Forbidden for url: https://image.huyajs.com/cover/3be9475afde04772c9fc8fa5df569b72.jpg
2026-10-09 20:51:46,398 - ERROR - 请求失败 (尝试 2/3): 403 Client Error: Forbidden for url: https://image.huyajs.com/cover/3be9475afde04772c9fc8fa5df569b72.jpg
2026-10-09 20:51:51,461 - ERROR - 请求失败 (尝试 3/3): 403 Client Error: Forbidden for url: https://image.huyajs.com/cover/3be9475afde04772c9fc8fa5df569b72.jpg
2026-10-09 20:51:51,462 - ERROR - 封面图片下载失败: 封面图片下载失败
2026-10-09 20:51:54,845 - ERROR - 请求失败 (尝试 1/3): 403 Client Error: Forbidden for url: https://image.huyajs.com/cover/20ca001aa8489fb14825246b581d0793.jpg
2026-10-09 20:51:59,907 - ERROR - 请求失败 (尝试 2/3): 403 Client Error: Forbidden for url: https://image.huyajs.com/cover/20ca001aa8489fb14825246b581d0793.jpg
2026-10-09 20:52:04,969 - ERROR - 请求失败 (尝试 3/3): 403 Client Error: Forbidden for url: https://image.huyajs.com/cover/20ca001aa8489fb14825246b581d0793.jpg
2026-10-09 20:52:04,970 - ERROR - 封面图片下载失败: 封面图片下载失败
2026-10-09 20:52:09,993 - ERROR - 请求失败 (尝试 1/3): 403 Client Error: Forbidden for url: https://image.huyajs.com/cover/0c6375950ad0aa87234bc1aa8ce096df.jpg
2026-10-09 20:52:15,142 - ERROR - 请求失败 (尝试 2/3): 403 Client Error: Forbidden for url: https://image.huyajs.com/cover/0c6375950ad0aa87234bc1aa8ce096df.jpg
2026-10-09 20:52:20,233 - ERROR - 请求失败 (尝试 3/3): 403 Client Error: Forbidden for url: https://image.huyajs.com/cover/0c6375950ad0aa87234bc1aa8ce096df.jpg
2026-10-09 20:52:20,234 - ERROR - 封面图片下载失败: 封面图片下载失败
2026-10-09 20:52:22,904 - ERROR - 请求失败 (尝试 1/3): 403 Client Error: Forbidden for url: https://image.huyajs.com/cover/6cb8885286a598955b4559df5a8f11f8.jpg
2026-10-09 20:52:27,966 - ERROR - 请求失败 (尝试 2/3): 403 Client Error: Forbidden for url: https://image.huyajs.com/cover/6cb8885286a598955b4559df5a8f11f8.jpg
2026-10-09 20:52:33,080 - ERROR - 请求失败 (尝试 3/3): 403 Client Error: Forbidden for url: https://image.huyajs.com/cover/6cb8885286a598955b4559df5a8f11f8.jpg
2026-10-09 20:52:33,081 - ERROR - 封面图片下载失败: 封面图片下载失败
2026-10-09 20:52:36,720 - ERROR - 请求失败 (尝试 1/3): 403 Client Error: Forbidden for url: https://image.huyajs.com/cover/22a81ca386fdc9007ca9d4bbb6bf04d9.jpg
2026-10-09 20:52:41,900 - ERROR - 请求失败 (尝试 2/3): 403 Client Error: Forbidden for url: https://image.huyajs.com/cover/22a81ca386fdc9007ca9d4bbb6bf04d9.jpg
2026-10-09 20:52:46,960 - ERROR - 请求失败 (尝试 3/3): 403 Client Error: Forbidden for url: https://image.huyajs.com/cover/22a81ca386fdc9007ca9d4bbb6bf04d9.jpg
2026-10-09 20:52:46,961 - ERROR - 封面图片下载失败: 封面图片下载失败
2026-10-09 20:52:50,492 - ERROR - 请求失败 (尝试 1/3): 403 Client Error: Forbidden for url: https://image.huyajs.com/cover/bc1c5822864e8a955343ffb679bc9e8b.jpg
2026-10-09 20:52:55,705 - ERROR - 请求失败 (尝试 2/3): 403 Client Error: Forbidden for url: https://image.huyajs.com/cover/bc1c5822864e8a955343ffb679bc9e8b.jpg
2026-10-09 20:53:00,767 - ERROR - 请求失败 (尝试 3/3): 403 Client Error: Forbidden for url: https://image.huyajs.com/cover/bc1c5822864e8a955343ffb679bc9e8b.jpg
2026-10-09 20:53:00,768 - ERROR - 封面图片下载失败: 封面图片下载失败
2026-10-09 20:53:05,967 - ERROR - 请求失败 (尝试 1/3): 403 Client Error: Forbidden for url: https://image.huyajs.com/cover/337686c236e2a6f8a90d2f692a6b93af.jpg
2026-10-09 20:53:11,055 - ERROR - 请求失败 (尝试 2/3): 403 Client Error: Forbidden for url: https://image.huyajs.com/cover/337686c236e2a6f8a90d2f692a6b93af.jpg
2026-10-09 20:53:16,116 - ERROR - 请求失败 (尝试 3/3): 403 Client Error: Forbidden for url: https://image.huyajs.com/cover/337686c236e2a6f8a90d2f692a6b93af.jpg
2026-10-09 20:53:16,117 - ERROR - 封面图片下载失败: 封面图片下载失败
2026-10-09 20:53:18,869 - ERROR - 请求失败 (尝试 1/3): 403 Client Error: Forbidden for url: https://image.huyajs.com/cover/7d35406dc4780516573e05300e0be62e.jpg
2026-10-09 20:53:23,931 - ERROR - 请求失败 (尝试 2/3): 403 Client Error: Forbidden for url: https://image.huyajs.com/cover/7d35406dc4780516573e05300e0be62e.jpg
2026-10-09 20:53:29,138 - ERROR - 请求失败 (尝试 3/3): 403 Client Error: Forbidden for url: https://image.huyajs.com/cover/7d35406dc4780516573e05300e0be62e.jpg
2026-10-09 20:53:29,139 - ERROR - 封面图片下载失败: 封面图片下载失败
2026-10-09 20:53:32,610 - ERROR - 请求失败 (尝试 1/3): 403 Client Error: Forbidden for url: https://image.huyajs.com/cover/ee3fe9a00ceb01b5fbeee331b31dc23d.jpg
2026-10-09 20:53:37,671 - ERROR - 请求失败 (尝试 2/3): 403 Client Error: Forbidden for url: https://image.huyajs.com/cover/ee3fe9a00ceb01b5fbeee331b31dc23d.jpg
2026-10-09 20:53:42,759 - ERROR - 请求失败 (尝试 3/3): 403 Client Error: Forbidden for url: https://image.huyajs.com/cover/ee3fe9a00ceb01b5fbeee331b31dc23d.jpg
2026-10-09 20:53:42,759 - ERROR - 封面图片下载失败: 封面图片下载失败
2026-10-09 20:53:46,238 - ERROR - 请求失败 (尝试 1/3): 403 Client Error: Forbidden for url: https://image.huyajs.com/cover/d3a8a26fb7057c1fe2ac31df1d7f84da.jpg
2026-10-09 20:53:51,298 - ERROR - 请求失败 (尝试 2/3): 403 Client Error: Forbidden for url: https://image.huyajs.com/cover/d3a8a26fb7057c1fe2ac31df1d7f84da.jpg
2026-10-09 20:53:56,359 - ERROR - 请求失败 (尝试 3/3): 403 Client Error: Forbidden for url: https://image.huyajs.com/cover/d3a8a26fb7057c1fe2ac31df1d7f84da.jpg
2026-10-09 20:53:56,360 - ERROR - 封面图片下载失败: 封面图片下载失败
2026-10-09 20:53:58,709 - ERROR - 请求失败 (尝试 1/3): 403 Client Error: Forbidden for url: https://image.huyajs.com/cover/7061e3bbcfd7d67f2830655b448cacf6.jpg
2026-10-09 20:54:03,796 - ERROR - 请求失败 (尝试 2/3): 403 Client Error: Forbidden for url: https://image.huyajs.com/cover/7061e3bbcfd7d67f2830655b448cacf6.jpg
2026-10-09 20:54:08,911 - ERROR - 请求失败 (尝试 3/3): 403 Client Error: Forbidden for url: https://image.huyajs.com/cover/7061e3bbcfd7d67f2830655b448cacf6.jpg
2026-10-09 20:54:08,911 - ERROR - 封面图片下载失败: 封面图片下载失败
2026-10-09 20:54:12,242 - ERROR - 请求失败 (尝试 1/3): 403 Client Error: Forbidden for url: https://image.huyajs.com/cover/87aab4ad31d86180e6fed8ce7b01a6bd.jpg
2026-10-09 20:54:17,302 - ERROR - 请求失败 (尝试 2/3): 403 Client Error: Forbidden for url: https://image.huyajs.com/cover/87aab4ad31d86180e6fed8ce7b01a6bd.jpg
2026-10-09 20:54:22,363 - ERROR - 请求失败 (尝试 3/3): 403 Client Error: Forbidden for url: https://image.huyajs.com/cover/87aab4ad31d86180e6fed8ce7b01a6bd.jpg
2026-10-09 20:54:22,364 - ERROR - 封面图片下载失败: 封面图片下载失败
2026-10-09 20:54:25,429 - ERROR - 请求失败 (尝试 1/3): 403 Client Error: Forbidden for url: https://image.huyajs.com/cover/7884526f146dccf95b3ccf58c82a7374.jpg
2026-10-09 20:54:30,489 - ERROR - 请求失败 (尝试 2/3): 403 Client Error: Forbidden for url: https://image.huyajs.com/cover/7884526f146dccf95b3ccf58c82a7374.jpg
2026-10-09 20:54:35,551 - ERROR - 请求失败 (尝试 3/3): 403 Client Error: Forbidden for url: https://image.huyajs.com/cover/7884526f146dccf95b3ccf58c82a7374.jpg
2026-10-09 20:54:35,551 - ERROR - 封面图片下载失败: 封面图片下载失败
2026-10-09 20:54:40,674 - ERROR - 请求失败 (尝试 1/3): 403 Client Error: Forbidden for url: https://image.huyajs.com/cover/ee561ef4e346bd3ab799322f29019edd.jpg
2026-10-09 20:54:45,734 - ERROR - 请求失败 (尝试 2/3): 403 Client Error: Forbidden for url: https://image.huyajs.com/cover/ee561ef4e346bd3ab799322f29019edd.jpg
2026-10-09 20:54:50,798 - ERROR - 请求失败 (尝试 3/3): 403 Client Error: Forbidden for url: https://image.huyajs.com/cover/ee561ef4e346bd3ab799322f29019edd.jpg
2026-10-09 20:54:50,799 - ERROR - 封面图片下载失败: 封面图片下载失败
2026-10-09 20:54:55,952 - ERROR - 请求失败 (尝试 1/3): 403 Client Error: Forbidden for url: https://image.huyajs.com/cover/708ad56a59dc3b0cb49bcda2363d2824.jpg
2026-10-09 20:55:01,015 - ERROR - 请求失败 (尝试 2/3): 403 Client Error: Forbidden for url: https://image.huyajs.com/cover/708ad56a59dc3b0cb49bcda2363d2824.jpg
2026-10-09 20:55:06,076 - ERROR - 请求失败 (尝试 3/3): 403 Client Error: Forbidden for url: https://image.huyajs.com/cover/708ad56a59dc3b0cb49bcda2363d2824.jpg
2026-10-09 20:55:06,077 - ERROR - 封面图片下载失败: 封面图片下载失败
2026-10-09 20:55:09,077 - ERROR - 请求失败 (尝试 1/3): 403 Client Error: Forbidden for url: https://image.huyajs.com/cover/5ed0be272550e6744f95787740587cee.jpg
2026-10-09 20:55:14,138 - ERROR - 请求失败 (尝试 2/3): 403 Client Error: Forbidden for url: https://image.huyajs.com/cover/5ed0be272550e6744f95787740587cee.jpg
2026-10-09 20:55:19,199 - ERROR - 请求失败 (尝试 3/3): 403 Client Error: Forbidden for url: https://image.huyajs.com/cover/5ed0be272550e6744f95787740587cee.jpg
2026-10-09 20:55:19,200 - ERROR - 封面图片下载失败: 封面图片下载失败
2026-10-09 20:55:24,167 - ERROR - 请求失败 (尝试 1/3): 403 Client Error: Forbidden for url: https://image.huyajs.com/cover/80af02f360a352b23cd28711ee5e2578.jpg
2026-10-09 20:55:29,227 - ERROR - 请求失败 (尝试 2/3): 403 Client Error: Forbidden for url: https://image.huyajs.com/cover/80af02f360a352b23cd28711ee5e2578.jpg
2026-10-09 20:55:34,289 - ERROR - 请求失败 (尝试 3/3): 403 Client Error: Forbidden for url: https://image.huyajs.com/cover/80af02f360a352b23cd28711ee5e2578.jpg
2026-10-09 20:55:34,290 - ERROR - 封面图片下载失败: 封面图片下载失败
2026-10-09 20:55:38,824 - ERROR - 请求失败 (尝试 1/3): 403 Client Error: Forbidden for url: https://image.huyajs.com/cover/ce09cc91b2ae68beb950cde6b1c3ca10.jpg
2026-10-09 20:55:43,890 - ERROR - 请求失败 (尝试 2/3): 403 Client Error: Forbidden for url: https://image.huyajs.com/cover/ce09cc91b2ae68beb950cde6b1c3ca10.jpg
2026-10-09 20:55:48,952 - ERROR - 请求失败 (尝试 3/3): 403 Client Error: Forbidden for url: https://image.huyajs.com/cover/ce09cc91b2ae68beb950cde6b1c3ca10.jpg
2026-10-09 20:55:48,953 - ERROR - 封面图片下载失败: 封面图片下载失败
2026-10-09 20:55:51,884 - ERROR - 请求失败 (尝试 1/3): 403 Client Error: Forbidden for url: https://image.huyajs.com/cover/a9137350cb99be79892f776384efcce9.jpg
2026-10-09 20:55:56,944 - ERROR - 请求失败 (尝试 2/3): 403 Client Error: Forbidden for url: https://image.huyajs.com/cover/a9137350cb99be79892f776384efcce9.jpg
2026-10-09 20:56:02,006 - ERROR - 请求失败 (尝试 3/3): 403 Client Error: Forbidden for url: https://image.huyajs.com/cover/a9137350cb99be79892f776384efcce9.jpg
2026-10-09 20:56:02,007 - ERROR - 封面图片下载失败: 封面图片下载失败
2026-10-09 20:56:07,029 - ERROR - 请求失败 (尝试 1/3): 403 Client Error: Forbidden for url: https://image.huyajs.com/cover/406e049b2f3585064598b37495da8e2a.jpg
2026-10-09 20:56:12,091 - ERROR - 请求失败 (尝试 2/3): 403 Client Error: Forbidden for url: https://image.huyajs.com/cover/406e049b2f3585064598b37495da8e2a.jpg
2026-10-09 20:56:17,180 - ERROR - 请求失败 (尝试 3/3): 403 Client Error: Forbidden for url: https://image.huyajs.com/cover/406e049b2f3585064598b37495da8e2a.jpg
2026-10-09 20:56:17,181 - ERROR - 封面图片下载失败: 封面图片下载失败
2026-10-09 20:56:19,635 - ERROR - 请求失败 (尝试 1/3): 403 Client Error: Forbidden for url: https://image.huyajs.com/cover/243c73c82e8ca80fdc4b642de846d545.jpg
2026-10-09 20:56:24,698 - ERROR - 请求失败 (尝试 2/3): 403 Client Error: Forbidden for url: https://image.huyajs.com/cover/243c73c82e8ca80fdc4b642de846d545.jpg
2026-10-09 20:56:29,904 - ERROR - 请求失败 (尝试 3/3): 403 Client Error: Forbidden for url: https://image.huyajs.com/cover/243c73c82e8ca80fdc4b642de846d545.jpg
2026-10-09 20:56:29,905 - ERROR - 封面图片下载失败: 封面图片下载失败
2026-10-09 20:56:33,668 - ERROR - 请求失败 (尝试 1/3): 403 Client Error: Forbidden for url: https://image.huyajs.com/cover/e2f522f1c68c7336f56bb2f9524df188.jpg
2026-10-09 20:56:38,729 - ERROR - 请求失败 (尝试 2/3): 403 Client Error: Forbidden for url: https://image.huyajs.com/cover/e2f522f1c68c7336f56bb2f9524df188.jpg
2026-10-09 20:56:43,936 - ERROR - 请求失败 (尝试 3/3): 403 Client Error: Forbidden for url: https://image.huyajs.com/cover/e2f522f1c68c7336f56bb2f9524df188.jpg
2026-10-09 20:56:43,937 - ERROR - 封面图片下载失败: 封面图片下载失败
2026-10-09 20:56:47,553 - ERROR - 请求失败 (尝试 1/3): 403 Client Error: Forbidden for url: https://image.huyajs.com/cover/dbaf53621ccb49960fd0a32093c38be2.jpg
2026-10-09 20:56:52,642 - ERROR - 请求失败 (尝试 2/3): 403 Client Error: Forbidden for url: https://image.huyajs.com/cover/dbaf53621ccb49960fd0a32093c38be2.jpg
2026-10-09 20:56:57,730 - ERROR - 请求失败 (尝试 3/3): 403 Client Error: Forbidden for url: https://image.huyajs.com/cover/dbaf53621ccb49960fd0a32093c38be2.jpg
2026-10-09 20:56:57,731 - ERROR - 封面图片下载失败: 封面图片下载失败
2026-10-09 20:57:00,732 - ERROR - 请求失败 (尝试 1/3): 403 Client Error: Forbidden for url: https://image.huyajs.com/cover/de2f623db67a7185014fbfd1b23b6b97.jpg
2026-10-09 20:57:05,794 - ERROR - 请求失败 (尝试 2/3): 403 Client Error: Forbidden for url: https://image.huyajs.com/cover/de2f623db67a7185014fbfd1b23b6b97.jpg
2026-10-09 20:57:10,905 - ERROR - 请求失败 (尝试 3/3): 403 Client Error: Forbidden for url: https://image.huyajs.com/cover/de2f623db67a7185014fbfd1b23b6b97.jpg
2026-10-09 20:57:10,906 - ERROR - 封面图片下载失败: 封面图片下载失败
2026-10-09 20:57:14,489 - ERROR - 请求失败 (尝试 1/3): 403 Client Error: Forbidden for url: https://image.huyajs.com/cover/bfaeb0ee5a41baa95b88e78c0a03bcb6.jpg
2026-10-09 20:57:19,551 - ERROR - 请求失败 (尝试 2/3): 403 Client Error: Forbidden for url: https://image.huyajs.com/cover/bfaeb0ee5a41baa95b88e78c0a03bcb6.jpg
2026-10-09 20:57:24,612 - ERROR - 请求失败 (尝试 3/3): 403 Client Error: Forbidden for url: https://image.huyajs.com/cover/bfaeb0ee5a41baa95b88e78c0a03bcb6.jpg
2026-10-09 20:57:24,613 - ERROR - 封面图片下载失败: 封面图片下载失败
2026-10-09 20:57:29,690 - ERROR - 请求失败 (尝试 1/3): 403 Client Error: Forbidden for url: https://image.huyajs.com/cover/8daee3f0920e09d1d974db673eec47ec.jpg
2026-10-09 20:57:34,751 - ERROR - 请求失败 (尝试 2/3): 403 Client Error: Forbidden for url: https://image.huyajs.com/cover/8daee3f0920e09d1d974db673eec47ec.jpg
2026-10-09 20:57:39,957 - ERROR - 请求失败 (尝试 3/3): 403 Client Error: Forbidden for url: https://image.huyajs.com/cover/8daee3f0920e09d1d974db673eec47ec.jpg
2026-10-09 20:57:39,957 - ERROR - 封面图片下载失败: 封面图片下载失败
2026-10-09 20:57:44,558 - ERROR - 请求失败 (尝试 1/3): 403 Client Error: Forbidden for url: https://image.huyajs.com/cover/ceb695c65998a34415a6eeb10362c26a.jpg
2026-10-09 20:57:49,651 - ERROR - 请求失败 (尝试 2/3): 403 Client Error: Forbidden for url: https://image.huyajs.com/cover/ceb695c65998a34415a6eeb10362c26a.jpg
2026-10-09 20:57:54,713 - ERROR - 请求失败 (尝试 3/3): 403 Client Error: Forbidden for url: https://image.huyajs.com/cover/ceb695c65998a34415a6eeb10362c26a.jpg
2026-10-09 20:57:54,714 - ERROR - 封面图片下载失败: 封面图片下载失败
2026-10-09 20:57:59,054 - ERROR - 请求失败 (尝试 1/3): 403 Client Error: Forbidden for url: https://image.huyajs.com/cover/df31a636d493b0e715a5978a1c873f64.jpg
2026-10-09 20:58:04,116 - ERROR - 请求失败 (尝试 2/3): 403 Client Error: Forbidden for url: https://image.huyajs.com/cover/df31a636d493b0e715a5978a1c873f64.jpg
2026-10-09 20:58:09,178 - ERROR - 请求失败 (尝试 3/3): 403 Client Error: Forbidden for url: https://image.huyajs.com/cover/df31a636d493b0e715a5978a1c873f64.jpg
2026-10-09 20:58:09,179 - ERROR - 封面图片下载失败: 封面图片下载失败
2026-10-09 20:58:14,024 - ERROR - 请求失败 (尝试 1/3): 403 Client Error: Forbidden for url: https://image.huyajs.com/cover/af51d242a662ad2b921e57ce9d1c4771.jpg
2026-10-09 20:58:19,087 - ERROR - 请求失败 (尝试 2/3): 403 Client Error: Forbidden for url: https://image.huyajs.com/cover/af51d242a662ad2b921e57ce9d1c4771.jpg
2026-10-09 20:58:24,149 - ERROR - 请求失败 (尝试 3/3): 403 Client Error: Forbidden for url: https://image.huyajs.com/cover/af51d242a662ad2b921e57ce9d1c4771.jpg
2026-10-09 20:58:24,150 - ERROR - 封面图片下载失败: 封面图片下载失败
2026-10-09 20:58:27,296 - ERROR - 请求失败 (尝试 1/3): 403 Client Error: Forbidden for url: https://image.huyajs.com/cover/d2c6571c425b36af3cc01ffe48c2364a.jpg
2026-10-09 20:58:32,361 - ERROR - 请求失败 (尝试 2/3): 403 Client Error: Forbidden for url: https://image.huyajs.com/cover/d2c6571c425b36af3cc01ffe48c2364a.jpg
2026-10-09 20:58:37,424 - ERROR - 请求失败 (尝试 3/3): 403 Client Error: Forbidden for url: https://image.huyajs.com/cover/d2c6571c425b36af3cc01ffe48c2364a.jpg
2026-10-09 20:58:37,425 - ERROR - 封面图片下载失败: 封面图片下载失败
2026-10-09 20:58:39,998 - ERROR - 请求失败 (尝试 1/3): 403 Client Error: Forbidden for url: https://image.huyajs.com/cover/f7c3c4088dfe80933e84ca084fa3524a.jpg
2026-10-09 20:58:45,060 - ERROR - 请求失败 (尝试 2/3): 403 Client Error: Forbidden for url: https://image.huyajs.com/cover/f7c3c4088dfe80933e84ca084fa3524a.jpg
2026-10-09 20:58:50,126 - ERROR - 请求失败 (尝试 3/3): 403 Client Error: Forbidden for url: https://image.huyajs.com/cover/f7c3c4088dfe80933e84ca084fa3524a.jpg
2026-10-09 20:58:50,126 - ERROR - 封面图片下载失败: 封面图片下载失败
2026-10-09 20:58:53,036 - ERROR - 请求失败 (尝试 1/3): 403 Client Error: Forbidden for url: https://image.huyajs.com/cover/12efa8d36ba65a75d249aa9ceda9a1db.jpg
2026-10-09 20:58:58,106 - ERROR - 请求失败 (尝试 2/3): 403 Client Error: Forbidden for url: https://image.huyajs.com/cover/12efa8d36ba65a75d249aa9ceda9a1db.jpg
2026-10-09 20:59:03,218 - ERROR - 请求失败 (尝试 3/3): 403 Client Error: Forbidden for url: https://image.huyajs.com/cover/12efa8d36ba65a75d249aa9ceda9a1db.jpg
2026-10-09 20:59:03,218 - ERROR - 封面图片下载失败: 封面图片下载失败
2026-10-09 20:59:07,392 - ERROR - 请求失败 (尝试 1/3): 403 Client Error: Forbidden for url: https://image.huyajs.com/cover/6487ba8ae406887e3c94a658d21dfbdd.jpg
2026-10-09 20:59:12,540 - ERROR - 请求失败 (尝试 2/3): 403 Client Error: Forbidden for url: https://image.huyajs.com/cover/6487ba8ae406887e3c94a658d21dfbdd.jpg
2026-10-09 20:59:17,601 - ERROR - 请求失败 (尝试 3/3): 403 Client Error: Forbidden for url: https://image.huyajs.com/cover/6487ba8ae406887e3c94a658d21dfbdd.jpg
2026-10-09 20:59:17,602 - ERROR - 封面图片下载失败: 封面图片下载失败
2026-10-09 20:59:20,806 - ERROR - 请求失败 (尝试 1/3): 403 Client Error: Forbidden for url: https://image.huyajs.com/cover/d4be5395ff28a5a25aa7e28646cfa3d4.jpg
2026-10-09 20:59:25,867 - ERROR - 请求失败 (尝试 2/3): 403 Client Error: Forbidden for url: https://image.huyajs.com/cover/d4be5395ff28a5a25aa7e28646cfa3d4.jpg
2026-10-09 20:59:30,929 - ERROR - 请求失败 (尝试 3/3): 403 Client Error: Forbidden for url: https://image.huyajs.com/cover/d4be5395ff28a5a25aa7e28646cfa3d4.jpg
2026-10-09 20:59:30,929 - ERROR - 封面图片下载失败: 封面图片下载失败
2026-10-09 20:59:36,165 - ERROR - 请求失败 (尝试 1/3): 403 Client Error: Forbidden for url: https://image.huyajs.com/cover/a098e41f026d8a5deb0c243f4120a958.jpg
2026-10-09 20:59:41,228 - ERROR - 请求失败 (尝试 2/3): 403 Client Error: Forbidden for url: https://image.huyajs.com/cover/a098e41f026d8a5deb0c243f4120a958.jpg
2026-10-09 20:59:46,289 - ERROR - 请求失败 (尝试 3/3): 403 Client Error: Forbidden for url: https://image.huyajs.com/cover/a098e41f026d8a5deb0c243f4120a958.jpg
2026-10-09 20:59:46,290 - ERROR - 封面图片下载失败: 封面图片下载失败
2026-10-09 20:59:51,442 - ERROR - 请求失败 (尝试 1/3): 403 Client Error: Forbidden for url: https://image.huyajs.com/cover/2a4cb7f84dea5ebd753a04717b80c04a.jpg
2026-10-09 20:59:56,504 - ERROR - 请求失败 (尝试 2/3): 403 Client Error: Forbidden for url: https://image.huyajs.com/cover/2a4cb7f84dea5ebd753a04717b80c04a.jpg
2026-10-09 21:00:01,566 - ERROR - 请求失败 (尝试 3/3): 403 Client Error: Forbidden for url: https://image.huyajs.com/cover/2a4cb7f84dea5ebd753a04717b80c04a.jpg
2026-10-09 21:00:01,567 - ERROR - 封面图片下载失败: 封面图片下载失败
2026-10-09 21:00:05,885 - ERROR - 请求失败 (尝试 1/3): 403 Client Error: Forbidden for url: https://image.huyajs.com/cover/eb5cd76927e1363add49f86da6cab437.jpg
2026-10-09 21:00:10,946 - ERROR - 请求失败 (尝试 2/3): 403 Client Error: Forbidden for url: https://image.huyajs.com/cover/eb5cd76927e1363add49f86da6cab437.jpg
2026-10-09 21:00:16,008 - ERROR - 请求失败 (尝试 3/3): 403 Client Error: Forbidden for url: https://image.huyajs.com/cover/eb5cd76927e1363add49f86da6cab437.jpg
2026-10-09 21:00:16,009 - ERROR - 封面图片下载失败: 封面图片下载失败
2026-10-09 21:00:18,898 - ERROR - 请求失败 (尝试 1/3): 403 Client Error: Forbidden for url: https://image.huyajs.com/cover/86c0642135bc64806f5105547c052fc9.jpg
2026-10-09 21:00:24,104 - ERROR - 请求失败 (尝试 2/3): 403 Client Error: Forbidden for url: https://image.huyajs.com/cover/86c0642135bc64806f5105547c052fc9.jpg
2026-10-09 21:00:29,165 - ERROR - 请求失败 (尝试 3/3): 403 Client Error: Forbidden for url: https://image.huyajs.com/cover/86c0642135bc64806f5105547c052fc9.jpg
2026-10-09 21:00:29,165 - ERROR - 封面图片下载失败: 封面图片下载失败
2026-10-09 21:00:34,305 - ERROR - 请求失败 (尝试 1/3): 403 Client Error: Forbidden for url: https://image.huyajs.com/cover/fbcd2a15a3b6fea360359a1ecadfaf9d.jpg
2026-10-09 21:00:39,419 - ERROR - 请求失败 (尝试 2/3): 403 Client Error: Forbidden for url: https://image.huyajs.com/cover/fbcd2a15a3b6fea360359a1ecadfaf9d.jpg
2026-10-09 21:00:44,481 - ERROR - 请求失败 (尝试 3/3): 403 Client Error: Forbidden for url: https://image.huyajs.com/cover/fbcd2a15a3b6fea360359a1ecadfaf9d.jpg
2026-10-09 21:00:44,482 - ERROR - 封面图片下载失败: 封面图片下载失败
2026-10-09 21:00:49,135 - ERROR - 请求失败 (尝试 1/3): 403 Client Error: Forbidden for url: https://image.huyajs.com/cover/047f25ce6a0ad2031887e573c86a5b1a.jpg
2026-10-09 21:00:54,197 - ERROR - 请求失败 (尝试 2/3): 403 Client Error: Forbidden for url: https://image.huyajs.com/cover/047f25ce6a0ad2031887e573c86a5b1a.jpg
2026-10-09 21:00:59,323 - ERROR - 请求失败 (尝试 3/3): 403 Client Error: Forbidden for url: https://image.huyajs.com/cover/047f25ce6a0ad2031887e573c86a5b1a.jpg
2026-10-09 21:00:59,324 - ERROR - 封面图片下载失败: 封面图片下载失败
2026-10-09 21:01:03,035 - ERROR - 请求失败 (尝试 1/3): 403 Client Error: Forbidden for url: https://image.huyajs.com/cover/0fa31f4000f53c1a80a878e4607dc33c.jpg
2026-10-09 21:01:08,160 - ERROR - 请求失败 (尝试 2/3): 403 Client Error: Forbidden for url: https://image.huyajs.com/cover/0fa31f4000f53c1a80a878e4607dc33c.jpg
2026-10-09 21:01:13,249 - ERROR - 请求失败 (尝试 3/3): 403 Client Error: Forbidden for url: https://image.huyajs.com/cover/0fa31f4000f53c1a80a878e4607dc33c.jpg
2026-10-09 21:01:13,250 - ERROR - 封面图片下载失败: 封面图片下载失败
2026-10-09 21:01:18,219 - ERROR - 请求失败 (尝试 1/3): 403 Client Error: Forbidden for url: https://image.huyajs.com/cover/a2ec2a17cffa0bcb8f676780d1d08910.jpg
2026-10-09 21:01:23,281 - ERROR - 请求失败 (尝试 2/3): 403 Client Error: Forbidden for url: https://image.huyajs.com/cover/a2ec2a17cffa0bcb8f676780d1d08910.jpg
2026-10-09 21:01:28,343 - ERROR - 请求失败 (尝试 3/3): 403 Client Error: Forbidden for url: https://image.huyajs.com/cover/a2ec2a17cffa0bcb8f676780d1d08910.jpg
2026-10-09 21:01:28,344 - ERROR - 封面图片下载失败: 封面图片下载失败
2026-10-09 21:01:32,513 - ERROR - 请求失败 (尝试 1/3): 403 Client Error: Forbidden for url: https://image.huyajs.com/cover/4358b34290de9fb2a4b9a1f99df07be2.jpg
2026-10-09 21:01:37,601 - ERROR - 请求失败 (尝试 2/3): 403 Client Error: Forbidden for url: https://image.huyajs.com/cover/4358b34290de9fb2a4b9a1f99df07be2.jpg
2026-10-09 21:01:42,663 - ERROR - 请求失败 (尝试 3/3): 403 Client Error: Forbidden for url: https://image.huyajs.com/cover/4358b34290de9fb2a4b9a1f99df07be2.jpg
2026-10-09 21:01:42,664 - ERROR - 封面图片下载失败: 封面图片下载失败
2026-10-09 21:01:45,780 - ERROR - 请求失败 (尝试 1/3): 403 Client Error: Forbidden for url: https://image.huyajs.com/cover/97a5ec114ef6e396d85595fef1e56e3a.jpg
2026-10-09 21:01:50,841 - ERROR - 请求失败 (尝试 2/3): 403 Client Error: Forbidden for url: https://image.huyajs.com/cover/97a5ec114ef6e396d85595fef1e56e3a.jpg
2026-10-09 21:01:55,903 - ERROR - 请求失败 (尝试 3/3): 403 Client Error: Forbidden for url: https://image.huyajs.com/cover/97a5ec114ef6e396d85595fef1e56e3a.jpg
2026-10-09 21:01:55,904 - ERROR - 封面图片下载失败: 封面图片下载失败
2026-10-09 21:02:00,839 - ERROR - 请求失败 (尝试 1/3): 403 Client Error: Forbidden for url: https://image.huyajs.com/cover/f8dca9e824c5476762c6acf77aaaecec.jpg
2026-10-09 21:02:05,902 - ERROR - 请求失败 (尝试 2/3): 403 Client Error: Forbidden for url: https://image.huyajs.com/cover/f8dca9e824c5476762c6acf77aaaecec.jpg
2026-10-09 21:02:11,096 - ERROR - 请求失败 (尝试 3/3): 403 Client Error: Forbidden for url: https://image.huyajs.com/cover/f8dca9e824c5476762c6acf77aaaecec.jpg
2026-10-09 21:02:11,096 - ERROR - 封面图片下载失败: 封面图片下载失败
2026-10-09 21:02:14,185 - ERROR - 请求失败 (尝试 1/3): 403 Client Error: Forbidden for url: https://image.huyajs.com/cover/92174236e84f0711923e9fad5e5a7dbf.jpg
2026-10-09 21:02:19,247 - ERROR - 请求失败 (尝试 2/3): 403 Client Error: Forbidden for url: https://image.huyajs.com/cover/92174236e84f0711923e9fad5e5a7dbf.jpg
2026-10-09 21:02:24,400 - ERROR - 请求失败 (尝试 3/3): 403 Client Error: Forbidden for url: https://image.huyajs.com/cover/92174236e84f0711923e9fad5e5a7dbf.jpg
2026-10-09 21:02:24,401 - ERROR - 封面图片下载失败: 封面图片下载失败
2026-10-09 21:02:28,992 - ERROR - 请求失败 (尝试 1/3): 403 Client Error: Forbidden for url: https://image.huyajs.com/cover/e3354b083f03a9ceb5e01813104be277.jpg
2026-10-09 21:02:34,055 - ERROR - 请求失败 (尝试 2/3): 403 Client Error: Forbidden for url: https://image.huyajs.com/cover/e3354b083f03a9ceb5e01813104be277.jpg
2026-10-09 21:02:39,117 - ERROR - 请求失败 (尝试 3/3): 403 Client Error: Forbidden for url: https://image.huyajs.com/cover/e3354b083f03a9ceb5e01813104be277.jpg
2026-10-09 21:02:39,118 - ERROR - 封面图片下载失败: 封面图片下载失败
2026-10-09 21:02:43,513 - ERROR - 请求失败 (尝试 1/3): 403 Client Error: Forbidden for url: https://image.huyajs.com/cover/bc546801ff7ef8532c95880bb285f5e6.jpg
2026-10-09 21:02:48,600 - ERROR - 请求失败 (尝试 2/3): 403 Client Error: Forbidden for url: https://image.huyajs.com/cover/bc546801ff7ef8532c95880bb285f5e6.jpg
2026-10-09 21:02:53,663 - ERROR - 请求失败 (尝试 3/3): 403 Client Error: Forbidden for url: https://image.huyajs.com/cover/bc546801ff7ef8532c95880bb285f5e6.jpg
2026-10-09 21:02:53,664 - ERROR - 封面图片下载失败: 封面图片下载失败
2026-10-09 21:02:56,917 - ERROR - 请求失败 (尝试 1/3): 403 Client Error: Forbidden for url: https://image.huyajs.com/cover/238cded6b2966171e52be1ee183fb684.jpg
2026-10-09 21:03:01,979 - ERROR - 请求失败 (尝试 2/3): 403 Client Error: Forbidden for url: https://image.huyajs.com/cover/238cded6b2966171e52be1ee183fb684.jpg
2026-10-09 21:03:07,040 - ERROR - 请求失败 (尝试 3/3): 403 Client Error: Forbidden for url: https://image.huyajs.com/cover/238cded6b2966171e52be1ee183fb684.jpg
2026-10-09 21:03:07,041 - ERROR - 封面图片下载失败: 封面图片下载失败
2026-10-09 21:03:10,536 - ERROR - 请求失败 (尝试 1/3): 403 Client Error: Forbidden for url: https://image.huyajs.com/cover/6b68749e7c77847afa55dd65082ab603.jpg
2026-10-09 21:03:15,597 - ERROR - 请求失败 (尝试 2/3): 403 Client Error: Forbidden for url: https://image.huyajs.com/cover/6b68749e7c77847afa55dd65082ab603.jpg
2026-10-09 21:03:20,659 - ERROR - 请求失败 (尝试 3/3): 403 Client Error: Forbidden for url: https://image.huyajs.com/cover/6b68749e7c77847afa55dd65082ab603.jpg
2026-10-09 21:03:20,659 - ERROR - 封面图片下载失败: 封面图片下载失败
2026-10-09 21:03:24,271 - ERROR - 请求失败 (尝试 1/3): 403 Client Error: Forbidden for url: https://image.huyajs.com/cover/809837deab4565d26b7fa6ddc5068f9d.jpg
2026-10-09 21:03:29,332 - ERROR - 请求失败 (尝试 2/3): 403 Client Error: Forbidden for url: https://image.huyajs.com/cover/809837deab4565d26b7fa6ddc5068f9d.jpg
2026-10-09 21:03:34,479 - ERROR - 请求失败 (尝试 3/3): 403 Client Error: Forbidden for url: https://image.huyajs.com/cover/809837deab4565d26b7fa6ddc5068f9d.jpg
2026-10-09 21:03:34,480 - ERROR - 封面图片下载失败: 封面图片下载失败
2026-10-09 21:03:39,650 - ERROR - 请求失败 (尝试 1/3): 403 Client Error: Forbidden for url: https://image.huyajs.com/cover/76069877da8f1384cce3ca8826982c1a.jpg
2026-10-09 21:03:44,712 - ERROR - 请求失败 (尝试 2/3): 403 Client Error: Forbidden for url: https://image.huyajs.com/cover/76069877da8f1384cce3ca8826982c1a.jpg
2026-10-09 21:03:49,773 - ERROR - 请求失败 (尝试 3/3): 403 Client Error: Forbidden for url: https://image.huyajs.com/cover/76069877da8f1384cce3ca8826982c1a.jpg
2026-10-09 21:03:49,774 - ERROR - 封面图片下载失败: 封面图片下载失败
2026-10-09 21:03:54,317 - ERROR - 请求失败 (尝试 1/3): 403 Client Error: Forbidden for url: https://image.huyajs.com/cover/a85a0d80e9317d708da2b465df357d17.jpg
2026-10-09 21:03:59,381 - ERROR - 请求失败 (尝试 2/3): 403 Client Error: Forbidden for url: https://image.huyajs.com/cover/a85a0d80e9317d708da2b465df357d17.jpg
2026-10-09 21:04:04,552 - ERROR - 请求失败 (尝试 3/3): 403 Client Error: Forbidden for url: https://image.huyajs.com/cover/a85a0d80e9317d708da2b465df357d17.jpg
2026-10-09 21:04:04,553 - ERROR - 封面图片下载失败: 封面图片下载失败
2026-10-09 21:04:09,764 - ERROR - 请求失败 (尝试 1/3): 403 Client Error: Forbidden for url: https://image.huyajs.com/cover/1f0815a80baee53ee652513578406913.jpg
2026-10-09 21:04:14,826 - ERROR - 请求失败 (尝试 2/3): 403 Client Error: Forbidden for url: https://image.huyajs.com/cover/1f0815a80baee53ee652513578406913.jpg
2026-10-09 21:04:20,007 - ERROR - 请求失败 (尝试 3/3): 403 Client Error: Forbidden for url: https://image.huyajs.com/cover/1f0815a80baee53ee652513578406913.jpg
2026-10-09 21:04:20,008 - ERROR - 封面图片下载失败: 封面图片下载失败
2026-10-09 21:04:25,326 - ERROR - 请求失败 (尝试 1/3): 403 Client Error: Forbidden for url: https://image.huyajs.com/cover/9dd0d33b1e1dbc93ddfc8f5741738551.jpg
2026-10-09 21:04:30,388 - ERROR - 请求失败 (尝试 2/3): 403 Client Error: Forbidden for url: https://image.huyajs.com/cover/9dd0d33b1e1dbc93ddfc8f5741738551.jpg
2026-10-09 21:04:35,513 - ERROR - 请求失败 (尝试 3/3): 403 Client Error: Forbidden for url: https://image.huyajs.com/cover/9dd0d33b1e1dbc93ddfc8f5741738551.jpg
2026-10-09 21:04:35,514 - ERROR - 封面图片下载失败: 封面图片下载失败
2026-10-09 21:04:40,136 - ERROR - 请求失败 (尝试 1/3): 403 Client Error: Forbidden for url: https://image.huyajs.com/cover/a1536135028167caeafe3505be731b70.jpg
2026-10-09 21:04:45,224 - ERROR - 请求失败 (尝试 2/3): 403 Client Error: Forbidden for url: https://image.huyajs.com/cover/a1536135028167caeafe3505be731b70.jpg
2026-10-09 21:04:50,343 - ERROR - 请求失败 (尝试 3/3): 403 Client Error: Forbidden for url: https://image.huyajs.com/cover/a1536135028167caeafe3505be731b70.jpg
2026-10-09 21:04:50,344 - ERROR - 封面图片下载失败: 封面图片下载失败
2026-10-09 21:04:52,773 - ERROR - 请求失败 (尝试 1/3): 403 Client Error: Forbidden for url: https://image.huyajs.com/cover/9b94b3d315d4b2938610de45b1265f21.jpg
2026-10-09 21:04:57,835 - ERROR - 请求失败 (尝试 2/3): 403 Client Error: Forbidden for url: https://image.huyajs.com/cover/9b94b3d315d4b2938610de45b1265f21.jpg
2026-10-09 21:05:02,924 - ERROR - 请求失败 (尝试 3/3): 403 Client Error: Forbidden for url: https://image.huyajs.com/cover/9b94b3d315d4b2938610de45b1265f21.jpg
2026-10-09 21:05:02,925 - ERROR - 封面图片下载失败: 封面图片下载失败
2026-10-09 21:05:07,216 - ERROR - 请求失败 (尝试 1/3): 403 Client Error: Forbidden for url: https://image.huyajs.com/cover/22ed291fcf6df13dd6af452b9f42f6da.jpg
2026-10-09 21:05:12,334 - ERROR - 请求失败 (尝试 2/3): 403 Client Error: Forbidden for url: https://image.huyajs.com/cover/22ed291fcf6df13dd6af452b9f42f6da.jpg
2026-10-09 21:05:17,577 - ERROR - 请求失败 (尝试 3/3): 403 Client Error: Forbidden for url: https://image.huyajs.com/cover/22ed291fcf6df13dd6af452b9f42f6da.jpg
2026-10-09 21:05:17,578 - ERROR - 封面图片下载失败: 封面图片下载失败
2026-10-09 21:05:22,863 - ERROR - 请求失败 (尝试 1/3): 403 Client Error: Forbidden for url: https://image.huyajs.com/cover/de33d0e72621f0078e22b1372424524d.jpg
2026-10-09 21:05:27,925 - ERROR - 请求失败 (尝试 2/3): 403 Client Error: Forbidden for url: https://image.huyajs.com/cover/de33d0e72621f0078e22b1372424524d.jpg
2026-10-09 21:05:32,986 - ERROR - 请求失败 (尝试 3/3): 403 Client Error: Forbidden for url: https://image.huyajs.com/cover/de33d0e72621f0078e22b1372424524d.jpg
2026-10-09 21:05:32,987 - ERROR - 封面图片下载失败: 封面图片下载失败
2026-10-09 21:05:38,263 - ERROR - 请求失败 (尝试 1/3): 403 Client Error: Forbidden for url: https://image.huyajs.com/cover/893c9483e4e4645d8dd91342c128cdbe.jpg
2026-10-09 21:05:43,325 - ERROR - 请求失败 (尝试 2/3): 403 Client Error: Forbidden for url: https://image.huyajs.com/cover/893c9483e4e4645d8dd91342c128cdbe.jpg
2026-10-09 21:05:48,391 - ERROR - 请求失败 (尝试 3/3): 403 Client Error: Forbidden for url: https://image.huyajs.com/cover/893c9483e4e4645d8dd91342c128cdbe.jpg
2026-10-09 21:05:48,392 - ERROR - 封面图片下载失败: 封面图片下载失败
2026-10-09 21:05:52,862 - ERROR - 请求失败 (尝试 1/3): 403 Client Error: Forbidden for url: https://image.huyajs.com/cover/a9193e1ff21abac55ed78b404789c628.jpg
2026-10-09 21:05:58,084 - ERROR - 请求失败 (尝试 2/3): 403 Client Error: Forbidden for url: https://image.huyajs.com/cover/a9193e1ff21abac55ed78b404789c628.jpg
2026-10-09 21:06:03,145 - ERROR - 请求失败 (尝试 3/3): 403 Client Error: Forbidden for url: https://image.huyajs.com/cover/a9193e1ff21abac55ed78b404789c628.jpg
2026-10-09 21:06:03,146 - ERROR - 封面图片下载失败: 封面图片下载失败
2026-10-09 21:06:06,689 - ERROR - 请求失败 (尝试 1/3): 403 Client Error: Forbidden for url: https://image.huyajs.com/cover/fab55811525be3d6e53a950bf168117b.jpg
2026-10-09 21:06:11,752 - ERROR - 请求失败 (尝试 2/3): 403 Client Error: Forbidden for url: https://image.huyajs.com/cover/fab55811525be3d6e53a950bf168117b.jpg
2026-10-09 21:06:16,812 - ERROR - 请求失败 (尝试 3/3): 403 Client Error: Forbidden for url: https://image.huyajs.com/cover/fab55811525be3d6e53a950bf168117b.jpg
2026-10-09 21:06:16,813 - ERROR - 封面图片下载失败: 封面图片下载失败
2026-10-09 21:06:19,697 - ERROR - 请求失败 (尝试 1/3): 403 Client Error: Forbidden for url: https://image.huyajs.com/cover/5c4120cbfef514000c734bda5820290c.jpg
2026-10-09 21:06:24,785 - ERROR - 请求失败 (尝试 2/3): 403 Client Error: Forbidden for url: https://image.huyajs.com/cover/5c4120cbfef514000c734bda5820290c.jpg
2026-10-09 21:06:29,845 - ERROR - 请求失败 (尝试 3/3): 403 Client Error: Forbidden for url: https://image.huyajs.com/cover/5c4120cbfef514000c734bda5820290c.jpg
2026-10-09 21:06:29,845 - ERROR - 封面图片下载失败: 封面图片下载失败
2026-10-09 21:06:34,196 - ERROR - 请求失败 (尝试 1/3): 403 Client Error: Forbidden for url: https://image.huyajs.com/cover/a5db9511167ff953ebd55f453004abc8.jpg
2026-10-09 21:06:39,259 - ERROR - 请求失败 (尝试 2/3): 403 Client Error: Forbidden for url: https://image.huyajs.com/cover/a5db9511167ff953ebd55f453004abc8.jpg
2026-10-09 21:06:44,407 - ERROR - 请求失败 (尝试 3/3): 403 Client Error: Forbidden for url: https://image.huyajs.com/cover/a5db9511167ff953ebd55f453004abc8.jpg
2026-10-09 21:06:44,407 - ERROR - 封面图片下载失败: 封面图片下载失败
2026-10-09 21:06:48,848 - ERROR - 请求失败 (尝试 1/3): 403 Client Error: Forbidden for url: https://image.huyajs.com/cover/2f49a8356e755a4c57432fdac4a3030b.jpg
2026-10-09 21:06:53,908 - ERROR - 请求失败 (尝试 2/3): 403 Client Error: Forbidden for url: https://image.huyajs.com/cover/2f49a8356e755a4c57432fdac4a3030b.jpg
2026-10-09 21:06:58,969 - ERROR - 请求失败 (尝试 3/3): 403 Client Error: Forbidden for url: https://image.huyajs.com/cover/2f49a8356e755a4c57432fdac4a3030b.jpg
2026-10-09 21:06:58,970 - ERROR - 封面图片下载失败: 封面图片下载失败
2026-10-09 21:07:02,181 - ERROR - 请求失败 (尝试 1/3): 403 Client Error: Forbidden for url: https://image.huyajs.com/cover/6834356a80c942d4cae1eda95221cb81.jpg
2026-10-09 21:07:07,243 - ERROR - 请求失败 (尝试 2/3): 403 Client Error: Forbidden for url: https://image.huyajs.com/cover/6834356a80c942d4cae1eda95221cb81.jpg
2026-10-09 21:07:12,304 - ERROR - 请求失败 (尝试 3/3): 403 Client Error: Forbidden for url: https://image.huyajs.com/cover/6834356a80c942d4cae1eda95221cb81.jpg
2026-10-09 21:07:12,305 - ERROR - 封面图片下载失败: 封面图片下载失败
2026-10-09 21:07:15,816 - ERROR - 请求失败 (尝试 1/3): 403 Client Error: Forbidden for url: https://image.huyajs.com/cover/5001f2c4e496cc9e47756e398b4b33c0.jpg
2026-10-09 21:07:20,877 - ERROR - 请求失败 (尝试 2/3): 403 Client Error: Forbidden for url: https://image.huyajs.com/cover/5001f2c4e496cc9e47756e398b4b33c0.jpg
2026-10-09 21:07:25,939 - ERROR - 请求失败 (尝试 3/3): 403 Client Error: Forbidden for url: https://image.huyajs.com/cover/5001f2c4e496cc9e47756e398b4b33c0.jpg
2026-10-09 21:07:25,940 - ERROR - 封面图片下载失败: 封面图片下载失败
